id,company,title,season,season_inferred,seasons,program,remote,category,location,sponsorship,h1b_approvals,salary,skills,posted_at,posted_at_source,first_seen_at,url
oracle:ebxs.fa.us2.oraclecloud.com:309935,Michael Baker International,Mechanical Engineering Intern,Not stated,True,,Internship,,Design & CAD,"Baltimore, MD, United States",unknown,42,$20–$25/hr,Revit,2026-09-25,date_only,2026-09-25T14:40:22Z,https://ebxs.fa.us2.oraclecloud.com/hcmUI/CandidateExperience/en/sites/CX_2/job/309935
oracle:hdhl.fa.us6.oraclecloud.com:1008000,Stantec,Renewable Energy Civil Intern (Summer 2027),Summer 2027,False,,Internship,,Energy & Power,"Chicago, IL, United States",unknown,,,AutoCAD; Excel,2026-09-25,date_only,2026-09-25T15:07:58Z,https://hdhl.fa.us6.oraclecloud.com/hcmUI/CandidateExperience/en/sites/CX_1/job/1008000
oracle:hdhl.fa.us6.oraclecloud.com:1008002,Stantec,Renewable Energy Civil Intern (Summer 2027),Summer 2027,False,,Internship,,Energy & Power,"Minneapolis, MN, United States",unknown,,,AutoCAD; Excel,2026-09-25,date_only,2026-09-25T15:07:58Z,https://hdhl.fa.us6.oraclecloud.com/hcmUI/CandidateExperience/en/sites/CX_1/job/1008002
smartrecruiters:BoschGroup:744000151861019,Bosch,"High Performance Vehicle Calibration Co-op, Kettering University - Section B",Not stated,True,,Co-op,,Automotive & Mobility,"Farmington Hills, MI, United States",unknown,188,,,2026-09-25T13:50:23.712Z,exact,2026-09-25T14:07:27Z,https://jobs.smartrecruiters.com/BoschGroup/744000151861019
workday:regalrexnord:/job/Florence-Kentucky-United-States/Manufacturing-Supply-Chain-Co-Op_R26_05084,Regal Rexnord,Manufacturing Supply Chain Co-Op,Not stated,True,,Co-op,,Manufacturing & Process,"Florence, Kentucky, United States",unknown,38,,,2026-09-25T00:00:00Z,date_only,2026-09-25T12:44:53Z,https://regalrexnord.wd1.myworkdayjobs.com/careers/job/Florence-Kentucky-United-States/Manufacturing-Supply-Chain-Co-Op_R26_05084
workday:saabusa:/job/Quincy-MA/Mechanical-Engineering-Co-Op--Summer-2027-_R-03296-1,Saab,Mechanical Engineering Co-Op (Summer 2027),Summer 2027,False,,Co-op,,Design & CAD,"Quincy, MA",citizens-only,,$24.32–$26.76/hr,SolidWorks; GD&T; Tolerance Analysis; PLM/PDM; ASME Y14.5,2026-09-25T00:00:00Z,date_only,2026-09-25T13:09:24Z,https://saabusa.wd1.myworkdayjobs.com/saab_careers/job/Quincy-MA/Mechanical-Engineering-Co-Op--Summer-2027-_R-03296-1
oracle:emit.fa.ca3.oraclecloud.com:95871,WSP,Mechanical Engineering (Transmission) Intern - Summer 2027,Summer 2027,False,,Internship,,Automotive & Mobility,"Portland, OR, United States",unknown,,,,2026-09-25,date_only,2026-09-25T15:40:49Z,https://emit.fa.ca3.oraclecloud.com/hcmUI/CandidateExperience/en/sites/CX_2001/job/95871
workday:leidos:/job/Albuquerque-NM/Mechanical-Engineering-Intern_R-00193159,Leidos,Mechanical Engineering Intern,Not stated,True,,Internship,,Design & CAD,"Albuquerque, NM",citizens-only,79,,SolidWorks; MATLAB; LabVIEW; Excel,2026-09-25T00:00:00Z,date_only,2026-09-25T15:40:49Z,https://leidos.wd5.myworkdayjobs.com/External/job/Albuquerque-NM/Mechanical-Engineering-Intern_R-00193159
ashby:cowboyspace:b36deadb-2326-4676-86b7-157835a91eaa,Cowboy Space,Avionics Intern,Not stated,True,,Internship,,Aerospace & Defense,"San Carlos, CA or Seattle, WA",citizens-only,,,SolidWorks; Creo; Fusion 360; MATLAB; Python,2026-09-24T23:55:44.856+00:00,exact,2026-09-25T00:42:07Z,https://jobs.ashbyhq.com/cowboyspace/b36deadb-2326-4676-86b7-157835a91eaa
greenhouse:aevexaerospace:5415815008,Aevex Aerospace,Robotics Engineering Co-op,Not stated,True,,Co-op,,Robotics & Controls,"Tampa, Florida, United States",citizens-only,,,Python; C++; ROS,2026-09-24T19:20:41-04:00,exact,2026-09-24T23:58:10Z,https://job-boards.greenhouse.io/aevexaerospace/jobs/5415815008
greenhouse:hevenaerotech:4410446009,Heven AeroTech,Manufacturing Intern,Not stated,True,,Internship,,Manufacturing & Process,"Winchester, Virginia",citizens-only,,,Machining; Six Sigma; Lean,2026-09-24T10:55:18-04:00,exact,2026-09-25T09:40:06Z,https://job-boards.greenhouse.io/hevenaerotech/jobs/4410446009
greenhouse:mill:4737767005,Mill,"Product Design Engineering Intern, Summer 2027",Summer 2027,False,,Internship,,Design & CAD,"San Bruno, California",no-sponsorship,2,,FEA; DFM,2026-09-24T12:52:47-04:00,exact,2026-09-24T17:06:05Z,https://job-boards.greenhouse.io/mill/jobs/4737767005
greenhouse:rocketlab:8003529003,Rocket Lab,Test Engineering Intern Summer 2027,Summer 2027,False,,Internship,,Test & Quality,"Wallops Island, VA",citizens-only,,,Siemens NX; Python; Additive Manufacturing,2026-09-24T18:59:38-04:00,exact,2026-09-24T23:36:16Z,https://job-boards.greenhouse.io/rocketlab/jobs/8003529003
oracle:ebxs.fa.us2.oraclecloud.com:309936,Michael Baker International,Mechanical Engineering Intern,Not stated,True,,Internship,,Design & CAD,"Salt Lake City, UT, United States; Denver, CO, United States; Lakewood, CO, United States; Idaho Falls, ID, United States",unknown,42,$20–$25/hr,Revit,2026-09-24,date_only,2026-09-24T17:06:05Z,https://ebxs.fa.us2.oraclecloud.com/hcmUI/CandidateExperience/en/sites/CX_2/job/309936
oracle:fa-espx-saasfaprod1.fa.ocs.oraclecloud.com:2437740,Cummins,Thermal and Fluid Sciences Engineering - Internship Positions,Not stated,True,,Internship,,Thermal & Fluids,"Columbus, IN, United States",unknown,917,,ANSYS; CFD; MATLAB; Simulink,2026-09-24,date_only,2026-09-24T17:06:05Z,https://fa-espx-saasfaprod1.fa.ocs.oraclecloud.com/hcmUI/CandidateExperience/en/sites/CX_1/job/2437740
oracle:fa-espx-saasfaprod1.fa.ocs.oraclecloud.com:2437752,Cummins,Thermal and Fluid Sciences Engineering Co-Op Positions,Not stated,True,,Co-op,,Thermal & Fluids,"Columbus, IN, United States",unknown,917,,ANSYS; CFD; MATLAB; Simulink,2026-09-24,date_only,2026-09-24T18:41:50Z,https://fa-espx-saasfaprod1.fa.ocs.oraclecloud.com/hcmUI/CandidateExperience/en/sites/CX_1/job/2437752
oracle:hdhl.fa.us6.oraclecloud.com:1007966,Stantec,Mechanical Engineering Intern - Buildings (Summer 2027),Summer 2027,False,,Internship,,Design & CAD,"Chicago, IL, United States",unknown,,,AutoCAD; Revit,2026-09-24,date_only,2026-09-24T21:06:25Z,https://hdhl.fa.us6.oraclecloud.com/hcmUI/CandidateExperience/en/sites/CX_1/job/1007966
workday:globalhr:/job/US-IA-CEDAR-RAPIDS-105--400-Collins-Rd-NE--BLDG-105/Advanced-Manufacturing-Engineering-Co-Op--Spring-Summer-2027-_01874253,RTX,Advanced Manufacturing Engineering Co-Op (Spring/Summer 2027),Summer 2027,False,,Co-op,,Manufacturing & Process,US-IA-CEDAR RAPIDS-105 ~ 400 Collins Rd NE ~ BLDG 105,citizens-only,,,SolidWorks; Siemens NX; MATLAB; LabVIEW; PLC; Lean,2026-09-24T00:00:00Z,date_only,2026-09-24T17:06:05Z,https://globalhr.wd5.myworkdayjobs.com/rec_rtx_ext_gateway/job/US-IA-CEDAR-RAPIDS-105--400-Collins-Rd-NE--BLDG-105/Advanced-Manufacturing-Engineering-Co-Op--Spring-Summer-2027-_01874253
workday:globalhr:/job/US-IA-CEDAR-RAPIDS-105--400-Collins-Rd-NE--BLDG-105/Advanced-Manufacturing-Engineering-Co-Op--Summer-Fall-2027-_01874261,RTX,Advanced Manufacturing Engineering Co-Op (Summer/Fall 2027),Summer 2027,False,,Co-op,,Manufacturing & Process,US-IA-CEDAR RAPIDS-105 ~ 400 Collins Rd NE ~ BLDG 105,citizens-only,,,SolidWorks; Siemens NX; MATLAB; LabVIEW; PLC; Lean,2026-09-24T00:00:00Z,date_only,2026-09-24T17:06:05Z,https://globalhr.wd5.myworkdayjobs.com/rec_rtx_ext_gateway/job/US-IA-CEDAR-RAPIDS-105--400-Collins-Rd-NE--BLDG-105/Advanced-Manufacturing-Engineering-Co-Op--Summer-Fall-2027-_01874261
workday:ngc:/job/United-States-Florida-Melbourne/XMLNAME-2027-Operations-Industrial-Engineering-Intern_R10253047,Northrop Grumman,2027 Operations Industrial Engineering Intern,Summer 2027,False,,Internship,,Manufacturing & Process,United States-Florida-Melbourne,citizens-only,,$18.5–$33.5/hr,,2026-09-24T00:00:00Z,date_only,2026-09-24T23:58:10Z,https://ngc.wd1.myworkdayjobs.com/Northrop_Grumman_External_Site/job/United-States-Florida-Melbourne/XMLNAME-2027-Operations-Industrial-Engineering-Intern_R10253047
workday:ttc:/job/Bloomington-MN/Mechanical-Engineer-Intern---The-Toro-Company_JR17112,The Toro Company,Mechanical Engineer Intern - The Toro Company,Summer 2027,False,,Internship,,Design & CAD,"Bloomington, MN",no-sponsorship,2,,,2026-09-24T00:00:00Z,date_only,2026-09-24T17:39:19Z,https://ttc.wd1.myworkdayjobs.com/Toro_External_Careers/job/Bloomington-MN/Mechanical-Engineer-Intern---The-Toro-Company_JR17112
workday:ttc:/job/Iron-Mountain-MI/Mechanical-Engineer-Co-Op---BOSS-Snowplow_JR17160,The Toro Company,Mechanical Engineer Co Op - BOSS Snowplow,Not stated,True,,Co-op,,Design & CAD,"Iron Mountain, MI",unknown,2,,Creo; Excel; Welding; Hydraulics; Lean,2026-09-24T00:00:00Z,date_only,2026-09-24T13:40:16Z,https://ttc.wd1.myworkdayjobs.com/Toro_External_Careers/job/Iron-Mountain-MI/Mechanical-Engineer-Co-Op---BOSS-Snowplow_JR17160
workday:zoll:/job/Chelmsford-MA/Mechanical-Engineering-Intern_R20310,ZOLL Medical Corporation,Mechanical Engineering Intern,Summer 2027,False,,Internship,,Design & CAD,"Chelmsford, MA",unknown,8,,SolidWorks,2026-09-24T00:00:00Z,date_only,2026-09-24T15:11:28Z,https://zoll.wd5.myworkdayjobs.com/ZOLLMedicalCorp/job/Chelmsford-MA/Mechanical-Engineering-Intern_R20310
greenhouse:graphcore:8841920002,Graphcore,Mechanical Engineering Intern,Not stated,True,,Internship,,Design & CAD,"Austin, Texas, United States",unknown,,,Creo,2026-09-23T19:34:26-04:00,exact,2026-09-24T00:01:31Z,https://job-boards.greenhouse.io/graphcore/jobs/8841920002
oracle:emit.fa.ca3.oraclecloud.com:95670,WSP,Construction Materials Engineering and Laboratory Testing Intern - Summer 2027,Summer 2027,False,,Internship,,Structures & Materials,"San Diego, CA, United States",unknown,,,,2026-09-23,date_only,2026-09-23T19:07:05Z,https://emit.fa.ca3.oraclecloud.com/hcmUI/CandidateExperience/en/sites/CX_2001/job/95670
smartrecruiters:AECOM2:744000151381599,AECOM,"Structural Engineering Intern - Networking Event with AECOM – Boston, MA",Summer 2027,False,,Internship,,Structures & Materials,"Boston, MA, United States (Hybrid)",no-sponsorship,,,AutoCAD; Excel,2026-09-23T13:19:18.325Z,exact,2026-09-23T13:40:52Z,https://jobs.smartrecruiters.com/AECOM2/744000151381599
smartrecruiters:AECOM2:744000151439229,AECOM,Structural Engineering Intern - Hiring Event with AECOM - Philadelphia,Not stated,True,,Internship,,Structures & Materials,"Philadelphia, PA, United States (Hybrid)",unknown,,,AutoCAD; Revit; Excel,2026-09-23T17:13:03.117Z,exact,2026-09-23T17:37:20Z,https://jobs.smartrecruiters.com/AECOM2/744000151439229
smartrecruiters:Continental:744000151462939,Continental,2027 Internship - Manufacturing Engineer (Hoosier Racing Tire),Summer 2027,False,,Internship,,Manufacturing & Process,"Plymouth, IN, United States",unknown,,,,2026-09-23T20:01:27.656Z,exact,2026-09-23T20:38:39Z,https://jobs.smartrecruiters.com/Continental/744000151462939
smartrecruiters:Keenfinity:744000151397415,Keenfinity,Electrical Test Engineering Co-Op,Not stated,True,,Co-op,,Test & Quality,"Fairport, NY, United States (Hybrid)",unknown,,$25–$26/hr,LabVIEW,2026-09-23T14:15:18.926Z,exact,2026-09-23T14:40:06Z,https://jobs.smartrecruiters.com/Keenfinity/744000151397415
workday:aero:/job/El-Segundo-CA/XMLNAME-2027-Chemical-Propulsion-Graduate-Intern_R016672,The Aerospace Corporation,2027 Chemical Propulsion Graduate Intern,Summer 2027,False,,Internship,,Aerospace & Defense,"El Segundo, CA",citizens-only,,,SolidWorks; MATLAB; Python; LabVIEW; PLC,2026-09-23T00:00:00Z,date_only,2026-09-23T21:01:54Z,https://aero.wd5.myworkdayjobs.com/external/job/El-Segundo-CA/XMLNAME-2027-Chemical-Propulsion-Graduate-Intern_R016672
workday:aero:/job/El-Segundo-CA/XMLNAME-2027-Flight-Loads-Structural-Dynamics-Undergraduate-Intern_R016671,The Aerospace Corporation,2027 Flight Loads Structural Dynamics Undergraduate Intern,Summer 2027,False,,Internship,,Structures & Materials,"El Segundo, CA",citizens-only,,,FEA; MATLAB; Python; Excel,2026-09-23T00:00:00Z,date_only,2026-09-23T21:01:54Z,https://aero.wd5.myworkdayjobs.com/external/job/El-Segundo-CA/XMLNAME-2027-Flight-Loads-Structural-Dynamics-Undergraduate-Intern_R016671
workday:aero:/job/El-Segundo-CA/XMLNAME-2027-Structural-Dynamics-Undergraduate-Intern_R016668,The Aerospace Corporation,2027 Structural Dynamics Undergraduate Intern,Summer 2027,False,,Internship,,Structures & Materials,"El Segundo, CA",citizens-only,,,FEA; MATLAB; Python,2026-09-23T00:00:00Z,date_only,2026-09-23T21:01:54Z,https://aero.wd5.myworkdayjobs.com/external/job/El-Segundo-CA/XMLNAME-2027-Structural-Dynamics-Undergraduate-Intern_R016668
workday:amgen:/job/US---California---Thousand-Oaks/Undergrad-Co-op---MCS-Manufacturing-Associate_R-256774,Amgen,Undergrad Co-op – MCS Manufacturing Associate,Not stated,True,,Co-op,,Manufacturing & Process,US - California - Thousand Oaks,unknown,768,$28.87/hr,,2026-09-23T00:00:00Z,date_only,2026-09-24T17:06:05Z,https://amgen.wd1.myworkdayjobs.com/careers/job/US---California---Thousand-Oaks/Undergrad-Co-op---MCS-Manufacturing-Associate_R-256774
workday:generac:/job/Waukesha-WI---USA/Mechanical-Engineering-Intern---Transfer-Switch---Summer-2027_JR17048,Generac,Mechanical Engineering Intern - Transfer Switch - Summer 2027,Summer 2027,False,,Internship,,Design & CAD,"Waukesha, WI - USA",unknown,,,AutoCAD; Excel,2026-09-23T00:00:00Z,date_only,2026-09-23T16:39:59Z,https://generac.wd5.myworkdayjobs.com/external/job/Waukesha-WI---USA/Mechanical-Engineering-Intern---Transfer-Switch---Summer-2027_JR17048
workday:greenheckgroup:/job/Schofield-WI/Machine-Design-and-Controls-Engineering-Co-op_JR104723,Greenheck Group,Machine Design and Controls Engineering Co-op,Not stated,True,,Co-op,,Design & CAD,"Schofield, WI",unknown,,$22/hr,Excel,2026-09-23T00:00:00Z,date_only,2026-09-23T22:35:18Z,https://greenheckgroup.wd5.myworkdayjobs.com/external/job/Schofield-WI/Machine-Design-and-Controls-Engineering-Co-op_JR104723
workday:jabil:/job/Clinton-MA/CNC-Operator---Co-op_J2465948,Jabil,CNC Operator - Co-op,Not stated,True,,Co-op,,Manufacturing & Process,"Clinton, MA",unknown,69,,CNC; Machining; Injection Molding,2026-09-23T00:00:00Z,date_only,2026-09-23T21:01:54Z,https://jabil.wd5.myworkdayjobs.com/Jabil_Careers/job/Clinton-MA/CNC-Operator---Co-op_J2465948
workday:jj:/job/Danvers-Massachusetts-United-States-of-America/AIC-Systems-Test-Engineering-Co-Op_R-099094,Johnson & Johnson,AIC Systems Test Engineering Co-Op,Not stated,True,,Co-op,,Test & Quality,"Danvers, Massachusetts, United States of America",no-sponsorship,8,$23.5/hr,SolidWorks,2026-09-23T00:00:00Z,date_only,2026-09-23T22:35:18Z,https://jj.wd5.myworkdayjobs.com/JJ/job/Danvers-Massachusetts-United-States-of-America/AIC-Systems-Test-Engineering-Co-Op_R-099094
workday:jj:/job/Danvers-Massachusetts-United-States-of-America/Impella-Pump-Systems-Test-Engineering-Co-Op_R-099097,Johnson & Johnson,Impella Pump Systems Test Engineering Co-Op,Not stated,True,,Co-op,,Test & Quality,"Danvers, Massachusetts, United States of America",no-sponsorship,8,$23.5/hr,SolidWorks,2026-09-23T00:00:00Z,date_only,2026-09-23T23:02:30Z,https://jj.wd5.myworkdayjobs.com/JJ/job/Danvers-Massachusetts-United-States-of-America/Impella-Pump-Systems-Test-Engineering-Co-Op_R-099097
workday:jj:/job/Milpitas-California-United-States-of-America/Manufacturing-Engineering-Co-Op_R-099376,Johnson & Johnson,Manufacturing Engineering Co-Op,Not stated,True,,Co-op,,Manufacturing & Process,"Milpitas, California, United States of America",no-sponsorship,8,$27/hr,SolidWorks; Creo; AutoCAD; MATLAB; Python; Excel; Six Sigma; Lean,2026-09-23T00:00:00Z,date_only,2026-09-23T14:40:06Z,https://jj.wd5.myworkdayjobs.com/JJ/job/Milpitas-California-United-States-of-America/Manufacturing-Engineering-Co-Op_R-099376
workday:jj:/job/Santa-Clara-California-United-States-of-America/Automation---Robotics-Engineering-Spring-Co-op_R-093526,Johnson & Johnson,Automation & Robotics Engineering Spring Co-op,Not stated,True,,Co-op,,Robotics & Controls,"Santa Clara, California, United States of America",no-sponsorship,8,$27/hr,MATLAB; Python; C++; ROS,2026-09-23T00:00:00Z,date_only,2026-09-23T17:37:20Z,https://jj.wd5.myworkdayjobs.com/JJ/job/Santa-Clara-California-United-States-of-America/Automation---Robotics-Engineering-Spring-Co-op_R-093526
workday:leidos:/job/Huntsville-AL/Lunar-Terrain-Vehicle---Engineering-Intern_R-00192848,Leidos,Lunar Terrain Vehicle – Engineering Intern,Not stated,True,,Internship,,Automotive & Mobility,"Huntsville, AL",citizens-only,79,,SolidWorks; Creo; Excel,2026-09-23T00:00:00Z,date_only,2026-09-23T17:04:16Z,https://leidos.wd5.myworkdayjobs.com/External/job/Huntsville-AL/Lunar-Terrain-Vehicle---Engineering-Intern_R-00192848
workday:marvell:/job/Chandler-AZ/Security-Verification-Validation-Engineer-Intern--BS---Summer-2027_2604148-1,Marvell,"Security Verification/Validation Engineer Intern, BS - Summer 2027",Summer 2027,False,,Internship,,Test & Quality,"Chandler, AZ",unknown,,,,2026-09-23T00:00:00Z,date_only,2026-09-23T14:06:36Z,https://marvell.wd1.myworkdayjobs.com/MarvellCareers/job/Chandler-AZ/Security-Verification-Validation-Engineer-Intern--BS---Summer-2027_2604148-1
workday:micron:/job/Boise-ID---ID1/INTERN--ID1-Process-Engineer_JR112379,Micron Technology,INTERN- ID1 Process Engineer,Not stated,True,,Internship,,Manufacturing & Process,"Boise, ID - ID1",unknown,489,,MATLAB; Python; SPC; Design of Experiments,2026-09-23T00:00:00Z,date_only,2026-09-23T13:40:52Z,https://micron.wd1.myworkdayjobs.com/External/job/Boise-ID---ID1/INTERN--ID1-Process-Engineer_JR112379
workday:micron:/job/Boise-ID---ID1/INTERN--ID1-Process-Engineer_JR112383,Micron Technology,INTERN- ID1 Process Engineer,Not stated,True,,Internship,,Manufacturing & Process,"Boise, ID - ID1",unknown,489,,MATLAB; Python; SPC; Design of Experiments,2026-09-23T00:00:00Z,date_only,2026-09-23T13:40:52Z,https://micron.wd1.myworkdayjobs.com/External/job/Boise-ID---ID1/INTERN--ID1-Process-Engineer_JR112383
workday:micron:/job/Boise-ID---ID1/Intern---ID1-Manufacturing-Engineer_JR113287,Micron Technology,Intern - ID1 Manufacturing Engineer,Not stated,True,,Internship,,Manufacturing & Process,"Boise, ID - ID1",unknown,489,,MATLAB; Python; Excel; SPC,2026-09-23T00:00:00Z,date_only,2026-09-23T14:40:06Z,https://micron.wd1.myworkdayjobs.com/External/job/Boise-ID---ID1/Intern---ID1-Manufacturing-Engineer_JR113287
workday:micron:/job/Boise-ID---ID1/Intern---ID1-Process-Engineer_JR113284,Micron Technology,Intern - ID1 Process Engineer,Not stated,True,,Internship,,Manufacturing & Process,"Boise, ID - ID1",unknown,489,,MATLAB; Python; SPC; Design of Experiments,2026-09-23T00:00:00Z,date_only,2026-09-23T14:40:06Z,https://micron.wd1.myworkdayjobs.com/External/job/Boise-ID---ID1/Intern---ID1-Process-Engineer_JR113284
workday:micron:/job/Richardson-TX/Intern-Design-Engineer---HIG-HBM_JR112516,Micron Technology,Intern Design Engineer - HIG HBM,Not stated,True,,Internship,,Design & CAD,"Richardson, TX",unknown,489,,Python; C++,2026-09-23T00:00:00Z,date_only,2026-09-23T17:04:16Z,https://micron.wd1.myworkdayjobs.com/External/job/Richardson-TX/Intern-Design-Engineer---HIG-HBM_JR112516
workday:ngc:/job/United-States-California-Woodland-Hills/XMLNAME-2027-Mechanical-Engineer-Intern---Woodland-Hills-CA_R10249483,Northrop Grumman,2027 Mechanical Engineer Intern – Woodland Hills CA,Summer 2027,False,,Internship,,Design & CAD,United States-California-Woodland Hills,citizens-only,,$21.5–$39/hr,SolidWorks; ANSYS; FEA; MATLAB; Simulink; CNC; Machining; Additive Manufacturing,2026-09-23T00:00:00Z,date_only,2026-09-23T15:06:15Z,https://ngc.wd1.myworkdayjobs.com/Northrop_Grumman_External_Site/job/United-States-California-Woodland-Hills/XMLNAME-2027-Mechanical-Engineer-Intern---Woodland-Hills-CA_R10249483
workday:philips:/job/Reedsville-Pennsylvania-United-States/Co-op-Manufacturing-Engineering-Reedsville--PA--July---December-2027_587808,Philips,"Co-op-Manufacturing Engineering-Reedsville, PA, July - December 2027",Summer 2027,False,,Co-op,,Manufacturing & Process,"Reedsville, Pennsylvania, United States",unknown,,,,2026-09-23T00:00:00Z,date_only,2026-09-23T20:38:39Z,https://philips.wd3.myworkdayjobs.com/jobs-and-careers/job/Reedsville-Pennsylvania-United-States/Co-op-Manufacturing-Engineering-Reedsville--PA--July---December-2027_587808
workday:snc:/job/Hagerstown-MD/Quality-Engineer-I--For-2026-Interns-Only-_R0030583,Sierra Nevada Corporation,Quality Engineer I (For 2026 Interns Only),Fall 2026,False,,Internship,,Test & Quality,"Hagerstown, MD",unknown,,,Six Sigma,2026-09-23T00:00:00Z,date_only,2026-09-23T23:33:34Z,https://snc.wd1.myworkdayjobs.com/snc_external_career_site/job/Hagerstown-MD/Quality-Engineer-I--For-2026-Interns-Only-_R0030583
workday:zekelman:/job/Killeen-TX/Industrial-Engineer---Intern_JR002772,Zekelman Industries,Industrial Engineer - Intern,Summer 2027,False,,Internship,,Manufacturing & Process,"Killeen, TX",unknown,4,,Excel,2026-09-23T00:00:00Z,date_only,2026-09-24T09:36:39Z,https://zekelman.wd12.myworkdayjobs.com/Careers/job/Killeen-TX/Industrial-Engineer---Intern_JR002772
workday:zoll:/job/Chelmsford-MA/Sustaining-Mechanical-Engineer-Intern_R20313,ZOLL Medical Corporation,Sustaining Mechanical Engineer Intern,Not stated,True,,Internship,,Design & CAD,"Chelmsford, MA",unknown,8,,SolidWorks,2026-09-23T00:00:00Z,date_only,2026-09-23T11:04:16Z,https://zoll.wd5.myworkdayjobs.com/ZOLLMedicalCorp/job/Chelmsford-MA/Sustaining-Mechanical-Engineer-Intern_R20313
greenhouse:axiscompany:8832086002,Axis Automation,Welding Engineer Intern,Not stated,True,,Internship,,Manufacturing & Process,"Walker, Michigan, United States",unknown,,,Welding; Hydraulics,2026-09-22T15:42:58-04:00,exact,2026-09-22T19:59:20Z,https://job-boards.greenhouse.io/axiscompany/jobs/8832086002
greenhouse:eqtcorporation:5424728008,EQT Corporation,Production Engineering Intern,Not stated,True,,Internship,,Manufacturing & Process,"Canonsburg, PA",unknown,,,,2026-09-22T09:17:34-04:00,exact,2026-09-22T13:40:35Z,https://job-boards.greenhouse.io/eqtcorporation/jobs/5424728008
oracle:hdhl.fa.us6.oraclecloud.com:1007925,Stantec,Civil/Structural Engineering Intern - Water (Summer 2027),Summer 2027,False,,Internship,,Structures & Materials,"Chattanooga, TN, United States",unknown,,,Excel; Hydraulics,2026-09-22,date_only,2026-09-22T20:58:55Z,https://hdhl.fa.us6.oraclecloud.com/hcmUI/CandidateExperience/en/sites/CX_1/job/1007925
smartrecruiters:Keenfinity:744000151117294,Keenfinity,"Engineering Co-Op, Electro-Acoustics",Not stated,True,,Co-op,,Structures & Materials,"Burnsville, MN, United States",unknown,,$25–$27/hr,MATLAB; Simulink; Python; LabVIEW,2026-09-22T19:20:10.123Z,exact,2026-09-22T19:35:58Z,https://jobs.smartrecruiters.com/Keenfinity/744000151117294
workday:aes:/job/US-Indianapolis-IN/Transmission-Engineering-Intern----Summer-2027-_R1064839,AES,Transmission Engineering Intern - (Summer 2027),Summer 2027,False,,Internship,,Automotive & Mobility,"US, Indianapolis, IN",unknown,,,SolidWorks; Excel,2026-09-22T00:00:00Z,date_only,2026-09-22T12:03:02Z,https://aes.wd1.myworkdayjobs.com/AES_US/job/US-Indianapolis-IN/Transmission-Engineering-Intern----Summer-2027-_R1064839
workday:allegion:/job/Colorado-Springs-CO/Summer-Intern---Digital-Manufacturing_JR37704-1,Allegion,Summer Intern - Digital Manufacturing,Not stated,True,,Internship,,Manufacturing & Process,"Colorado Springs, CO",unknown,,$25–$26/hr,C++; PLC,2026-09-22T00:00:00Z,date_only,2026-09-23T00:01:05Z,https://allegion.wd5.myworkdayjobs.com/careers/job/Colorado-Springs-CO/Summer-Intern---Digital-Manufacturing_JR37704-1
workday:amainc:/job/Hampton-VA/Intern--Research-on-CFD-Analysis-with-Hybrid-Mesh-Adaptation-for-High-Speed-Configurations_R-100770,Analytical Mechanics Associates,Intern: Research on CFD Analysis with Hybrid Mesh Adaptation for High-Speed Configurations,Not stated,True,,Internship,,Thermal & Fluids,"Hampton, VA",unknown,4,$25–$27.69/hr,CFD; MATLAB; Python; C++,2026-09-22T00:00:00Z,date_only,2026-09-22T18:01:45Z,https://amainc.wd12.myworkdayjobs.com/ama_careers/job/Hampton-VA/Intern--Research-on-CFD-Analysis-with-Hybrid-Mesh-Adaptation-for-High-Speed-Configurations_R-100770
workday:chartermfg:/job/Charter-Steel---Cleveland-OH/Process-Engineer-Intern--Summer-2027-_R08123,Charter Manufacturing,Process Engineer Intern (Summer 2027),Summer 2027,False,,Internship,,Manufacturing & Process,"Charter Steel - Cleveland, OH",unknown,,,AutoCAD; Excel,2026-09-22T00:00:00Z,date_only,2026-09-22T19:35:58Z,https://chartermfg.wd5.myworkdayjobs.com/Charter_Careers/job/Charter-Steel---Cleveland-OH/Process-Engineer-Intern--Summer-2027-_R08123
workday:cranecompany:/job/Marion-North-Carolina/Process-Engineer-Intern_JR102585,Crane Co.,Process Engineer Intern,Not stated,True,,Internship,,Manufacturing & Process,"Marion, North Carolina",unknown,12,,SolidWorks; AutoCAD; Machining; Six Sigma; Lean; FMEA,2026-09-22T00:00:00Z,date_only,2026-09-22T12:40:55Z,https://cranecompany.wd5.myworkdayjobs.com/Careers/job/Marion-North-Carolina/Process-Engineer-Intern_JR102585
workday:creationtech:/job/Newark-NY-USA/Process-Engineering-Intern_JR6973,Creation Technologies,Process Engineering Intern,Not stated,True,,Internship,,Manufacturing & Process,"Newark, NY USA",unknown,,,,2026-09-22T00:00:00Z,date_only,2026-09-22T19:01:01Z,https://creationtech.wd1.myworkdayjobs.com/Creation/job/Newark-NY-USA/Process-Engineering-Intern_JR6973
workday:creationtech:/job/Newark-NY-USA/Quality-Engineering-Intern_JR6974,Creation Technologies,Quality Engineering Intern,Not stated,True,,Internship,,Test & Quality,"Newark, NY USA",unknown,,,,2026-09-22T00:00:00Z,date_only,2026-09-22T19:01:01Z,https://creationtech.wd1.myworkdayjobs.com/Creation/job/Newark-NY-USA/Quality-Engineering-Intern_JR6974
workday:creationtech:/job/Newark-NY-USA/Test-Engineering-Intern_JR6972,Creation Technologies,Test Engineering Intern,Not stated,True,,Internship,,Test & Quality,"Newark, NY USA",unknown,,,,2026-09-22T00:00:00Z,date_only,2026-09-22T19:01:01Z,https://creationtech.wd1.myworkdayjobs.com/Creation/job/Newark-NY-USA/Test-Engineering-Intern_JR6972
workday:globalhr:/job/US-IA-CEDAR-RAPIDS-193--1120-Collins-Rd-NE--BLDG193/Avionics-Computer-Systems-Engineering-Co-op--Summer-Fall-2027----Onsite_01872715,RTX,Avionics Computer Systems Engineering Co-op (Summer/Fall 2027) - Onsite,Summer 2027,False,,Co-op,,Aerospace & Defense,US-IA-CEDAR RAPIDS-193 ~ 1120 Collins Rd NE ~ BLDG193,unknown,,,Python,2026-09-22T00:00:00Z,date_only,2026-09-23T03:39:56Z,https://globalhr.wd5.myworkdayjobs.com/rec_rtx_ext_gateway/job/US-IA-CEDAR-RAPIDS-193--1120-Collins-Rd-NE--BLDG193/Avionics-Computer-Systems-Engineering-Co-op--Summer-Fall-2027----Onsite_01872715
workday:lifefitness:/job/Ramsey-MN/Manufacturing-Engineering-Intern---Ramsey--MN_JR-025239,Life Fitness,"Manufacturing Engineering Intern - Ramsey, MN",Summer 2027,False,,Internship,,Manufacturing & Process,"Ramsey, MN",unknown,12,$24–$27/hr,Excel,2026-09-22T00:00:00Z,date_only,2026-09-22T21:36:21Z,https://lifefitness.wd1.myworkdayjobs.com/searchLFN/job/Ramsey-MN/Manufacturing-Engineering-Intern---Ramsey--MN_JR-025239
workday:micron:/job/Richardson-TX/Intern---Design-Engineer--HIG-HBM_JR112512,Micron Technology,"Intern - Design Engineer, HIG HBM",Not stated,True,,Internship,,Design & CAD,"Richardson, TX",unknown,489,,Python; C++,2026-09-22T00:00:00Z,date_only,2026-09-23T04:04:51Z,https://micron.wd1.myworkdayjobs.com/External/job/Richardson-TX/Intern---Design-Engineer--HIG-HBM_JR112512
workday:moog:/job/Buffalo-NY/Intern--Mechanical-Analysis-Engineering_R-26-20226,Moog,"Intern, Mechanical Analysis Engineering",Not stated,True,,Internship,,Design & CAD,"Buffalo, NY",unknown,2,,FEA; CFD,2026-09-22T00:00:00Z,date_only,2026-09-22T16:04:23Z,https://moog.wd5.myworkdayjobs.com/moog_external_career_site/job/Buffalo-NY/Intern--Mechanical-Analysis-Engineering_R-26-20226
workday:nwis:/job/Springfield-VA/Mechanical-Engineer-Intern_JR102089-1,Nightwing Intelligence Solutions,Mechanical Engineer Intern,Not stated,True,,Internship,,Design & CAD,"Springfield, VA",unknown,,,SolidWorks; FEA; MATLAB; Python; Excel,2026-09-22T00:00:00Z,date_only,2026-09-22T17:06:12Z,https://nwis.wd12.myworkdayjobs.com/NW/job/Springfield-VA/Mechanical-Engineer-Intern_JR102089-1
greenhouse:formlabsinternships:8199928,Formlabsinternships,Mechanical Engineering Intern (Summer 2027),Summer 2027,False,,Internship,,Design & CAD,"Somerville, MA",unknown,,,Additive Manufacturing,2026-09-21T22:32:49-04:00,exact,2026-09-24T09:36:39Z,https://job-boards.greenhouse.io/formlabsinternships/jobs/8199928
greenhouse:metoxinternationalinc:5430385008,MetOx International,Process Engineering Co-Op/Intern (Spring/Summer 2027),Summer 2027,False,,Internship / Co-op,,Manufacturing & Process,"Houston, TX",unknown,,,Excel; Six Sigma; Lean; Design of Experiments,2026-09-21T14:25:23-04:00,exact,2026-09-21T18:37:42Z,https://job-boards.greenhouse.io/metoxinternationalinc/jobs/5430385008
greenhouse:rebuildmanufacturing:4734540005,Re:Build Manufacturing,Automation & Controls Engineer Co-op/Intern,Not stated,True,,Internship / Co-op,,Robotics & Controls,"Rochester, NY",unknown,,,AutoCAD; PLC; Six Sigma,2026-09-21T16:11:44-04:00,exact,2026-09-21T20:36:47Z,https://job-boards.greenhouse.io/rebuildmanufacturing/jobs/4734540005
greenhouse:rocketlab:8000958003,Rocket Lab,Thermal Engineering Intern Summer 2027,Summer 2027,False,,Internship,,Thermal & Fluids,"Long Beach, CA",citizens-only,,,FEA; Machining,2026-09-21T11:55:57-04:00,exact,2026-09-21T17:30:51Z,https://job-boards.greenhouse.io/rocketlab/jobs/8000958003
lever:shieldai:da54c482-fe62-4f60-98b1-55ac0b82b3bc,Shield AI,Summer 2027 - Mechanical Engineering Intern,Summer 2027,False,,Internship,,Design & CAD,"Seattle, Washington",unknown,2,38–65 USD/hr,SolidWorks; CATIA,2026-09-21T22:55:31Z,exact,2026-09-21T23:02:07Z,https://jobs.lever.co/shieldai/da54c482-fe62-4f60-98b1-55ac0b82b3bc
oracle:emit.fa.ca3.oraclecloud.com:95761,WSP,Power Distribution Design Engineering Intern - Summer 2027,Summer 2027,False,,Internship,,Design & CAD,"Salt Lake City, UT, United States; Boise, ID, United States",unknown,,,,2026-09-21,date_only,2026-09-21T14:07:43Z,https://emit.fa.ca3.oraclecloud.com/hcmUI/CandidateExperience/en/sites/CX_2001/job/95761
oracle:hdhl.fa.us6.oraclecloud.com:1007883,Stantec,Mechanical Engineering Intern/Co-op - Buildings (Summer 2027),Summer 2027,False,,Internship / Co-op,,Design & CAD,"Butler, PA, United States",unknown,,,AutoCAD; Revit; Excel,2026-09-21,date_only,2026-09-21T14:07:43Z,https://hdhl.fa.us6.oraclecloud.com/hcmUI/CandidateExperience/en/sites/CX_1/job/1007883
oracle:hdhl.fa.us6.oraclecloud.com:1007884,Stantec,Mechanical Engineering Intern/Co-op - Buildings (Summer 2027),Summer 2027,False,,Internship / Co-op,,Design & CAD,"Rochester, NY, United States; Albany, NY, United States; Binghamton, NY, United States; Burlington, MA, United States",unknown,,,AutoCAD; Revit; Excel,2026-09-21,date_only,2026-09-21T14:07:43Z,https://hdhl.fa.us6.oraclecloud.com/hcmUI/CandidateExperience/en/sites/CX_1/job/1007884
oracle:hdhl.fa.us6.oraclecloud.com:1007885,Stantec,Mechanical Engineering Intern/Co-op - Buildings (Summer 2027),Summer 2027,False,,Internship / Co-op,,Design & CAD,"New York, NY, United States",unknown,,,AutoCAD; Revit; Excel,2026-09-21,date_only,2026-09-21T14:07:43Z,https://hdhl.fa.us6.oraclecloud.com/hcmUI/CandidateExperience/en/sites/CX_1/job/1007885
oracle:hdhl.fa.us6.oraclecloud.com:1007886,Stantec,Mechanical Engineering Intern/Co-op - Buildings (Summer 2027),Summer 2027,False,,Internship / Co-op,,Design & CAD,"Washington, DC, United States",unknown,,,AutoCAD; Revit; Excel,2026-09-21,date_only,2026-09-21T14:07:43Z,https://hdhl.fa.us6.oraclecloud.com/hcmUI/CandidateExperience/en/sites/CX_1/job/1007886
smartrecruiters:SyngentaGroup:744000150779958,Syngenta Group,Seed Conditioning Process Engineering Intern,Not stated,True,,Internship,,Manufacturing & Process,"Slater, Iowa, United States",unknown,,,Design of Experiments,2026-09-21T20:22:14.467Z,exact,2026-09-21T20:36:47Z,https://jobs.smartrecruiters.com/SyngentaGroup/744000150779958
workday:avav:/job/Moorpark-CA/Summer-2027-Autonomy---Robotics-Engineering-Intern_8551,Avav,Summer 2027 Autonomy & Robotics Engineering Intern,Summer 2027,False,,Internship,,Robotics & Controls,"Moorpark, CA",unknown,,,MATLAB; Python; C++; ROS,2026-09-21T00:00:00Z,date_only,2026-09-22T09:06:31Z,https://avav.wd1.myworkdayjobs.com/avav/job/Moorpark-CA/Summer-2027-Autonomy---Robotics-Engineering-Intern_8551
workday:brunswick:/job/Fond-du-Lac-WI/Mercury-Marine--Intern-Design-Analysis-Group-Fluid---Thermal_JR-050977,Brunswick,Mercury Marine: Intern Design Analysis Group-Fluid & Thermal,Summer 2027,False,,Internship,,Thermal & Fluids,"Fond du Lac, WI",unknown,54,$18–$27.5/hr,STAR-CCM+; CFD,2026-09-21T00:00:00Z,date_only,2026-09-21T14:40:02Z,https://brunswick.wd1.myworkdayjobs.com/search/job/Fond-du-Lac-WI/Mercury-Marine--Intern-Design-Analysis-Group-Fluid---Thermal_JR-050977
workday:chartermfg:/job/Charter-Steel---Saukville-WI/Mechanical-Engineering-Intern--Year-Round-_R08122,Charter Manufacturing,Mechanical Engineer Intern (Summer 2027),Summer 2027,False,,Internship,,Design & CAD,"Charter Steel - Saukville, WI",unknown,,,SolidWorks; AutoCAD; Excel; Lean,2026-09-21T00:00:00Z,date_only,2026-09-21T19:05:51Z,https://chartermfg.wd5.myworkdayjobs.com/Charter_Careers/job/Charter-Steel---Saukville-WI/Mechanical-Engineering-Intern--Year-Round-_R08122
workday:draper:/job/Cambridge-MA/Mechanical-Engineering---System-Packaging-Intern--Summer-2027-_JR002943,Draper,Mechanical Engineering & System Packaging Intern (Summer 2027),Summer 2027,False,,Internship,,Design & CAD,"Cambridge, MA",citizens-only,,,SolidWorks; Creo; ANSYS; FEA; Excel; Metrology,2026-09-21T00:00:00Z,date_only,2026-09-21T16:05:08Z,https://draper.wd5.myworkdayjobs.com/Draper_Careers/job/Cambridge-MA/Mechanical-Engineering---System-Packaging-Intern--Summer-2027-_JR002943
workday:elkay:/job/Paso-Robles-CA/Mechanical-Engineering-Intern--Summer-2027-_REQ-020111,Zurn Elkay Water Solutions,Mechanical Engineering Intern (Summer 2027),Summer 2027,False,,Internship,,Design & CAD,"Paso Robles, CA",unknown,,$20–$25/hr,Inventor; AutoCAD; Excel; Additive Manufacturing,2026-09-21T00:00:00Z,date_only,2026-09-21T21:36:13Z,https://elkay.wd1.myworkdayjobs.com/Elkay_External/job/Paso-Robles-CA/Mechanical-Engineering-Intern--Summer-2027-_REQ-020111
workday:firstquality:/job/US-PA-Lewistown/Process-Engineering-Intern_R12104,First Quality,Process Engineering Intern,Not stated,True,,Internship,,Manufacturing & Process,US PA Lewistown,unknown,,,,2026-09-21T00:00:00Z,date_only,2026-09-21T20:01:22Z,https://firstquality.wd5.myworkdayjobs.com/firstquality/job/US-PA-Lewistown/Process-Engineering-Intern_R12104
workday:gorbel:/job/USA-New-York-Henrietta/Mechanical-Engineering-Co-Op_REQ-2026-2283-1,Gorbel,Mechanical Engineering Co-Op,Not stated,True,,Co-op,,Design & CAD,"USA, New York, Henrietta",unknown,,$23–$25/hr,SolidWorks; AutoCAD; GD&T; FEA; Excel,2026-09-21T00:00:00Z,date_only,2026-09-23T09:37:30Z,https://gorbel.wd501.myworkdayjobs.com/gorbelcareers/job/USA-New-York-Henrietta/Mechanical-Engineering-Co-Op_REQ-2026-2283-1
workday:gorbel:/job/USA-New-York-Victor/Mechanical-Engineering-Co-Op_REQ-2026-2284-1,Gorbel,Mechanical Engineering Co-Op,Not stated,True,,Co-op,,Design & CAD,"USA, New York, Victor",unknown,,$23–$25/hr,SolidWorks; AutoCAD; GD&T; FEA; Excel,2026-09-21T00:00:00Z,date_only,2026-09-23T09:37:30Z,https://gorbel.wd501.myworkdayjobs.com/gorbelcareers/job/USA-New-York-Victor/Mechanical-Engineering-Co-Op_REQ-2026-2284-1
workday:greenheckgroup:/job/Bushnell-FL/Manufacturing-Engineer-Co-Op_JR104710,Greenheck Group,Manufacturing Engineer Co-Op,Not stated,True,,Co-op,,Manufacturing & Process,"Bushnell, FL",unknown,,$22/hr,,2026-09-21T00:00:00Z,date_only,2026-09-22T01:05:57Z,https://greenheckgroup.wd5.myworkdayjobs.com/external/job/Bushnell-FL/Manufacturing-Engineer-Co-Op_JR104710
workday:imeg:/job/Anaheim-CA/Mechanical-Engineering-Intern---Anaheim--CA_R-16751,IMEG,"Mechanical Engineering Intern | Anaheim, CA",Summer 2027,False,,Internship,,Design & CAD,"Anaheim, CA",no-sponsorship,10,$22–$24/hr,AutoCAD; Excel,2026-09-21T00:00:00Z,date_only,2026-09-21T22:38:07Z,https://wd1.myworkdaysite.com/recruiting/imeg/Imeg_Careers/job/Anaheim-CA/Mechanical-Engineering-Intern---Anaheim--CA_R-16751
workday:imeg:/job/Pasadena-CA/Structural-Engineering-Intern---Pasadena--CA_R-16756,IMEG,"Structural Engineering Intern | Pasadena, CA",Summer 2027,False,,Internship,,Structures & Materials,"Pasadena, CA",no-sponsorship,10,$22–$24/hr,AutoCAD; Excel; SPC,2026-09-21T00:00:00Z,date_only,2026-09-21T19:05:51Z,https://wd1.myworkdaysite.com/recruiting/imeg/Imeg_Careers/job/Pasadena-CA/Structural-Engineering-Intern---Pasadena--CA_R-16756
workday:lifefitness:/job/Ramsey-MN/Mechanical-Engineering-Intern---Ramsey--MN_JR-025235,Life Fitness,"Mechanical Engineering Intern - Ramsey, MN",Summer 2027,False,,Internship,,Design & CAD,"Ramsey, MN",unknown,12,$24–$27/hr,SolidWorks; Tolerance Analysis; FEA; Excel,2026-09-21T00:00:00Z,date_only,2026-09-21T21:36:13Z,https://lifefitness.wd1.myworkdayjobs.com/searchLFN/job/Ramsey-MN/Mechanical-Engineering-Intern---Ramsey--MN_JR-025235
workday:livanova:/job/Arvada-Colorado-US/Manufacturing-Engineer-Intern_JR-14827,LivaNova,Manufacturing Engineer Intern,Not stated,True,,Internship,,Manufacturing & Process,"Arvada, Colorado, US",unknown,,$25–$30/hr,,2026-09-21T00:00:00Z,date_only,2026-09-21T17:30:51Z,https://livanova.wd5.myworkdayjobs.com/search/job/Arvada-Colorado-US/Manufacturing-Engineer-Intern_JR-14827
workday:micron:/job/Boise-ID---ID1/Intern---ATE-Process-Engineer-ID1_JR113040,Micron Technology,Intern - ATE Process Engineer ID1,Not stated,True,,Internship,,Manufacturing & Process,"Boise, ID - ID1",unknown,489,,MATLAB; Python; SPC; Design of Experiments,2026-09-21T00:00:00Z,date_only,2026-09-22T02:02:53Z,https://micron.wd1.myworkdayjobs.com/External/job/Boise-ID---ID1/Intern---ATE-Process-Engineer-ID1_JR113040
workday:micron:/job/Boise-ID---Main-Site/Intern---Probe-Manufacturing-Engineering--Probe-AME-_JR112368,Micron Technology,Intern - Probe Manufacturing Engineering (Probe AME),Not stated,True,,Internship,,Manufacturing & Process,"Boise, ID - Main Site",unknown,489,,Python; Excel; Six Sigma; Lean,2026-09-21T00:00:00Z,date_only,2026-09-21T21:57:25Z,https://micron.wd1.myworkdayjobs.com/External/job/Boise-ID---Main-Site/Intern---Probe-Manufacturing-Engineering--Probe-AME-_JR112368
workday:micron:/job/Richardson-TX/Intern---Design-Engineer--HBM_JR111814,Micron Technology,"Intern - Design Engineer, HBM",Not stated,True,,Internship,,Design & CAD,"Richardson, TX",unknown,489,,Python,2026-09-21T00:00:00Z,date_only,2026-09-21T18:37:42Z,https://micron.wd1.myworkdayjobs.com/External/job/Richardson-TX/Intern---Design-Engineer--HBM_JR111814
workday:oshkoshcorporation:/job/Dodge-Center-Minnesota-United-States/Engineer-Intern---Mechanical--Summer-2027-_R50502,Oshkosh,Engineer Intern - Mechanical (Summer 2027),Summer 2027,False,,Internship,,Design & CAD,"Dodge Center, Minnesota, United States",unknown,2,,CATIA; PLM/PDM,2026-09-21T00:00:00Z,date_only,2026-09-21T13:37:58Z,https://oshkoshcorporation.wd5.myworkdayjobs.com/Oshkosh/job/Dodge-Center-Minnesota-United-States/Engineer-Intern---Mechanical--Summer-2027-_R50502
workday:oshkoshcorporation:/job/Huntersville-North-Carolina-United-States/Motorsports-Intern--Summer-2027-_R50520,Oshkosh,Motorsports Intern (Summer 2027),Summer 2027,False,,Internship,,Automotive & Mobility,"Huntersville, North Carolina, United States",unknown,2,,Python,2026-09-21T00:00:00Z,date_only,2026-09-21T19:05:51Z,https://oshkoshcorporation.wd5.myworkdayjobs.com/Oshkosh/job/Huntersville-North-Carolina-United-States/Motorsports-Intern--Summer-2027-_R50520
workday:philips:/job/Reedsville-Pennsylvania-United-States/Co-op---Mechanical-Process-Engineer---Reedsville--PA---2026_592206,Philips,"Co-op – Mechanical/Process Engineer – Reedsville, PA – 2027",Summer 2027,False,,Co-op,,Manufacturing & Process,"Reedsville, Pennsylvania, United States",unknown,,,SolidWorks; Creo,2026-09-21T00:00:00Z,date_only,2026-09-22T02:39:05Z,https://philips.wd3.myworkdayjobs.com/jobs-and-careers/job/Reedsville-Pennsylvania-United-States/Co-op---Mechanical-Process-Engineer---Reedsville--PA---2026_592206
workday:philips:/job/Reedsville-Pennsylvania-United-States/Intern---Mechanical-Process-Engineer---Reedsville--PA---2026_592205,Philips,"Co-op – Mechanical/Process Engineer – Reedsville, PA – 2027",Summer 2027,False,,Co-op,,Manufacturing & Process,"Reedsville, Pennsylvania, United States",unknown,,,SolidWorks; Creo,2026-09-21T00:00:00Z,date_only,2026-09-22T02:39:05Z,https://philips.wd3.myworkdayjobs.com/jobs-and-careers/job/Reedsville-Pennsylvania-United-States/Intern---Mechanical-Process-Engineer---Reedsville--PA---2026_592205
workday:slihrms:/job/USMINovi/Roadway-Design-Engineering-Intern---Summer-2027_R-161166-1,AtkinsRéalis,Roadway Design Engineering Intern - Summer 2027,Summer 2027,False,,Internship,,Design & CAD,US.MI.Novi,unknown,,,,2026-09-21T00:00:00Z,date_only,2026-09-21T13:37:58Z,https://slihrms.wd3.myworkdayjobs.com/careers/job/USMINovi/Roadway-Design-Engineering-Intern---Summer-2027_R-161166-1
workday:slihrms:/job/USNCRaleigh1616-East-Mill-Brook-Road/Roadway-Design-Engineering-Intern---Summer-2027_R-162556,AtkinsRéalis,Roadway Design Engineering Intern - Summer 2027,Summer 2027,False,,Internship,,Design & CAD,US.NC.Raleigh.1616 East Mill Brook Road,unknown,,,AutoCAD; Excel,2026-09-21T00:00:00Z,date_only,2026-09-21T11:38:41Z,https://slihrms.wd3.myworkdayjobs.com/careers/job/USNCRaleigh1616-East-Mill-Brook-Road/Roadway-Design-Engineering-Intern---Summer-2027_R-162556
workday:ttc:/job/Perry-OK/Quality-Engineer-Intern---Ditch-Witch_JR17218,The Toro Company,Quality Engineer Intern - Ditch Witch,Summer 2027,False,,Internship,,Test & Quality,"Perry, OK",no-sponsorship,2,,Excel,2026-09-21T00:00:00Z,date_only,2026-09-21T13:37:58Z,https://ttc.wd1.myworkdayjobs.com/Toro_External_Careers/job/Perry-OK/Quality-Engineer-Intern---Ditch-Witch_JR17218
workday:valeo:/job/Troy-MI/Mechatronics-Engineering-Co-Op--Mechanical-_REQ2026080157,Valeo,Mechatronics Engineering Co-Op (Mechanical),Not stated,True,,Co-op,,Robotics & Controls,"Troy, MI",no-sponsorship,,,Python; LabVIEW,2026-09-21T00:00:00Z,date_only,2026-09-21T15:37:51Z,https://valeo.wd3.myworkdayjobs.com/valeo_jobs/job/Troy-MI/Mechatronics-Engineering-Co-Op--Mechanical-_REQ2026080157
workday:zekelman:/job/Blytheville-AR---Atlas/Intern--Industrial-Engineer_JR002764,Zekelman Industries,"Intern, Industrial Engineer",Summer 2027,False,,Internship,,Manufacturing & Process,"Blytheville, AR - Atlas",unknown,4,,Excel,2026-09-21T00:00:00Z,date_only,2026-09-24T09:36:39Z,https://zekelman.wd12.myworkdayjobs.com/Careers/job/Blytheville-AR---Atlas/Intern--Industrial-Engineer_JR002764
workday:zekelman:/job/Blytheville-AR---Wheatland/Manufacturing-Engineer-Intern_JR002765,Zekelman Industries,Manufacturing Engineer Intern,Summer 2027,False,,Internship,,Manufacturing & Process,"Blytheville, AR - Wheatland",unknown,4,,SolidWorks; AutoCAD; Excel,2026-09-21T00:00:00Z,date_only,2026-09-24T09:36:39Z,https://zekelman.wd12.myworkdayjobs.com/Careers/job/Blytheville-AR---Wheatland/Manufacturing-Engineer-Intern_JR002765
workday:zekelman:/job/Kansas-City-MO/Intern--Mechanical-Engineer_JR002761,Zekelman Industries,"Intern, Mechanical Engineer",Summer 2027,False,,Internship,,Design & CAD,"Kansas City, MO",unknown,4,,SolidWorks; Inventor; AutoCAD; Excel,2026-09-21T00:00:00Z,date_only,2026-09-24T09:36:39Z,https://zekelman.wd12.myworkdayjobs.com/Careers/job/Kansas-City-MO/Intern--Mechanical-Engineer_JR002761
workday:greenheckgroup:/job/Knoxville-TN/Manufacturing-Engineer-Co-op_JR104671,Greenheck Group,Manufacturing Engineer Co-op,Not stated,True,,Co-op,,Manufacturing & Process,"Knoxville, TN",unknown,,$22/hr,,2026-09-20T00:00:00Z,date_only,2026-09-20T18:40:26Z,https://greenheckgroup.wd5.myworkdayjobs.com/external/job/Knoxville-TN/Manufacturing-Engineer-Co-op_JR104671
workday:nordsonhcm:/job/USA---Texas---Allen/Intern---Manufacturing-Electronics---Software-Engineering_REQ52925,Nordson,Intern – Manufacturing Electronics / Software Engineering,Not stated,True,,Internship,,Manufacturing & Process,USA - Texas - Allen,unknown,,,Excel,2026-09-20T00:00:00Z,date_only,2026-09-21T02:39:44Z,https://nordsonhcm.wd501.myworkdayjobs.com/nordsoncareers/job/USA---Texas---Allen/Intern---Manufacturing-Electronics---Software-Engineering_REQ52925
ashby:1x:ebc45d87-58d7-40d8-9e3d-5f3c8aa5eb48,1X,Internship - CNC Machine Park,Not stated,True,,Internship,,Manufacturing & Process,"Hayward, CA",unknown,,$30 per hour,CNC; GD&T; Machining,2026-09-18T19:21:23.088+00:00,exact,2026-09-18T20:00:26Z,https://jobs.ashbyhq.com/1x/ebc45d87-58d7-40d8-9e3d-5f3c8aa5eb48
lever:acronaviation:efde3e9b-1ea5-45f7-ba1d-e26e084e28c7,Acron Aviation,Test Engineer Intern - Grand Rapids Site,Not stated,True,,Internship,,Test & Quality,"Grand Rapids, MI",unknown,,,Python; C++; LabVIEW; Excel,2026-09-18T19:24:35Z,exact,2026-09-18T20:00:26Z,https://jobs.lever.co/acronaviation/efde3e9b-1ea5-45f7-ba1d-e26e084e28c7
smartrecruiters:AECOM2:744000150370962,AECOM,Engineering Intern - Hydraulics - Hiring Event with AECOM – Raleigh,Not stated,True,,Internship,,Thermal & Fluids,"Raleigh, NC, United States (Hybrid)",no-sponsorship,,,Hydraulics,2026-09-18T13:19:31.244Z,exact,2026-09-18T13:37:53Z,https://jobs.smartrecruiters.com/AECOM2/744000150370962
workday:amainc:/job/Hampton-VA/Mechanical-Engineering-Intern_R-100764,Analytical Mechanics Associates,Mechanical Engineering Intern,Not stated,True,,Internship,,Design & CAD,"Hampton, VA",unknown,4,,Creo; GD&T,2026-09-18T00:00:00Z,date_only,2026-09-18T18:38:54Z,https://amainc.wd12.myworkdayjobs.com/ama_careers/job/Hampton-VA/Mechanical-Engineering-Intern_R-100764
workday:chartermfg:/job/Charter-Steel---Saukville-WI/Mechanical-Engineer-Intern--Year-Round-_R08102,Charter Manufacturing,Mechanical Engineer Intern (Year-Round),Summer 2027,False,,Internship,,Design & CAD,"Charter Steel - Saukville, WI",unknown,,,AutoCAD; Excel; Lean,2026-09-18T00:00:00Z,date_only,2026-09-18T17:00:07Z,https://chartermfg.wd5.myworkdayjobs.com/Charter_Careers/job/Charter-Steel---Saukville-WI/Mechanical-Engineer-Intern--Year-Round-_R08102
workday:cranecompany:/job/Saddle-Brook-New-Jersey/Manufacturing-Engineer-Intern_JR102570,Crane Co.,Manufacturing Engineer Intern,Not stated,True,,Internship,,Manufacturing & Process,"Saddle Brook, New Jersey",unknown,12,,Inventor; Machining; Six Sigma; Lean,2026-09-18T00:00:00Z,date_only,2026-09-18T20:00:26Z,https://cranecompany.wd5.myworkdayjobs.com/Careers/job/Saddle-Brook-New-Jersey/Manufacturing-Engineer-Intern_JR102570
workday:gfs:/job/Wyoming-Michigan/Industrial---Mechanical---Electrical-Engineer-Internship_R-57373,Gordon Food Service,Industrial / Mechanical / Electrical Engineer Internship,Not stated,True,,Internship,,Design & CAD,"Wyoming, Michigan",unknown,21,,,2026-09-18T00:00:00Z,date_only,2026-09-18T20:00:26Z,https://gfs.wd5.myworkdayjobs.com/usjobs-gen-gfs/job/Wyoming-Michigan/Industrial---Mechanical---Electrical-Engineer-Internship_R-57373
workday:globalhr:/job/US-IA-CEDAR-RAPIDS-130--5350-C-Ave-NE--BLDG-130/Digital-Hardware-Design-Engineer-Co-op--Spring-Summer-_01871518-1,RTX,Digital Hardware Design Engineer Co-op (Winter/Spring)(Onsite),Not stated,True,,Co-op,,Design & CAD,US-IA-CEDAR RAPIDS-130 ~ 5350 C Ave NE ~ BLDG 130,citizens-only,,,,2026-09-18T00:00:00Z,date_only,2026-09-18T17:00:07Z,https://globalhr.wd5.myworkdayjobs.com/rec_rtx_ext_gateway/job/US-IA-CEDAR-RAPIDS-130--5350-C-Ave-NE--BLDG-130/Digital-Hardware-Design-Engineer-Co-op--Spring-Summer-_01871518-1
workday:globalhr:/job/US-IA-CEDAR-RAPIDS-130--5350-C-Ave-NE--BLDG-130/Digital-Hardware-Design-Engineer-Co-op--Summer-Fall-2027--Onsite-_01871519,RTX,Digital Hardware Design Engineer Co-op (Summer/Fall 2027)(Onsite),Summer 2027,False,,Co-op,,Design & CAD,US-IA-CEDAR RAPIDS-130 ~ 5350 C Ave NE ~ BLDG 130,citizens-only,,,,2026-09-18T00:00:00Z,date_only,2026-09-18T17:36:08Z,https://globalhr.wd5.myworkdayjobs.com/rec_rtx_ext_gateway/job/US-IA-CEDAR-RAPIDS-130--5350-C-Ave-NE--BLDG-130/Digital-Hardware-Design-Engineer-Co-op--Summer-Fall-2027--Onsite-_01871519
workday:graco:/job/Dayton-Minnesota-USA/CNC-Machine-Mechanic-Intern_R0023683,Graco,CNC Machine Mechanic Intern,Not stated,True,,Internship,,Manufacturing & Process,"Dayton, Minnesota, USA",no-sponsorship,,,Hydraulics,2026-09-18T00:00:00Z,date_only,2026-09-18T20:31:57Z,https://graco.wd501.myworkdayjobs.com/Graco_Careers/job/Dayton-Minnesota-USA/CNC-Machine-Mechanic-Intern_R0023683
workday:hcmportal:/job/US---UPS-CORPORATE-OFFICES-GACOR/XMLNAME-2027-Americas-Region-Industrial-Engineering-Summer-Intern_R26032989,United Parcel Service (UPS),2027 Americas Region Industrial Engineering Summer Intern,Summer 2027,False,,Internship,,Manufacturing & Process,US - UPS CORPORATE OFFICES (GACOR),citizens-only,,,,2026-09-18T00:00:00Z,date_only,2026-09-18T20:31:57Z,https://hcmportal.wd5.myworkdayjobs.com/Search/job/US---UPS-CORPORATE-OFFICES-GACOR/XMLNAME-2027-Americas-Region-Industrial-Engineering-Summer-Intern_R26032989
workday:idexcorp:/job/Cedar-Falls-Iowa/Design-Engineering-Co-Op_R-09921,IDEX,Design Engineering Co-Op,Not stated,True,,Co-op,,Design & CAD,"Cedar Falls, Iowa",unknown,,,SolidWorks; Excel,2026-09-18T00:00:00Z,date_only,2026-09-18T18:38:54Z,https://idexcorp.wd5.myworkdayjobs.com/idex_careers/job/Cedar-Falls-Iowa/Design-Engineering-Co-Op_R-09921
workday:jj:/job/Cincinnati-Ohio-United-States-of-America/Spring-R-D-Engineer-Co-op--INTO_R-099005,Johnson & Johnson,"Spring R&D Engineer Co-op, INTO",Not stated,True,,Co-op,,General Engineering,"Cincinnati, Ohio, United States of America",no-sponsorship,8,,SolidWorks,2026-09-18T00:00:00Z,date_only,2026-09-18T20:00:26Z,https://jj.wd5.myworkdayjobs.com/JJ/job/Cincinnati-Ohio-United-States-of-America/Spring-R-D-Engineer-Co-op--INTO_R-099005
workday:jll:/job/Seattle-WA/HVAC-Technician-Intern_REQ528097,Jones Lang LaSalle (JLL),HVAC Technician Intern,Not stated,True,,Internship,,Thermal & Fluids,"Seattle, WA",no-sponsorship,,,,2026-09-18T00:00:00Z,date_only,2026-09-18T19:04:05Z,https://jll.wd1.myworkdayjobs.com/jllcareers/job/Seattle-WA/HVAC-Technician-Intern_REQ528097
workday:msd:/job/USA---North-Carolina---Durham-Old-Oxford/XMLNAME-2027-Future-Talent-Program---Manufacturing-Intern_R416739,Merck,2027 Future Talent Program - Manufacturing Intern,Summer 2027,False,,Internship,,Manufacturing & Process,USA - North Carolina - Durham (Old Oxford),no-sponsorship,,,,2026-09-18T00:00:00Z,date_only,2026-09-18T12:39:06Z,https://msd.wd5.myworkdayjobs.com/searchjobs/job/USA---North-Carolina---Durham-Old-Oxford/XMLNAME-2027-Future-Talent-Program---Manufacturing-Intern_R416739
workday:msd:/job/USA---Pennsylvania---West-Point/XMLNAME-2027-Future-Talent-Program---West-Point-Vaccine-Manufacturing-Intern_R416751,Merck,2027 Future Talent Program – West Point Vaccine Manufacturing Intern,Summer 2027,False,,Internship,,Manufacturing & Process,USA - Pennsylvania - West Point,no-sponsorship,,,Six Sigma; Lean,2026-09-18T00:00:00Z,date_only,2026-09-18T12:39:06Z,https://msd.wd5.myworkdayjobs.com/searchjobs/job/USA---Pennsylvania---West-Point/XMLNAME-2027-Future-Talent-Program---West-Point-Vaccine-Manufacturing-Intern_R416751
workday:niagarawater:/job/Milesburg---Milesburg-PA/Manufacturing-Intern---Milesburg_R56065,Niagara Bottling,Manufacturing Intern - Milesburg,Not stated,True,,Internship,,Manufacturing & Process,"Milesburg - Milesburg, PA",unknown,104,,,2026-09-18T00:00:00Z,date_only,2026-09-18T19:04:05Z,https://niagarawater.wd5.myworkdayjobs.com/niagara/job/Milesburg---Milesburg-PA/Manufacturing-Intern---Milesburg_R56065
workday:valeo:/job/Hamilton-OH/Quality-Engineer-Co-Op--Summer-2027-_REQ2026080099,Valeo,Quality Engineer Co-Op (Summer 2027),Summer 2027,False,,Co-op,,Test & Quality,"Hamilton, OH",unknown,,,Excel; FMEA; SPC,2026-09-18T00:00:00Z,date_only,2026-09-18T04:04:45Z,https://valeo.wd3.myworkdayjobs.com/valeo_jobs/job/Hamilton-OH/Quality-Engineer-Co-Op--Summer-2027-_REQ2026080099
workday:valeo:/job/Troy-MI/Mechatronics-Engineering-Co-Op_REQ2026079866,Valeo,Mechatronics Engineering Co-Op,Not stated,True,,Co-op,,Robotics & Controls,"Troy, MI",no-sponsorship,,,,2026-09-18T00:00:00Z,date_only,2026-09-18T17:36:08Z,https://valeo.wd3.myworkdayjobs.com/valeo_jobs/job/Troy-MI/Mechatronics-Engineering-Co-Op_REQ2026079866
workday:wattswater:/job/Fort-Myers-FL/Manufacturing-Quality-Intern--Summer-2027_10017584,Watts Water,"Manufacturing Quality Intern, Summer 2027",Summer 2027,False,,Internship,,Manufacturing & Process,"Fort Myers, FL",unknown,,,Six Sigma; Lean,2026-09-18T00:00:00Z,date_only,2026-09-18T15:05:28Z,https://wattswater.wd5.myworkdayjobs.com/Intern-External/job/Fort-Myers-FL/Manufacturing-Quality-Intern--Summer-2027_10017584
greenhouse:rocketlab:7990350003,Rocket Lab,Test Engineering Intern Summer 2027,Summer 2027,False,,Internship,,Test & Quality,"Stennis Space Center, MS",citizens-only,,,Siemens NX; GD&T; MATLAB; Python,2026-09-17T14:18:54-04:00,exact,2026-09-17T18:42:22Z,https://job-boards.greenhouse.io/rocketlab/jobs/7990350003
greenhouse:rocketlab:7996623003,Rocket Lab,Manufacturing Engineering Intern Summer 2027,Summer 2027,False,,Internship,,Manufacturing & Process,"Wallops Island, VA",citizens-only,,,Python,2026-09-17T16:52:48-04:00,exact,2026-09-17T21:00:32Z,https://job-boards.greenhouse.io/rocketlab/jobs/7996623003
greenhouse:sharkninjaoperatingllc:4713783006,SharkNinja,Mechanical Engineering Co-op Opportunities,Not stated,True,,Co-op,,Design & CAD,"Needham, MA, United States",unknown,,,SolidWorks; Creo; Python; Additive Manufacturing,2026-09-17T11:26:33-04:00,exact,2026-09-17T15:38:43Z,https://job-boards.greenhouse.io/sharkninjaoperatingllc/jobs/4713783006
greenhouse:sharkninjaoperatingllc:4713800006,SharkNinja,Product Design Engineering Co-op Opportunities,Not stated,True,,Co-op,,Design & CAD,"Needham, MA, United States",unknown,,,SolidWorks; Creo; Additive Manufacturing,2026-09-17T11:27:25-04:00,exact,2026-09-17T15:38:43Z,https://job-boards.greenhouse.io/sharkninjaoperatingllc/jobs/4713800006
greenhouse:sharkninjaoperatingllc:4713810006,SharkNinja,Product Design Engineering Intern Opportunities,Not stated,True,,Internship,,Design & CAD,"Needham, MA, United States",unknown,,,SolidWorks; Creo; Additive Manufacturing,2026-09-17T11:22:49-04:00,exact,2026-09-17T15:38:43Z,https://job-boards.greenhouse.io/sharkninjaoperatingllc/jobs/4713810006
greenhouse:sharkninjaoperatingllc:4713812006,SharkNinja,Mechanical Engineering Intern Opportunities,Not stated,True,,Internship,,Design & CAD,"Needham, MA, United States",unknown,,,SolidWorks; Creo; Python; Additive Manufacturing,2026-09-17T11:25:56-04:00,exact,2026-09-17T15:38:43Z,https://job-boards.greenhouse.io/sharkninjaoperatingllc/jobs/4713812006
oracle:ebxs.fa.us2.oraclecloud.com:309903,Michael Baker International,"Structural Intern, Summer 2027",Summer 2027,False,,Internship,,Structures & Materials,"Boston, MA, United States",unknown,42,$18–$30/hr,Revit,2026-09-17,date_only,2026-09-17T00:46:44Z,https://ebxs.fa.us2.oraclecloud.com/hcmUI/CandidateExperience/en/sites/CX_2/job/309903
oracle:emit.fa.ca3.oraclecloud.com:95693,WSP,Overhead Transmission Line Design Engineering Intern  - Spring/Summer 2027,Summer 2027,False,,Internship,,Automotive & Mobility,"Phoenix, AZ, United States",unknown,,,SolidWorks; AutoCAD,2026-09-17,date_only,2026-09-17T19:58:07Z,https://emit.fa.ca3.oraclecloud.com/hcmUI/CandidateExperience/en/sites/CX_2001/job/95693
workday:aep:/job/New-Albany-OH/Civil-Structural-Designer-Intern---New-Albany--OH_R19383,American Electric Power,"Civil/Structural Designer Intern - New Albany, OH",Not stated,True,,Internship,,Structures & Materials,"New Albany, OH",unknown,34,$20/hr,Inventor; AutoCAD,2026-09-17T00:00:00Z,date_only,2026-09-17T14:06:04Z,https://aep.wd1.myworkdayjobs.com/AEPCareerSite/job/New-Albany-OH/Civil-Structural-Designer-Intern---New-Albany--OH_R19383
workday:aep:/job/Roanoke-VA/Civil-Structural-Designer-Intern---Roanoke--VA_R19382,American Electric Power,"Civil/Structural Designer Intern - Roanoke, VA",Not stated,True,,Internship,,Structures & Materials,"Roanoke, VA",unknown,34,$20/hr,Inventor; AutoCAD,2026-09-17T00:00:00Z,date_only,2026-09-17T14:06:04Z,https://aep.wd1.myworkdayjobs.com/AEPCareerSite/job/Roanoke-VA/Civil-Structural-Designer-Intern---Roanoke--VA_R19382
workday:aep:/job/Tulsa-OK/Civil-Structural-Designer-Intern---Tulsa--OK_R19381,American Electric Power,"Civil/Structural Designer Intern - Tulsa, OK",Not stated,True,,Internship,,Structures & Materials,"Tulsa, OK",unknown,34,$20/hr,Inventor; AutoCAD,2026-09-17T00:00:00Z,date_only,2026-09-17T14:06:04Z,https://aep.wd1.myworkdayjobs.com/AEPCareerSite/job/Tulsa-OK/Civil-Structural-Designer-Intern---Tulsa--OK_R19381
workday:cranecompany:/job/Marion-North-Carolina/Process-Engineer-Intern_JR102567,Crane Co.,Process Engineer Intern,Not stated,True,,Internship,,Manufacturing & Process,"Marion, North Carolina",unknown,12,,SolidWorks; AutoCAD; Machining; Six Sigma; Lean; FMEA,2026-09-17T00:00:00Z,date_only,2026-09-17T19:03:01Z,https://cranecompany.wd5.myworkdayjobs.com/Careers/job/Marion-North-Carolina/Process-Engineer-Intern_JR102567
workday:cranecompany:/job/Marion-North-Carolina/Quality-Engineer-Intern_JR102564,Crane Co.,Quality Engineer Intern,Not stated,True,,Internship,,Test & Quality,"Marion, North Carolina",unknown,12,,Excel; Machining; Welding; Six Sigma; Lean; FMEA,2026-09-17T00:00:00Z,date_only,2026-09-17T19:03:01Z,https://cranecompany.wd5.myworkdayjobs.com/Careers/job/Marion-North-Carolina/Quality-Engineer-Intern_JR102564
workday:echo:/job/Roadtex---Greenfield-IN/Process-Engineer-Intern--Greenfield--IN_R4650-1,Echo Global Logistics,"Process Engineer Intern- Greenfield, IN",Summer 2027,False,,Internship,,Manufacturing & Process,Roadtex - Greenfield IN,unknown,2,,,2026-09-17T00:00:00Z,date_only,2026-09-17T20:34:22Z,https://echo.wd1.myworkdayjobs.com/Echo_Logistics/job/Roadtex---Greenfield-IN/Process-Engineer-Intern--Greenfield--IN_R4650-1
workday:globalhr:/job/US-IA-CEDAR-RAPIDS-108--400-Collins-Rd-NE--BLDG-108/Industrial-Engineering-Co-Op--Summer-Fall-2027-_01870637,RTX,Industrial Engineering Co-Op (Summer/Fall 2027),Summer 2027,False,,Co-op,,Manufacturing & Process,US-IA-CEDAR RAPIDS-108 ~ 400 Collins Rd NE ~ BLDG 108,citizens-only,,,SolidWorks; AutoCAD; PLM/PDM,2026-09-17T00:00:00Z,date_only,2026-09-17T14:39:46Z,https://globalhr.wd5.myworkdayjobs.com/rec_rtx_ext_gateway/job/US-IA-CEDAR-RAPIDS-108--400-Collins-Rd-NE--BLDG-108/Industrial-Engineering-Co-Op--Summer-Fall-2027-_01870637
workday:idexcorp:/job/Cedar-Falls-Iowa/Design-Engineering-Co-Op--Biopharma-_R-09909,IDEX,Design Engineering Co-Op (Biopharma),Not stated,True,,Co-op,,Design & CAD,"Cedar Falls, Iowa",unknown,,,SolidWorks; Excel; Additive Manufacturing,2026-09-17T00:00:00Z,date_only,2026-09-17T17:03:02Z,https://idexcorp.wd5.myworkdayjobs.com/idex_careers/job/Cedar-Falls-Iowa/Design-Engineering-Co-Op--Biopharma-_R-09909
workday:idexcorp:/job/Cedar-Falls-Iowa/Manufacturing-Engineering-Co-Op_R-09910,IDEX,Manufacturing Engineering Co-Op,Not stated,True,,Co-op,,Manufacturing & Process,"Cedar Falls, Iowa",unknown,,,Excel; Casting,2026-09-17T00:00:00Z,date_only,2026-09-17T17:03:02Z,https://idexcorp.wd5.myworkdayjobs.com/idex_careers/job/Cedar-Falls-Iowa/Manufacturing-Engineering-Co-Op_R-09910
workday:jj:/job/Jacksonville-Florida-United-States-of-America/Process-Engineer-Summer-Intern_R-099289,Johnson & Johnson,Process Engineer Summer Intern,Summer 2027,False,,Internship,,Manufacturing & Process,"Jacksonville, Florida, United States of America",no-sponsorship,8,,,2026-09-17T00:00:00Z,date_only,2026-09-17T04:38:20Z,https://jj.wd5.myworkdayjobs.com/JJ/job/Jacksonville-Florida-United-States-of-America/Process-Engineer-Summer-Intern_R-099289
workday:lowes:/job/Mooresville-NC-SSC-1999/Store-Operations-Industrial-Engineering---Undergrad-Internship---Summer-2027_JR-02651868-1,Lowe's,Store Operations Industrial Engineering – Undergrad Internship – Summer 2027,Summer 2027,False,,Internship,,Manufacturing & Process,"Mooresville, NC (SSC) 1999",unknown,,,,2026-09-17T00:00:00Z,date_only,2026-09-17T19:58:07Z,https://lowes.wd5.myworkdayjobs.com/LWS_External_CS/job/Mooresville-NC-SSC-1999/Store-Operations-Industrial-Engineering---Undergrad-Internship---Summer-2027_JR-02651868-1
workday:micron:/job/Boise-ID---ID1/INTERN--ID1-Process-Engineer_JR111233,Micron Technology,INTERN- ID1 Process Engineer,Not stated,True,,Internship,,Manufacturing & Process,"Boise, ID - ID1",unknown,489,,MATLAB; Python; SPC; Design of Experiments,2026-09-17T00:00:00Z,date_only,2026-09-17T20:34:22Z,https://micron.wd1.myworkdayjobs.com/External/job/Boise-ID---ID1/INTERN--ID1-Process-Engineer_JR111233
workday:micron:/job/Boise-ID---Main-Site/Intern---Process-Engineer-ID1_JR109507,Micron Technology,Intern – Process Engineer ID1,Not stated,True,,Internship,,Manufacturing & Process,"Boise, ID - Main Site",unknown,489,,MATLAB; Python; SPC; Design of Experiments,2026-09-17T00:00:00Z,date_only,2026-09-18T01:06:49Z,https://micron.wd1.myworkdayjobs.com/External/job/Boise-ID---Main-Site/Intern---Process-Engineer-ID1_JR109507
workday:smithnephew:/job/Pittsburgh-PA/Intern-Mechanical-Engineering_R92508,Smith+Nephew,Intern Mechanical Engineering,Summer 2027,False,,Internship,,Design & CAD,"Pittsburgh, PA",unknown,77,,SolidWorks; GD&T,2026-09-17T00:00:00Z,date_only,2026-09-17T04:38:20Z,https://smithnephew.wd5.myworkdayjobs.com/External/job/Pittsburgh-PA/Intern-Mechanical-Engineering_R92508
workday:xenergy:/job/Rockville-MD/Mechanical-Engineering-Internship---Summer-2027_R101319-1,X-energy,Mechanical Engineering Internship - Summer 2027,Summer 2027,False,,Internship,,Design & CAD,"Rockville, MD",unknown,3,$25/hr,SolidWorks; Creo; ANSYS; Abaqus; Nastran; LS-DYNA; STAR-CCM+; FEA,2026-09-17T00:00:00Z,date_only,2026-09-17T14:39:46Z,https://xenergy.wd5.myworkdayjobs.com/X-energyUS/job/Rockville-MD/Mechanical-Engineering-Internship---Summer-2027_R101319-1
workday:xenergy:/job/Rockville-MD/Nuclear-Engineering-Internship---Summer-2027_R101284-1,X-energy,Nuclear Engineering Internship - Summer 2027,Summer 2027,False,,Internship,,Energy & Power,"Rockville, MD",unknown,3,$25/hr,Excel,2026-09-17T00:00:00Z,date_only,2026-09-17T14:39:46Z,https://xenergy.wd5.myworkdayjobs.com/X-energyUS/job/Rockville-MD/Nuclear-Engineering-Internship---Summer-2027_R101284-1
workday:xenergy:/job/Rockville-MD/Test-Engineering-Internship---Summer-2027_R101320-1,X-energy,Test Engineering Internship - Summer 2027,Summer 2027,False,,Internship,,Test & Quality,"Rockville, MD",unknown,3,$25/hr,Excel,2026-09-17T00:00:00Z,date_only,2026-09-17T15:04:56Z,https://xenergy.wd5.myworkdayjobs.com/X-energyUS/job/Rockville-MD/Test-Engineering-Internship---Summer-2027_R101320-1
workday:zekelman:/job/Farrell-PA---Church/Electrical-and-Controls-Engineer-Intern_JR002753,Zekelman Industries,Electrical and Controls Engineer Intern,Summer 2027,False,,Internship,,Robotics & Controls,"Farrell, PA - Church",unknown,4,,PLC,2026-09-17T00:00:00Z,date_only,2026-09-24T09:36:39Z,https://zekelman.wd12.myworkdayjobs.com/Careers/job/Farrell-PA---Church/Electrical-and-Controls-Engineer-Intern_JR002753
ashby:contoro:cf7c8043-8fbe-4c7e-b91f-ee6db2a616c5,Contoro,Robotics Engineer Intern - Test & Validation (Fall 2026),Fall 2026,False,,Internship,,Robotics & Controls,"Austin, TX",unknown,,,,2026-09-16T17:35:48.287+00:00,exact,2026-09-16T17:58:22Z,https://jobs.ashbyhq.com/contoro/cf7c8043-8fbe-4c7e-b91f-ee6db2a616c5
greenhouse:rendezvousrobotics:4408578009,Rendezvous Robotics,Avionics Engineering Intern (Summer 2027),Summer 2027,False,,Internship,,Aerospace & Defense,"Golden, CO",unknown,,,,2026-09-16T13:46:36-04:00,exact,2026-09-16T17:58:22Z,https://job-boards.greenhouse.io/rendezvousrobotics/jobs/4408578009
greenhouse:rendezvousrobotics:4408601009,Rendezvous Robotics,Mechanical Engineering Intern (Summer 2027),Summer 2027,False,,Internship,,Design & CAD,"Golden, CO",unknown,,,SolidWorks; Fusion 360; Onshape; ANSYS; FEA; Machining; Additive Manufacturing,2026-09-16T13:56:30-04:00,exact,2026-09-16T18:40:56Z,https://job-boards.greenhouse.io/rendezvousrobotics/jobs/4408601009
greenhouse:rocketlab:7984564003,Rocket Lab,Manufacturing Engineering Intern Summer 2027,Summer 2027,False,,Internship,,Manufacturing & Process,"Long Beach, CA",citizens-only,,,SolidWorks; Siemens NX; GD&T; ANSYS; FEA; CNC; Additive Manufacturing,2026-09-16T15:02:36-04:00,exact,2026-09-16T19:38:09Z,https://job-boards.greenhouse.io/rocketlab/jobs/7984564003
greenhouse:rocketlab:7986820003,Rocket Lab,Propulsion Analyst Intern Summer 2027,Summer 2027,False,,Internship,,Aerospace & Defense,"Long Beach, CA",citizens-only,,,SolidWorks; ANSYS; FEA; CFD; MATLAB; Python,2026-09-16T15:03:06-04:00,exact,2026-09-16T19:38:09Z,https://job-boards.greenhouse.io/rocketlab/jobs/7986820003
greenhouse:rocketlab:7988835003,Rocket Lab,Manufacturing Engineering Intern Summer 2027,Summer 2027,False,,Internship,,Manufacturing & Process,"Middle River, MD",citizens-only,,,Additive Manufacturing; Composites,2026-09-16T16:41:44-04:00,exact,2026-09-16T21:03:24Z,https://job-boards.greenhouse.io/rocketlab/jobs/7988835003
greenhouse:rocketlab:7989904003,Rocket Lab,Mechanical Engineering Intern Summer 2027,Summer 2027,False,,Internship,,Design & CAD,"Silver Spring, MD",citizens-only,,,SolidWorks; Siemens NX; GD&T; Python; Machining,2026-09-16T15:03:48-04:00,exact,2026-09-16T19:38:09Z,https://job-boards.greenhouse.io/rocketlab/jobs/7989904003
lever:acronaviation:2893b51b-c93c-4875-9912-1292ab0f4926,Acron Aviation,Manufacturing Engineer Intern - Grand Rapids Site,Not stated,True,,Internship,,Manufacturing & Process,"Grand Rapids, MI",unknown,,,SolidWorks; AutoCAD; Excel; Lean,2026-09-16T21:44:50Z,exact,2026-09-16T22:03:09Z,https://jobs.lever.co/acronaviation/2893b51b-c93c-4875-9912-1292ab0f4926
oracle:ebxs.fa.us2.oraclecloud.com:309900,Michael Baker International,"Structural Intern, Summer 2027",Summer 2027,False,,Internship,,Structures & Materials,"Salt Lake City, UT, United States",unknown,42,$18–$26/hr,Revit,2026-09-16,date_only,2026-09-16T23:03:43Z,https://ebxs.fa.us2.oraclecloud.com/hcmUI/CandidateExperience/en/sites/CX_2/job/309900
oracle:ebxs.fa.us2.oraclecloud.com:309902,Michael Baker International,"Structural Intern, Summer 2027",Summer 2027,False,,Internship,,Structures & Materials,"Jacksonville, FL, United States",unknown,42,$18–$26/hr,Revit,2026-09-16,date_only,2026-09-16T23:03:43Z,https://ebxs.fa.us2.oraclecloud.com/hcmUI/CandidateExperience/en/sites/CX_2/job/309902
oracle:edbz.fa.us2.oraclecloud.com:25017994,Texas Instruments,Smart Manufacturing and Automation Intern,Not stated,True,,Internship,,Manufacturing & Process,"Dallas, TX, United States",no-sponsorship,234,,Python; Git,2026-09-16,date_only,2026-09-16T02:33:59Z,https://edbz.fa.us2.oraclecloud.com/hcmUI/CandidateExperience/en/sites/CX_1/job/25017994
oracle:emit.fa.ca3.oraclecloud.com:94665,WSP,Structural Engineering (Substation) Intern - Summer 2027,Summer 2027,False,,Internship,,Structures & Materials,"Freeport, ME, United States; Hallowell, ME, United States; Syracuse, NY, United States; Ann Arbor, MI, United States; New York, NY, United States",unknown,,$22.17–$32.22/hr,,2026-09-16,date_only,2026-09-16T19:56:24Z,https://emit.fa.ca3.oraclecloud.com/hcmUI/CandidateExperience/en/sites/CX_2001/job/94665
oracle:emit.fa.ca3.oraclecloud.com:95437,WSP,Structural Engineering Intern- Summer 2027,Summer 2027,False,,Internship,,Structures & Materials,"Baltimore, MD, United States",unknown,,,,2026-09-16,date_only,2026-09-16T19:05:31Z,https://emit.fa.ca3.oraclecloud.com/hcmUI/CandidateExperience/en/sites/CX_2001/job/95437
oracle:emit.fa.ca3.oraclecloud.com:95458,WSP,Structural Engineering Intern - Summer 2027,Summer 2027,False,,Internship,,Structures & Materials,"Denver, CO, United States; Seattle, WA, United States; Tacoma, WA, United States; San Diego, CA, United States; Portland, OR, United States; Virginia Beach, VA, United States",unknown,,,Revit; Excel,2026-09-16,date_only,2026-09-16T19:38:09Z,https://emit.fa.ca3.oraclecloud.com/hcmUI/CandidateExperience/en/sites/CX_2001/job/95458
oracle:emit.fa.ca3.oraclecloud.com:95483,WSP,Structural Engineering Intern - Summer 2027,Summer 2027,False,,Internship,,Structures & Materials,"Los Angeles, CA, United States; Atlanta, GA, United States",unknown,,,Revit,2026-09-16,date_only,2026-09-16T15:41:09Z,https://emit.fa.ca3.oraclecloud.com/hcmUI/CandidateExperience/en/sites/CX_2001/job/95483
oracle:emit.fa.ca3.oraclecloud.com:95526,WSP,Civil/Structural Engineering (Transmission Lines) Intern - Summer 2027,Summer 2027,False,,Internship,,Automotive & Mobility,"Maitland, FL, United States",unknown,,,,2026-09-16,date_only,2026-09-16T19:56:24Z,https://emit.fa.ca3.oraclecloud.com/hcmUI/CandidateExperience/en/sites/CX_2001/job/95526
oracle:emit.fa.ca3.oraclecloud.com:95528,WSP,Structural Engineering Intern- Summer 2027,Summer 2027,False,,Internship,,Structures & Materials,"Herndon, VA, United States",unknown,,,,2026-09-16,date_only,2026-09-16T19:38:09Z,https://emit.fa.ca3.oraclecloud.com/hcmUI/CandidateExperience/en/sites/CX_2001/job/95528
oracle:fa-ewub-saasfaprod1.fa.ocs.oraclecloud.com:1399,Duracell,PS Manufacturing - Engineering Intern Spring/Summer 2027,Summer 2027,False,,Internship,,Manufacturing & Process,"Cleveland, TN, United States",unknown,,,SolidWorks; AutoCAD,2026-09-16,date_only,2026-09-16T17:00:45Z,https://fa-ewub-saasfaprod1.fa.ocs.oraclecloud.com/hcmUI/CandidateExperience/en/sites/CX_26/job/1399
oracle:fa-ewub-saasfaprod1.fa.ocs.oraclecloud.com:1400,Duracell,PS Manufacturing -Engineering Co-Op-2027,Summer 2027,False,,Co-op,,Manufacturing & Process,"Cleveland, TN, United States",unknown,,,,2026-09-16,date_only,2026-09-16T17:00:45Z,https://fa-ewub-saasfaprod1.fa.ocs.oraclecloud.com/hcmUI/CandidateExperience/en/sites/CX_26/job/1400
oracle:hctz.fa.us2.oraclecloud.com:2506637,onsemi,"Summer 2027 - Thin Films, Implant & Diffusion Process Engineering Intern",Summer 2027,False,,Internship,,Manufacturing & Process,"Hopewell Junction, NY, United States",unknown,,$26–$44/hr,,2026-09-16,date_only,2026-09-16T23:34:29Z,https://hctz.fa.us2.oraclecloud.com/hcmUI/CandidateExperience/en/sites/CX_1001/job/2506637
oracle:hdjq.fa.us2.oraclecloud.com:26011001,Emerson Electric,Mechanical Engineering Co-op (Summer 2027),Summer 2027,False,,Co-op,,Design & CAD,"Elyria, OH, United States; Rockford, IL, United States",unknown,8,,Solid Edge; FEA,2026-09-16,date_only,2026-09-16T19:56:24Z,https://hdjq.fa.us2.oraclecloud.com/hcmUI/CandidateExperience/en/sites/CX_1/job/26011001
workday:abb:/job/New-Berlin-Wisconsin-United-States-of-America/Quality-Engineering-Intern---Summer-2027_JR00047273,ABB,Quality Engineering Intern - Summer 2027,Summer 2027,False,,Internship,,Test & Quality,"New Berlin, Wisconsin, United States of America",no-sponsorship,69,$20–$34/hr,,2026-09-16T00:00:00Z,date_only,2026-09-16T19:05:31Z,https://abb.wd3.myworkdayjobs.com/external_career_page/job/New-Berlin-Wisconsin-United-States-of-America/Quality-Engineering-Intern---Summer-2027_JR00047273
workday:basspro:/job/Springfield-MO-Bass-Pro-Shops-Base-Camp/Advanced-Manufacturing-Intern-Summer-2027_R267458,Bass Pro Shops,Advanced Manufacturing Intern Summer 2027,Summer 2027,False,,Internship,,Manufacturing & Process,"Springfield, MO (Bass Pro Shops Base Camp)",unknown,,,Welding,2026-09-16T00:00:00Z,date_only,2026-09-16T22:35:47Z,https://basspro.wd1.myworkdayjobs.com/careers/job/Springfield-MO-Bass-Pro-Shops-Base-Camp/Advanced-Manufacturing-Intern-Summer-2027_R267458
workday:jj:/job/Santa-Clara-California-United-States-of-America/Systems---Simulation-Engineering-Intern---Robotics-R-D_R-100027,Johnson & Johnson,Systems & Simulation Engineering Intern - Robotics R&D,Summer 2027,False,,Internship,,Robotics & Controls,"Santa Clara, California, United States of America",unknown,8,$32/hr,ANSYS; Abaqus; FEA; MATLAB; Simulink; Python; C++,2026-09-16T00:00:00Z,date_only,2026-09-16T14:07:08Z,https://jj.wd5.myworkdayjobs.com/JJ/job/Santa-Clara-California-United-States-of-America/Systems---Simulation-Engineering-Intern---Robotics-R-D_R-100027
workday:lonza:/job/US---Portsmouth-NH/Summer-2026-Manufacturing--Science---Technology-Internship_R79570,Lonza,"Summer 2027 Manufacturing, Science & Technology Internship",Summer 2027,False,,Internship,,Manufacturing & Process,"US - Portsmouth, NH",unknown,,,,2026-09-16T00:00:00Z,date_only,2026-09-16T16:38:32Z,https://lonza.wd3.myworkdayjobs.com/lonza_careers/job/US---Portsmouth-NH/Summer-2026-Manufacturing--Science---Technology-Internship_R79570
workday:lonza:/job/US---Portsmouth-NH/Summer-2026-Plant-Engineer-Internship_R79569,Lonza,Summer 2027 Plant Engineer Internship,Summer 2027,False,,Internship,,Manufacturing & Process,"US - Portsmouth, NH",unknown,,,,2026-09-16T00:00:00Z,date_only,2026-09-16T16:38:32Z,https://lonza.wd3.myworkdayjobs.com/lonza_careers/job/US---Portsmouth-NH/Summer-2026-Plant-Engineer-Internship_R79569
workday:masco:/job/US---Indiana---Indianapolis/Hardware-Engineering-Co-op--Electrical-Engineering-_REQ54344-2,Masco,Hardware Test Engineering Co-op,Not stated,True,,Co-op,,Test & Quality,US - Indiana - Indianapolis,unknown,,,,2026-09-16T00:00:00Z,date_only,2026-09-16T17:36:09Z,https://masco.wd1.myworkdayjobs.com/Masco/job/US---Indiana---Indianapolis/Hardware-Engineering-Co-op--Electrical-Engineering-_REQ54344-2
workday:oshkoshcorporation:/job/McConnellsburg-Pennsylvania-United-States/Manufacturing-Engineering-Intern_R49603,Oshkosh,Manufacturing Engineering Intern,Not stated,True,,Internship,,Manufacturing & Process,"McConnellsburg, Pennsylvania, United States",unknown,2,,Creo; AutoCAD; Excel; Machining,2026-09-16T00:00:00Z,date_only,2026-09-16T16:05:33Z,https://oshkoshcorporation.wd5.myworkdayjobs.com/Oshkosh/job/McConnellsburg-Pennsylvania-United-States/Manufacturing-Engineering-Intern_R49603
workday:oshkoshcorporation:/job/Shippensburg-Pennsylvania-United-States/Quality-Engineer-Intern_R49669,Oshkosh,Quality Engineering Intern,Not stated,True,,Internship,,Test & Quality,"Shippensburg, Pennsylvania, United States",unknown,2,,Creo; AutoCAD; Excel,2026-09-16T00:00:00Z,date_only,2026-09-16T15:41:09Z,https://oshkoshcorporation.wd5.myworkdayjobs.com/Oshkosh/job/Shippensburg-Pennsylvania-United-States/Quality-Engineer-Intern_R49669
workday:sensata:/job/Thousand-Oaks-CA/Mechanical-Engineer-Intern--Aerospace----Summer-2027_IRC98482,Sensata,Mechanical Engineer Intern (Aerospace) - Summer 2027,Summer 2027,False,,Internship,,Aerospace & Defense,"Thousand Oaks, CA",unknown,,,,2026-09-16T00:00:00Z,date_only,2026-09-16T18:40:56Z,https://sensata.wd1.myworkdayjobs.com/Sensata-Careers/job/Thousand-Oaks-CA/Mechanical-Engineer-Intern--Aerospace----Summer-2027_IRC98482
workday:sensata:/job/Vista-CA/Mechanical-Engineer-Intern--Aerospace----Summer-2027_IRC98483,Sensata,Mechanical Engineer Intern (Aerospace) - Summer 2027,Summer 2027,False,,Internship,,Aerospace & Defense,"Vista, CA",unknown,,,,2026-09-16T00:00:00Z,date_only,2026-09-16T18:40:56Z,https://sensata.wd1.myworkdayjobs.com/Sensata-Careers/job/Vista-CA/Mechanical-Engineer-Intern--Aerospace----Summer-2027_IRC98483
workday:sonoco:/job/Hartselle-AL-USA/Manufacturing-Internship_JR-159794,Sonoco,Manufacturing Internship,Not stated,True,,Internship,,Manufacturing & Process,"Hartselle, AL, USA",unknown,,,,2026-09-16T00:00:00Z,date_only,2026-09-16T13:40:08Z,https://sonoco.wd1.myworkdayjobs.com/CorporateCareers/job/Hartselle-AL-USA/Manufacturing-Internship_JR-159794
workday:sonoco:/job/Hartselle-AL-USA/Mechanical-Internship_JR-159771,Sonoco,Mechanical Internship,Not stated,True,,Internship,,Design & CAD,"Hartselle, AL, USA",unknown,,,,2026-09-16T00:00:00Z,date_only,2026-09-16T13:40:08Z,https://sonoco.wd1.myworkdayjobs.com/CorporateCareers/job/Hartselle-AL-USA/Mechanical-Internship_JR-159771
workday:sonoco:/job/Jefferson-TX-USA/Manufacturing-Internship_JR-159774,Sonoco,Manufacturing Internship,Not stated,True,,Internship,,Manufacturing & Process,"Jefferson, TX, USA",unknown,,,,2026-09-16T00:00:00Z,date_only,2026-09-16T13:09:57Z,https://sonoco.wd1.myworkdayjobs.com/CorporateCareers/job/Jefferson-TX-USA/Manufacturing-Internship_JR-159774
workday:terex:/job/US-SD-Watertown/Design-Engineer-Intern_REQ-14324,Terex,Design Engineer Intern,Not stated,True,,Internship,,Design & CAD,US-SD Watertown,unknown,,,SolidWorks; Excel; Lean,2026-09-16T00:00:00Z,date_only,2026-09-16T19:56:24Z,https://terex.wd1.myworkdayjobs.com/terexcareers/job/US-SD-Watertown/Design-Engineer-Intern_REQ-14324
workday:terex:/job/US-SD-Watertown/Manufacturing-Engineer-Intern_REQ-14323,Terex,Manufacturing Engineer Intern,Not stated,True,,Internship,,Manufacturing & Process,US-SD Watertown,unknown,,$22–$26/hr,SolidWorks; AutoCAD; Onshape; GD&T; Excel; Welding; Lean,2026-09-16T00:00:00Z,date_only,2026-09-16T19:56:24Z,https://terex.wd1.myworkdayjobs.com/terexcareers/job/US-SD-Watertown/Manufacturing-Engineer-Intern_REQ-14323
workday:thermofisher:/job/Marietta-Ohio-USA/Manufacturing-Engineering-Co-op_R-01366628,Thermo Fisher Scientific,Manufacturing Engineering Co-op,Not stated,True,,Co-op,,Manufacturing & Process,"Marietta, Ohio, USA",no-sponsorship,368,,,2026-09-16T00:00:00Z,date_only,2026-09-16T16:05:33Z,https://thermofisher.wd5.myworkdayjobs.com/ThermoFisherCareers/job/Marietta-Ohio-USA/Manufacturing-Engineering-Co-op_R-01366628
greenhouse:eqtcorporation:5420621008,EQT Corporation,Midstream Facilities Engineer Intern,Not stated,True,,Internship,,Manufacturing & Process,"Canonsburg, PA",unknown,,,AutoCAD; Excel,2026-09-15T13:44:07-04:00,exact,2026-09-15T18:04:15Z,https://job-boards.greenhouse.io/eqtcorporation/jobs/5420621008
lever:lightship:27f49b68-6a5c-4a3a-a114-5487feb3add2,Lightship RV,Manufacturing Engineering Intern/Co-Op,Not stated,True,,Internship / Co-op,,Manufacturing & Process,"Broomfield, CO",unknown,,28–30 USD/hr,,2026-09-15T20:46:53Z,exact,2026-09-15T21:04:28Z,https://jobs.lever.co/lightship/27f49b68-6a5c-4a3a-a114-5487feb3add2
oracle:emit.fa.ca3.oraclecloud.com:88869,WSP,Overhead Transmission Line Design Engineering Intern - Summer 2027,Summer 2027,False,,Internship,,Automotive & Mobility,"Birmingham, AL, United States",unknown,,,SolidWorks; AutoCAD,2026-09-15,date_only,2026-09-15T20:38:50Z,https://emit.fa.ca3.oraclecloud.com/hcmUI/CandidateExperience/en/sites/CX_2001/job/88869
oracle:emit.fa.ca3.oraclecloud.com:95367,WSP,Structural Engineering Intern- Summer 2027,Summer 2027,False,,Internship,,Structures & Materials,"Chicago, IL, United States",unknown,,,FEA,2026-09-15,date_only,2026-09-15T21:04:28Z,https://emit.fa.ca3.oraclecloud.com/hcmUI/CandidateExperience/en/sites/CX_2001/job/95367
oracle:hctz.fa.us2.oraclecloud.com:2506613,onsemi,Summer 2027 - REL and Failure Analysis Internship,Summer 2027,False,,Internship,,Test & Quality,"Hopewell Junction, NY, United States",unknown,,$26–$44/hr,,2026-09-15,date_only,2026-09-15T16:39:13Z,https://hctz.fa.us2.oraclecloud.com/hcmUI/CandidateExperience/en/sites/CX_1001/job/2506613
oracle:hctz.fa.us2.oraclecloud.com:2506645,onsemi,Summer 2027 - Metrology Engineering Intern,Summer 2027,False,,Internship,,Test & Quality,"Hopewell Junction, NY, United States",unknown,,$26–$44/hr,Metrology; Excel,2026-09-15,date_only,2026-09-15T16:39:13Z,https://hctz.fa.us2.oraclecloud.com/hcmUI/CandidateExperience/en/sites/CX_1001/job/2506645
oracle:hctz.fa.us2.oraclecloud.com:2506646,onsemi,Summer 2027 - Wet Process Engineering Intern,Summer 2027,False,,Internship,,Manufacturing & Process,"Hopewell Junction, NY, United States",unknown,,$26–$44/hr,Excel; Lean,2026-09-15,date_only,2026-09-15T16:39:13Z,https://hctz.fa.us2.oraclecloud.com/hcmUI/CandidateExperience/en/sites/CX_1001/job/2506646
workable:talentpluto:441A17F2A4,Talentpluto,Design Engineering Intern,Not stated,True,,Internship,yes,Design & CAD,United States (Remote),unknown,,$35–$50/hr,,2026-09-15T00:00:00.000Z,date_only,2026-09-25T15:07:58Z,https://apply.workable.com/talentpluto/j/441A17F2A4/
workday:aero:/job/El-Segundo-CA/XMLNAME-2027-Aerospace-Software-Engineer-Undergraduate-Intern_R016605,The Aerospace Corporation,2027 Aerospace Software Engineer Undergraduate Intern,Summer 2027,False,,Internship,,Aerospace & Defense,"El Segundo, CA",citizens-only,,,Python; C++; Excel,2026-09-15T00:00:00Z,date_only,2026-09-16T05:02:39Z,https://aero.wd5.myworkdayjobs.com/external/job/El-Segundo-CA/XMLNAME-2027-Aerospace-Software-Engineer-Undergraduate-Intern_R016605
workday:brunswick:/job/Brownsburg-IN/Mercury-Marine--Industrial-Engineer-Intern_JR-051584,Brunswick,Mercury Marine: Industrial Engineer Intern,Summer 2027,False,,Internship,,Manufacturing & Process,"Brownsburg, IN",unknown,54,$18–$27.5/hr,,2026-09-15T00:00:00Z,date_only,2026-09-16T04:05:56Z,https://brunswick.wd1.myworkdayjobs.com/search/job/Brownsburg-IN/Mercury-Marine--Industrial-Engineer-Intern_JR-051584
workday:digikey:/job/Thief-River-Falls-MN/Industrial-Engineering-Intern_R5775,DigiKey,Industrial Engineering Intern,Not stated,True,,Internship,,Manufacturing & Process,"Thief River Falls, MN",no-sponsorship,,,,2026-09-15T00:00:00Z,date_only,2026-09-15T15:05:42Z,https://digikey.wd5.myworkdayjobs.com/digi-key/job/Thief-River-Falls-MN/Industrial-Engineering-Intern_R5775
workday:ebi:/job/Simsbury-CT/Electronics-Manufacturing-Engineer-Intern_REQ107696-1,Ensign-Bickford Aerospace & Defense Company,Electronics Manufacturing Engineer Intern,Summer 2027,False,,Internship,,Manufacturing & Process,"Simsbury, CT",unknown,,,SPC,2026-09-15T00:00:00Z,date_only,2026-09-15T19:06:19Z,https://ebi.wd5.myworkdayjobs.com/ebadcareers/job/Simsbury-CT/Electronics-Manufacturing-Engineer-Intern_REQ107696-1
workday:everestre:/job/Warren-NJ/XMLNAME-2027-Everest-Design-Engineering-Internship-Program_R7401,Everest,2027 Everest Design Engineering Internship Program,Summer 2027,False,,Internship,,Design & CAD,"Warren, NJ",unknown,,,Excel,2026-09-15T00:00:00Z,date_only,2026-09-15T21:04:28Z,https://everestre.wd5.myworkdayjobs.com/careers/job/Warren-NJ/XMLNAME-2027-Everest-Design-Engineering-Internship-Program_R7401
workday:flextronics:/job/USA-MI-Coopersville/Process-Engineering-Intern---Fall-2026_WD229615,Flextronics International,Process Engineering Intern - Fall 2026,Fall 2026,False,,Internship,,Manufacturing & Process,"USA, MI, Coopersville",unknown,,,,2026-09-15T00:00:00Z,date_only,2026-09-15T22:03:22Z,https://flextronics.wd1.myworkdayjobs.com/Careers/job/USA-MI-Coopersville/Process-Engineering-Intern---Fall-2026_WD229615
workday:graco:/job/Dayton-Minnesota-USA-French-Lake/CNC-Machinist-Intern_R0022988,Graco,CNC Machinist Intern,Not stated,True,,Internship,,Manufacturing & Process,"Dayton, Minnesota, USA (French Lake)",no-sponsorship,,,CNC; Machining; Hydraulics; CMM,2026-09-15T00:00:00Z,date_only,2026-09-15T15:38:51Z,https://graco.wd501.myworkdayjobs.com/Graco_Careers/job/Dayton-Minnesota-USA-French-Lake/CNC-Machinist-Intern_R0022988
workday:granite:/job/Pleasanton-California/Plant-Engineer-Intern---Summer-2027_R0000008111,Granite Construction,Plant Engineer Intern - Summer 2027,Summer 2027,False,,Internship,,Manufacturing & Process,"Pleasanton, California",unknown,4,,,2026-09-15T00:00:00Z,date_only,2026-09-15T19:06:19Z,https://granite.wd1.myworkdayjobs.com/careers/job/Pleasanton-California/Plant-Engineer-Intern---Summer-2027_R0000008111
workday:granite:/job/Ukiah-California/Plant-Engineer-Intern---Summer-2027_R0000008112,Granite Construction,Plant Engineer Intern - Summer 2027,Summer 2027,False,,Internship,,Manufacturing & Process,"Ukiah, California",unknown,4,,,2026-09-15T00:00:00Z,date_only,2026-09-15T19:06:19Z,https://granite.wd1.myworkdayjobs.com/careers/job/Ukiah-California/Plant-Engineer-Intern---Summer-2027_R0000008112
workday:granite:/job/Watsonville-California/Plant-Engineer-Intern---Summer-2027_R0000008110,Granite Construction,Plant Engineer Intern - Summer 2027,Summer 2027,False,,Internship,,Manufacturing & Process,"Watsonville, California",unknown,4,,,2026-09-15T00:00:00Z,date_only,2026-09-15T19:06:19Z,https://granite.wd1.myworkdayjobs.com/careers/job/Watsonville-California/Plant-Engineer-Intern---Summer-2027_R0000008110
workday:ingredion:/job/Bedford-Park-IL/Process-Engineering-Co-Op_Req-40269-1,Ingredion,Process Engineering Co-Op,Not stated,True,,Co-op,,Manufacturing & Process,"Bedford Park, IL",unknown,4,,Excel; Machining,2026-09-15T00:00:00Z,date_only,2026-09-15T20:38:50Z,https://ingredion.wd1.myworkdayjobs.com/IngredionCareers/job/Bedford-Park-IL/Process-Engineering-Co-Op_Req-40269-1
workday:jj:/job/Santa-Clara-California-United-States-of-America/Clinical-Engineering---Human-Factors-Intern---Robotics-R-D_R-099931,Johnson & Johnson,Clinical Engineering & Human Factors Intern - Robotics R&D,Summer 2027,False,,Internship,,Robotics & Controls,"Santa Clara, California, United States of America",no-sponsorship,8,$32/hr,,2026-09-15T00:00:00Z,date_only,2026-09-15T22:36:18Z,https://jj.wd5.myworkdayjobs.com/JJ/job/Santa-Clara-California-United-States-of-America/Clinical-Engineering---Human-Factors-Intern---Robotics-R-D_R-099931
workday:jj:/job/Santa-Clara-California-United-States-of-America/Mechatronics---Systems-Integration-Intern---R-D_R-099833,Johnson & Johnson,Mechatronics & Systems Integration Intern - R&D,Summer 2027,False,,Internship,,Robotics & Controls,"Santa Clara, California, United States of America",unknown,8,$32/hr,Python; C++,2026-09-15T00:00:00Z,date_only,2026-09-15T17:05:19Z,https://jj.wd5.myworkdayjobs.com/JJ/job/Santa-Clara-California-United-States-of-America/Mechatronics---Systems-Integration-Intern---R-D_R-099833
workday:micron:/job/Folsom-CA/Intern---HBM-SoC-Physical-Design-Engineer_JR111041,Micron Technology,Intern - HBM SoC Physical Design Engineer,Not stated,True,,Internship,,Design & CAD,"Folsom, CA",unknown,489,,Python,2026-09-15T00:00:00Z,date_only,2026-09-15T16:39:13Z,https://micron.wd1.myworkdayjobs.com/External/job/Folsom-CA/Intern---HBM-SoC-Physical-Design-Engineer_JR111041
workday:micron:/job/Richardson-TX/Intern---Design-Engineer--HBM_JR110452,Micron Technology,"Intern - Design Engineer, HBM",Not stated,True,,Internship,,Design & CAD,"Richardson, TX",unknown,489,,,2026-09-15T00:00:00Z,date_only,2026-09-15T14:06:52Z,https://micron.wd1.myworkdayjobs.com/External/job/Richardson-TX/Intern---Design-Engineer--HBM_JR110452
workday:moog:/job/Torrance-CA/Intern--Mechanical-Engineering_R-26-19918-1,Moog,"Intern, Mechanical Engineering",Fall 2026,False,,Internship,,Design & CAD,"Torrance, CA",unknown,2,,,2026-09-15T00:00:00Z,date_only,2026-09-15T15:38:51Z,https://moog.wd5.myworkdayjobs.com/moog_external_career_site/job/Torrance-CA/Intern--Mechanical-Engineering_R-26-19918-1
workday:oceanspray:/job/Lakeville-MA/Process-Engineering-Co-Op_R5426,Ocean Spray,Process Engineering Co-Op,Not stated,True,,Co-op,,Manufacturing & Process,"Lakeville, MA",unknown,,,Excel,2026-09-15T00:00:00Z,date_only,2026-09-16T09:37:58Z,https://oceanspray.wd5.myworkdayjobs.com/OceanSprayJobs/job/Lakeville-MA/Process-Engineering-Co-Op_R5426
workday:oshkoshcorporation:/job/Frederick-Maryland-United-States/Hydraulics-Engineering-Intern_R49481,Oshkosh,Hydraulics Engineering Intern,Not stated,True,,Internship,,Thermal & Fluids,"Frederick, Maryland, United States",unknown,2,,Hydraulics; Creo,2026-09-15T00:00:00Z,date_only,2026-09-15T16:05:10Z,https://oshkoshcorporation.wd5.myworkdayjobs.com/Oshkosh/job/Frederick-Maryland-United-States/Hydraulics-Engineering-Intern_R49481
workday:oshkoshcorporation:/job/McConnellsburg-Pennsylvania-United-States/Advanced-Manufacturing-Intern_R49611,Oshkosh,Advanced Manufacturing Intern,Not stated,True,,Internship,,Manufacturing & Process,"McConnellsburg, Pennsylvania, United States",unknown,2,,AutoCAD; Excel; Welding; Six Sigma; Lean,2026-09-15T00:00:00Z,date_only,2026-09-15T19:37:01Z,https://oshkoshcorporation.wd5.myworkdayjobs.com/Oshkosh/job/McConnellsburg-Pennsylvania-United-States/Advanced-Manufacturing-Intern_R49611
workday:oshkoshcorporation:/job/McConnellsburg-Pennsylvania-United-States/Advanced-Manufacturing-Intern_R49614,Oshkosh,Advanced Manufacturing Intern,Not stated,True,,Internship,,Manufacturing & Process,"McConnellsburg, Pennsylvania, United States",unknown,2,,AutoCAD; Excel; Welding; Six Sigma; Lean,2026-09-15T00:00:00Z,date_only,2026-09-15T16:05:10Z,https://oshkoshcorporation.wd5.myworkdayjobs.com/Oshkosh/job/McConnellsburg-Pennsylvania-United-States/Advanced-Manufacturing-Intern_R49614
workday:oshkoshcorporation:/job/McConnellsburg-Pennsylvania-United-States/Advanced-Manufacturing-Intern_R49617,Oshkosh,Advanced Manufacturing Intern,Not stated,True,,Internship,,Manufacturing & Process,"McConnellsburg, Pennsylvania, United States",unknown,2,,AutoCAD; Excel; Welding; Six Sigma; Lean,2026-09-15T00:00:00Z,date_only,2026-09-15T15:38:51Z,https://oshkoshcorporation.wd5.myworkdayjobs.com/Oshkosh/job/McConnellsburg-Pennsylvania-United-States/Advanced-Manufacturing-Intern_R49617
workday:oshkoshcorporation:/job/McConnellsburg-Pennsylvania-United-States/Advanced-Manufacturing-Intern_R49618,Oshkosh,Advanced Manufacturing Intern,Not stated,True,,Internship,,Manufacturing & Process,"McConnellsburg, Pennsylvania, United States",unknown,2,,AutoCAD; Excel; Welding; Six Sigma; Lean,2026-09-15T00:00:00Z,date_only,2026-09-15T15:05:42Z,https://oshkoshcorporation.wd5.myworkdayjobs.com/Oshkosh/job/McConnellsburg-Pennsylvania-United-States/Advanced-Manufacturing-Intern_R49618
workday:oshkoshcorporation:/job/Orrville-Ohio-United-States/Hydraulics-Engineering-Intern_R49482,Oshkosh,Hydraulics Engineering Intern,Not stated,True,,Internship,,Thermal & Fluids,"Orrville, Ohio, United States",unknown,2,,Hydraulics; Creo,2026-09-15T00:00:00Z,date_only,2026-09-15T15:38:51Z,https://oshkoshcorporation.wd5.myworkdayjobs.com/Oshkosh/job/Orrville-Ohio-United-States/Hydraulics-Engineering-Intern_R49482
workday:oshkoshcorporation:/job/Shippensburg-Pennsylvania-United-States/Manufacturing-Engineer-Intern_R49667,Oshkosh,Manufacturing Engineer Intern,Not stated,True,,Internship,,Manufacturing & Process,"Shippensburg, Pennsylvania, United States",unknown,2,,Machining; Additive Manufacturing; Welding; Lean,2026-09-15T00:00:00Z,date_only,2026-09-15T20:38:50Z,https://oshkoshcorporation.wd5.myworkdayjobs.com/Oshkosh/job/Shippensburg-Pennsylvania-United-States/Manufacturing-Engineer-Intern_R49667
workday:oshkoshcorporation:/job/Shippensburg-Pennsylvania-United-States/Manufacturing-Engineering-Intern_R49677,Oshkosh,Manufacturing Engineering Intern,Not stated,True,,Internship,,Manufacturing & Process,"Shippensburg, Pennsylvania, United States",unknown,2,,Machining; Welding; Lean,2026-09-15T00:00:00Z,date_only,2026-09-15T13:38:58Z,https://oshkoshcorporation.wd5.myworkdayjobs.com/Oshkosh/job/Shippensburg-Pennsylvania-United-States/Manufacturing-Engineering-Intern_R49677
workday:philips:/job/Plymouth-Minnesota-United-States/Intern---R-D-Engineer---Plymouth--MN---Summer-2027_591610,Philips,"Intern – R&D Engineer – Plymouth, MN – Summer 2027",Summer 2027,False,,Internship,,General Engineering,"Plymouth, Minnesota, United States",unknown,,,SolidWorks; Excel,2026-09-15T00:00:00Z,date_only,2026-09-15T23:01:25Z,https://philips.wd3.myworkdayjobs.com/jobs-and-careers/job/Plymouth-Minnesota-United-States/Intern---R-D-Engineer---Plymouth--MN---Summer-2027_591610
workday:ttc:/job/Perry-OK/Test-Engineering-Intern---Ditch-Witch_JR17320,The Toro Company,Test Engineering Intern - Ditch Witch,Summer 2027,False,,Internship,,Test & Quality,"Perry, OK",no-sponsorship,2,,,2026-09-15T00:00:00Z,date_only,2026-09-15T17:35:13Z,https://ttc.wd1.myworkdayjobs.com/Toro_External_Careers/job/Perry-OK/Test-Engineering-Intern---Ditch-Witch_JR17320
workday:woodward:/job/Zeeland-MI-US/Engineering-Co-op---Design-Engineering---Zeeland--MI--Summer-2027-_JR112252,Woodward Governor,"Engineering Co-op - Design Engineering | Zeeland, MI (Summer 2027)",Summer 2027,False,,Co-op,,Design & CAD,"Zeeland, MI, US",unknown,,,Excel,2026-09-15T00:00:00Z,date_only,2026-09-15T13:10:24Z,https://woodward.wd5.myworkdayjobs.com/woodward/job/Zeeland-MI-US/Engineering-Co-op---Design-Engineering---Zeeland--MI--Summer-2027-_JR112252
workday:woodward:/job/Zeeland-MI-US/Engineering-Co-op---Manufacturing-Engineering---Zeeland--MI--Summer-2027-_JR112088,Woodward Governor,"Engineering Co-op - Manufacturing Engineering | Zeeland, MI (Summer 2027)",Summer 2027,False,,Co-op,,Manufacturing & Process,"Zeeland, MI, US",unknown,,,Excel,2026-09-15T00:00:00Z,date_only,2026-09-15T13:10:24Z,https://woodward.wd5.myworkdayjobs.com/woodward/job/Zeeland-MI-US/Engineering-Co-op---Manufacturing-Engineering---Zeeland--MI--Summer-2027-_JR112088
lever:acronaviation:ad4a75ee-4247-4f71-afe5-174f16832edf,Acron Aviation,Avionics Certification Engineering Intern - Phoenix Site,Not stated,True,,Internship,,Aerospace & Defense,"Phoenix, AZ",unknown,,,Excel,2026-09-14T00:43:00Z,exact,2026-09-14T15:11:13Z,https://jobs.lever.co/acronaviation/ad4a75ee-4247-4f71-afe5-174f16832edf
lever:rigetti:efe28dd4-f331-4738-b282-23106928c3a3,Rigetti,Research Intern: Scalable Fabrication of Superconducting Quantum Devices,Not stated,True,,Internship,,Manufacturing & Process,"Berkeley, CA",unknown,,35–50 USD/hr,,2026-09-14T22:27:49Z,exact,2026-09-15T01:41:28Z,https://jobs.lever.co/rigetti/efe28dd4-f331-4738-b282-23106928c3a3
oracle:edbz.fa.us2.oraclecloud.com:25017932,Texas Instruments,Manufacturing Technician Intern,Not stated,True,,Internship,,Manufacturing & Process,"Lehi, UT, United States",no-sponsorship,234,,,2026-09-14,date_only,2026-09-14T21:35:40Z,https://edbz.fa.us2.oraclecloud.com/hcmUI/CandidateExperience/en/sites/CX_1/job/25017932
smartrecruiters:RESPECInc:744000149419399,RESPEC,Student Structural BIM Technician Intern (Rapid City),Summer 2027,False,,Internship,,Structures & Materials,"Rapid City, SD, United States",unknown,,,AutoCAD; Revit,2026-09-14T19:33:23.332Z,exact,2026-09-14T20:01:07Z,https://jobs.smartrecruiters.com/RESPECInc/744000149419399
smartrecruiters:RESPECInc:744000149420667,RESPEC,"Student Structural BIM Technician Intern (Denver, Loveland, & Sioux Falls)",Summer 2027,False,,Internship,,Structures & Materials,"Denver, CO, United States",unknown,,,AutoCAD; Revit,2026-09-14T19:44:09.587Z,exact,2026-09-14T20:01:07Z,https://jobs.smartrecruiters.com/RESPECInc/744000149420667
smartrecruiters:RESPECInc:744000149427190,RESPEC,Student Engineering Intern (Structural),Summer 2027,False,,Internship,,Structures & Materials,"Rapid City, SD, United States",unknown,,,AutoCAD; Revit,2026-09-14T20:26:52.343Z,exact,2026-09-14T20:32:16Z,https://jobs.smartrecruiters.com/RESPECInc/744000149427190
smartrecruiters:RESPECInc:744000149430049,RESPEC,Student Engineering Intern (Structural),Summer 2027,False,,Internship,,Structures & Materials,"Brookings, SD, United States",unknown,,,AutoCAD; Revit,2026-09-14T20:34:32.808Z,exact,2026-09-14T21:02:54Z,https://jobs.smartrecruiters.com/RESPECInc/744000149430049
smartrecruiters:RESPECInc:744000149447560,RESPEC,Student Engineering Intern (Structural),Summer 2027,False,,Internship,,Structures & Materials,"Sioux Falls, SD, United States",unknown,,,AutoCAD; Revit,2026-09-14T21:48:40.534Z,exact,2026-09-14T22:04:06Z,https://jobs.smartrecruiters.com/RESPECInc/744000149447560
workday:ag:/job/Kinston-NC/XMLNAME-2027-Summer-Internship---Manufacturing-Engineer_JR10441369,Airbus,2027 Summer Internship - Manufacturing Engineer,Summer 2027,False,,Internship,,Manufacturing & Process,"Kinston, NC",unknown,,,SolidWorks; CATIA; AutoCAD; Composites; Hydraulics,2026-09-14T00:00:00Z,date_only,2026-09-14T20:32:16Z,https://ag.wd3.myworkdayjobs.com/Airbus/job/Kinston-NC/XMLNAME-2027-Summer-Internship---Manufacturing-Engineer_JR10441369
workday:allegion:/job/Mount-Comfort-IN/Summer-Intern---Manufacturing-Engineering_JR37650-1,Allegion,Summer Intern - Manufacturing Engineering,Not stated,True,,Internship,,Manufacturing & Process,"Mount Comfort, IN",unknown,,,SolidWorks; Creo; AutoCAD; Python; Excel; PLC; CNC; Machining,2026-09-14T00:00:00Z,date_only,2026-09-14T15:11:13Z,https://allegion.wd5.myworkdayjobs.com/careers/job/Mount-Comfort-IN/Summer-Intern---Manufacturing-Engineering_JR37650-1
workday:allegion:/job/Mount-Comfort-IN/Summer-Intern---Mechanical-Engineer_JR37495-1,Allegion,Summer Intern - Mechanical Engineer,Not stated,True,,Internship,,Design & CAD,"Mount Comfort, IN",unknown,,,Creo; PLC,2026-09-14T00:00:00Z,date_only,2026-09-14T16:09:26Z,https://allegion.wd5.myworkdayjobs.com/careers/job/Mount-Comfort-IN/Summer-Intern---Mechanical-Engineer_JR37495-1
workday:autostore:/job/Atlanta-GA-USA/Co-Op---Mechanical-Engineer_JR102694,Autostore,Co-Op/Intern - Mechanical Engineer,Not stated,True,,Internship / Co-op,,Design & CAD,"Atlanta, GA, USA",unknown,,,SolidWorks; Creo; Inventor,2026-09-14T00:00:00Z,date_only,2026-09-14T15:11:13Z,https://autostore.wd3.myworkdayjobs.com/autostore/job/Atlanta-GA-USA/Co-Op---Mechanical-Engineer_JR102694
workday:basspro:/job/Springfield-MO-Tracker-Marine-Base-Camp/CAD-Technician-Co-Op_R267058-1,Bass Pro Shops,CAD Technician Co-Op,Not stated,True,,Co-op,,Design & CAD,"Springfield, MO (Tracker Marine Base Camp)",unknown,,,CATIA; GD&T; CNC; Machining; Composites,2026-09-14T00:00:00Z,date_only,2026-09-16T22:35:47Z,https://basspro.wd1.myworkdayjobs.com/careers/job/Springfield-MO-Tracker-Marine-Base-Camp/CAD-Technician-Co-Op_R267058-1
workday:basspro:/job/Springfield-MO-Tracker-Marine-Base-Camp/Product-Validation-Engineer-Co-Op_R267057,Bass Pro Shops,Product Validation Engineer Co-Op,Not stated,True,,Co-op,,Test & Quality,"Springfield, MO (Tracker Marine Base Camp)",unknown,,,,2026-09-14T00:00:00Z,date_only,2026-09-16T22:35:47Z,https://basspro.wd1.myworkdayjobs.com/careers/job/Springfield-MO-Tracker-Marine-Base-Camp/Product-Validation-Engineer-Co-Op_R267057
workday:disney:/job/Anaheim-CA-USA/Disneyland-Resort-Industrial-Engineering-Intern--Summer-2027_10159978-1,The Walt Disney Company,"Disneyland Resort Industrial Engineering Intern, Summer 2027",Summer 2027,False,,Internship,,Manufacturing & Process,"Anaheim, CA, USA",unknown,,$32/hr,,2026-09-14T00:00:00Z,date_only,2026-09-14T15:11:13Z,https://disney.wd5.myworkdayjobs.com/disneycareerdc/job/Anaheim-CA-USA/Disneyland-Resort-Industrial-Engineering-Intern--Summer-2027_10159978
workday:disney:/job/Lake-Buena-Vista-FL-USA/Walt-Disney-World-Industrial-Engineering-Intern--Summer-Fall-2027_10159994-1,The Walt Disney Company,"Walt Disney World Industrial Engineering Intern, Summer/Fall 2027",Summer 2027,False,,Internship,,Manufacturing & Process,"Lake Buena Vista, FL, USA",unknown,,$32/hr,,2026-09-14T00:00:00Z,date_only,2026-09-14T15:11:13Z,https://disney.wd5.myworkdayjobs.com/disneycareer/job/Lake-Buena-Vista-FL-USA/Walt-Disney-World-Industrial-Engineering-Intern--Summer-Fall-2027_10159994-1
workday:elkay:/job/Freeport-IL/Industrial-Engineering-Intern--Summer-2027-_REQ-020073,Zurn Elkay Water Solutions,Industrial Engineering Intern (Summer 2027),Summer 2027,False,,Internship,,Manufacturing & Process,"Freeport, IL",unknown,,$19.5–$21.5/hr,AutoCAD; Excel,2026-09-14T00:00:00Z,date_only,2026-09-14T20:01:07Z,https://elkay.wd1.myworkdayjobs.com/Elkay_External/job/Freeport-IL/Industrial-Engineering-Intern--Summer-2027-_REQ-020073
workday:elkay:/job/Lanark-IL/Industrial-Engineering-Intern--Summer-2027-_REQ-020075,Zurn Elkay Water Solutions,Industrial Engineering Intern (Summer 2027),Summer 2027,False,,Internship,,Manufacturing & Process,"Lanark, IL",unknown,,$19.5–$21.5/hr,AutoCAD; Excel,2026-09-14T00:00:00Z,date_only,2026-09-14T20:01:07Z,https://elkay.wd1.myworkdayjobs.com/Elkay_External/job/Lanark-IL/Industrial-Engineering-Intern--Summer-2027-_REQ-020075
workday:entegris:/job/Bedford-MA/Mechanical-Engineering-Co-Op_REQ-14401,Entegris,Mechanical Engineering Co-Op,Fall 2026,False,,Co-op,,Design & CAD,"Bedford, MA",unknown,60,$20–$30/hr,SolidWorks,2026-09-14T00:00:00Z,date_only,2026-09-14T15:30:29Z,https://entegris.wd1.myworkdayjobs.com/entegriscareers/job/Bedford-MA/Mechanical-Engineering-Co-Op_REQ-14401
workday:eversource:/job/Hartford-CT/XMLNAME-2026-Transmission-System-Planning-Intern_R-029918,Eversource Energy,2027: Transmission System Planning Co-op,Summer 2027,False,,Co-op,,Automotive & Mobility,"Hartford, CT",no-sponsorship,,,,2026-09-14T00:00:00Z,date_only,2026-09-14T17:08:33Z,https://eversource.wd1.myworkdayjobs.com/ExternalSite/job/Hartford-CT/XMLNAME-2026-Transmission-System-Planning-Intern_R-029918
workday:generalmotors:/job/Concord-North-Carolina-United-States-of-America/XMLNAME-2027-Summer-Intern---Motorsports-Aerodynamics_JR-202620069,General Motors,2027 Summer Intern – Motorsports Aerodynamics,Summer 2027,False,,Internship,,Automotive & Mobility,"Concord, North Carolina, United States of America",unknown,928,,CFD,2026-09-14T00:00:00Z,date_only,2026-09-15T02:04:43Z,https://generalmotors.wd5.myworkdayjobs.com/Careers_GM/job/Concord-North-Carolina-United-States-of-America/XMLNAME-2027-Summer-Intern---Motorsports-Aerodynamics_JR-202620069
workday:generalmotors:/job/Concord-North-Carolina-United-States-of-America/XMLNAME-2027-Summer-Intern---Sportscar-Motorsports-Strategy_JR-202619859,General Motors,2027 Summer Intern – Sportscar Motorsports Strategy,Summer 2027,False,,Internship,,Automotive & Mobility,"Concord, North Carolina, United States of America",unknown,928,,Python,2026-09-14T00:00:00Z,date_only,2026-09-15T02:04:43Z,https://generalmotors.wd5.myworkdayjobs.com/Careers_GM/job/Concord-North-Carolina-United-States-of-America/XMLNAME-2027-Summer-Intern---Sportscar-Motorsports-Strategy_JR-202619859
workday:generalmotors:/job/Milford-Michigan-United-States-of-America/XMLNAME-2027-Summer-Intern---Motorsports-Aero-Thermal-Engineering_JR-202619861,General Motors,2027 Summer Intern – Motorsports Aero-Thermal Engineering,Summer 2027,False,,Internship,,Automotive & Mobility,"Milford, Michigan, United States of America",unknown,928,,CFD,2026-09-14T00:00:00Z,date_only,2026-09-15T02:04:43Z,https://generalmotors.wd5.myworkdayjobs.com/Careers_GM/job/Milford-Michigan-United-States-of-America/XMLNAME-2027-Summer-Intern---Motorsports-Aero-Thermal-Engineering_JR-202619861
workday:globalhr:/job/US-OK-OKLAHOMA-CITY-8120SC--8120-S-Air-Depot-Blvd--SUSTAINMENT-CTR-Dock-18/Mechanical-Design---Hot-Section-Engineering-Intern--Summer-2027---Onsite-_01871721,RTX,Mechanical Design – Hot Section Engineering Intern (Summer 2027) (Onsite),Summer 2027,False,,Internship,,Design & CAD,"US-OK-OKLAHOMA CITY-8120SC ~ 8120 S Air Depot Blvd ~ SUSTAINMENT CTR, Dock 18",citizens-only,,,,2026-09-14T00:00:00Z,date_only,2026-09-14T15:11:13Z,https://globalhr.wd5.myworkdayjobs.com/rec_rtx_ext_gateway/job/US-OK-OKLAHOMA-CITY-8120SC--8120-S-Air-Depot-Blvd--SUSTAINMENT-CTR-Dock-18/Mechanical-Design---Hot-Section-Engineering-Intern--Summer-2027---Onsite-_01871721
workday:imeg:/job/Ontario-California/Mechanical-Engineering-Intern---Ontario--CA_R-16414,IMEG,"Mechanical Engineering Intern | Ontario, CA",Summer 2027,False,,Internship,,Design & CAD,"Ontario, California",no-sponsorship,10,,AutoCAD; Excel,2026-09-14T00:00:00Z,date_only,2026-09-15T03:39:11Z,https://wd1.myworkdaysite.com/recruiting/imeg/Imeg_Careers/job/Ontario-California/Mechanical-Engineering-Intern---Ontario--CA_R-16414
workday:jj:/job/Santa-Clara-California-United-States-of-America/Mechanical-Engineering-Intern---Robotics-R-D_R-099647-1,Johnson & Johnson,Mechanical Engineering Intern - Robotics R&D,Summer 2027,False,,Internship,,Robotics & Controls,"Santa Clara, California, United States of America",no-sponsorship,8,$32/hr,Machining; Additive Manufacturing; Injection Molding,2026-09-14T00:00:00Z,date_only,2026-09-14T21:35:40Z,https://jj.wd5.myworkdayjobs.com/JJ/job/Santa-Clara-California-United-States-of-America/Mechanical-Engineering-Intern---Robotics-R-D_R-099647-1
workday:jj:/job/Santa-Clara-California-United-States-of-America/RC---A---Robotics-R-D_R-099654-1,Johnson & Johnson,Robotics Controls & Autonomy Intern - Robotics R&D,Summer 2027,False,,Internship,,Robotics & Controls,"Santa Clara, California, United States of America",no-sponsorship,8,$32/hr,Python; C++,2026-09-14T00:00:00Z,date_only,2026-09-14T23:33:58Z,https://jj.wd5.myworkdayjobs.com/JJ/job/Santa-Clara-California-United-States-of-America/RC---A---Robotics-R-D_R-099654-1
workday:labcorp:/job/Bloomfield-CT/Intern---Mechanical-Engineer_2632739-1,LabCorp,Intern - Mechanical Engineer,Summer 2027,False,,Internship,,Design & CAD,Bloomfield CT,no-sponsorship,,$23–$28/hr,SolidWorks; Additive Manufacturing,2026-09-14T00:00:00Z,date_only,2026-09-15T02:35:57Z,https://labcorp.wd1.myworkdayjobs.com/external/job/Bloomfield-CT/Intern---Mechanical-Engineer_2632739-1
workday:leidos:/job/Huntsville-AL/Aerospace-M-S-Engineer-Intern_R-00191760,Leidos,Aerospace M&S Engineer Intern,Not stated,True,,Internship,,Aerospace & Defense,"Huntsville, AL",citizens-only,79,,MATLAB; Simulink; Python; C++; Git,2026-09-14T00:00:00Z,date_only,2026-09-15T03:07:56Z,https://leidos.wd5.myworkdayjobs.com/External/job/Huntsville-AL/Aerospace-M-S-Engineer-Intern_R-00191760
workday:nvent:/job/Anoka-MN-US/Manufacturing-Engineering-Co-op--June---December-2027-_R23578,nVent,Manufacturing Engineering Co-op (June - December 2027),Summer 2027,False,,Co-op,,Manufacturing & Process,"Anoka, MN, US",unknown,,$25/hr,SolidWorks; AutoCAD; Lean,2026-09-14T00:00:00Z,date_only,2026-09-14T15:11:13Z,https://nvent.wd5.myworkdayjobs.com/nVent/job/Anoka-MN-US/Manufacturing-Engineering-Co-op--June---December-2027-_R23578
workday:nvent:/job/Anoka-MN-US/Mechanical-Engineering-and-Design-Co-op--June---December-2027-_R23573,nVent,Mechanical Engineering and Design Co-op (June - December 2027),Summer 2027,False,,Co-op,,Design & CAD,"Anoka, MN, US",unknown,,$25/hr,SolidWorks; FEA; Sheet Metal,2026-09-14T00:00:00Z,date_only,2026-09-14T15:11:13Z,https://nvent.wd5.myworkdayjobs.com/nVent/job/Anoka-MN-US/Mechanical-Engineering-and-Design-Co-op--June---December-2027-_R23573
workday:oshkoshcorporation:/job/Bedford-Pennsylvania-United-States/Manufacturing-Engineering-Intern_R49696,Oshkosh,Manufacturing Engineering Intern,Not stated,True,,Internship,,Manufacturing & Process,"Bedford, Pennsylvania, United States",unknown,2,,Machining; Welding; Lean,2026-09-14T00:00:00Z,date_only,2026-09-14T20:01:07Z,https://oshkoshcorporation.wd5.myworkdayjobs.com/Oshkosh/job/Bedford-Pennsylvania-United-States/Manufacturing-Engineering-Intern_R49696
workday:oshkoshcorporation:/job/Bedford-Pennsylvania-United-States/Manufacturing-Engineering-Intern_R49700,Oshkosh,Manufacturing Engineering Intern,Not stated,True,,Internship,,Manufacturing & Process,"Bedford, Pennsylvania, United States",unknown,2,,Machining; Welding; Lean,2026-09-14T00:00:00Z,date_only,2026-09-14T19:37:28Z,https://oshkoshcorporation.wd5.myworkdayjobs.com/Oshkosh/job/Bedford-Pennsylvania-United-States/Manufacturing-Engineering-Intern_R49700
workday:oshkoshcorporation:/job/Bedford-Pennsylvania-United-States/Manufacturing-Safety-Intern_R49622,Oshkosh,Manufacturing Safety Intern,Not stated,True,,Internship,,Manufacturing & Process,"Bedford, Pennsylvania, United States",unknown,2,,,2026-09-14T00:00:00Z,date_only,2026-09-14T19:06:41Z,https://oshkoshcorporation.wd5.myworkdayjobs.com/Oshkosh/job/Bedford-Pennsylvania-United-States/Manufacturing-Safety-Intern_R49622
workday:oshkoshcorporation:/job/Houston-Texas-United-States/Manufacturing-Engineering-Intern_R49702,Oshkosh,Manufacturing Engineering Intern,Not stated,True,,Internship,,Manufacturing & Process,"Houston, Texas, United States",unknown,2,,Excel; Lean,2026-09-14T00:00:00Z,date_only,2026-09-14T19:37:28Z,https://oshkoshcorporation.wd5.myworkdayjobs.com/Oshkosh/job/Houston-Texas-United-States/Manufacturing-Engineering-Intern_R49702
workday:oshkoshcorporation:/job/New-Hudson-Michigan-United-States/Manufacturing-Intern---Summer-2027_R50275,Oshkosh,Manufacturing Intern - Summer 2027,Summer 2027,False,,Internship,,Manufacturing & Process,"New Hudson, Michigan, United States",unknown,2,,SolidWorks; Creo; Excel; Machining; Lean,2026-09-14T00:00:00Z,date_only,2026-09-14T15:11:13Z,https://oshkoshcorporation.wd5.myworkdayjobs.com/Oshkosh/job/New-Hudson-Michigan-United-States/Manufacturing-Intern---Summer-2027_R50275
workday:ttc:/job/Bloomington-MN/Advanced-Quality-Engineering-Intern---The-Toro-Company_JR17231,The Toro Company,Advanced Quality Engineering Intern - The Toro Company,Summer 2027,False,,Internship,,Test & Quality,"Bloomington, MN",no-sponsorship,2,,Excel,2026-09-14T00:00:00Z,date_only,2026-09-14T15:11:13Z,https://ttc.wd1.myworkdayjobs.com/Toro_External_Careers/job/Bloomington-MN/Advanced-Quality-Engineering-Intern---The-Toro-Company_JR17231
ashby:base-power:7fce3b16-c132-453b-a836-a3bcbd21abd2,Base Power,Supply Chain Tooling Engineer Intern,Not stated,True,,Internship,,Manufacturing & Process,"Austin, TX",unknown,,,Python; Casting,2026-09-13T22:59:38.659+00:00,exact,2026-09-14T15:11:13Z,https://jobs.ashbyhq.com/base-power/7fce3b16-c132-453b-a836-a3bcbd21abd2
greenhouse:rocketlab:7991448003,Rocket Lab,Mechanical Engineering Intern Summer 2027,Summer 2027,False,,Internship,,Design & CAD,"Long Beach, CA",citizens-only,,,GD&T; ANSYS; Nastran; FEA; Machining; Additive Manufacturing; Teamcenter,2026-09-13T23:16:18-04:00,exact,2026-09-14T15:11:13Z,https://job-boards.greenhouse.io/rocketlab/jobs/7991448003
workday:td:/job/Mount-Laurel-New-Jersey/XMLNAME-2027-Summer-Internship-Program---Global-Technology---Solutions---Quality-Engineer_R_1510798,TD Bank,2027 Summer Internship Program - Global Technology & Solutions - Quality Engineer,Summer 2027,False,,Internship,,Test & Quality,"Mount Laurel, New Jersey",unknown,,,,2026-09-13T00:00:00Z,date_only,2026-09-14T15:11:13Z,https://td.wd3.myworkdayjobs.com/TD_Bank_Careers/job/Mount-Laurel-New-Jersey/XMLNAME-2027-Summer-Internship-Program---Global-Technology---Solutions---Quality-Engineer_R_1510798
workday:disney:/job/Anaheim-CA-USA/Disneyland-Resort-Alumni-Industrial-Engineering-Intern--Summer-2027_10160092,The Walt Disney Company,"Disneyland Resort Alumni Industrial Engineering Intern, Summer 2027",Summer 2027,False,,Internship,,Manufacturing & Process,"Anaheim, CA, USA",unknown,,$32/hr,,2026-09-12T00:00:00Z,date_only,2026-09-14T15:11:13Z,https://disney.wd5.myworkdayjobs.com/disneycareerdc/job/Anaheim-CA-USA/Disneyland-Resort-Alumni-Industrial-Engineering-Intern--Summer-2027_10160092
workday:ingredion:/job/Belcamp-MD/Process-Engineering-Intern_Req-40181-1,Ingredion,Process Engineering Intern,Summer 2027,False,,Internship,,Manufacturing & Process,"Belcamp, MD",unknown,4,,Lean,2026-09-12T00:00:00Z,date_only,2026-09-14T15:11:13Z,https://ingredion.wd1.myworkdayjobs.com/IngredionCareers/job/Belcamp-MD/Process-Engineering-Intern_Req-40181-1
greenhouse:rocketlab:7986690003,Rocket Lab,Structural Analysis Intern Summer 2027,Summer 2027,False,,Internship,,Structures & Materials,"Long Beach, CA",citizens-only,,,Siemens NX; FEA,2026-09-11T09:37:27-04:00,exact,2026-09-14T15:11:13Z,https://job-boards.greenhouse.io/rocketlab/jobs/7986690003
lever:xcimer:c672a37e-007d-45ee-a4f9-b5d4dd25a2e3,Xcimer Energy,Summer 2027 Internship - Mechanical Engineering,Summer 2027,False,,Internship,,Design & CAD,"Denver, CO",citizens-only,,25–35 USD/hr,FEA,2026-09-11T20:07:58Z,exact,2026-09-14T15:11:13Z,https://jobs.lever.co/xcimer/c672a37e-007d-45ee-a4f9-b5d4dd25a2e3
oracle:emit.fa.ca3.oraclecloud.com:94815,WSP,Mechanical Engineering (Thermal Generation) Intern - Summer 2027,Summer 2027,False,,Internship,,Thermal & Fluids,"Boise, ID, United States",unknown,,,,2026-09-11,date_only,2026-09-14T15:11:13Z,https://emit.fa.ca3.oraclecloud.com/hcmUI/CandidateExperience/en/sites/CX_2001/job/94815
oracle:emit.fa.ca3.oraclecloud.com:94841,WSP,Structural Engineering Intern- Summer 2027,Summer 2027,False,,Internship,,Structures & Materials,"Philadelphia, PA, United States",unknown,,,,2026-09-11,date_only,2026-09-14T15:11:13Z,https://emit.fa.ca3.oraclecloud.com/hcmUI/CandidateExperience/en/sites/CX_2001/job/94841
oracle:emit.fa.ca3.oraclecloud.com:94927,WSP,Civil/Structural Engineering (Transmission Lines) Intern - Summer 2027,Summer 2027,False,,Internship,,Automotive & Mobility,"Overland Park, KS, United States",unknown,,,,2026-09-11,date_only,2026-09-14T15:11:13Z,https://emit.fa.ca3.oraclecloud.com/hcmUI/CandidateExperience/en/sites/CX_2001/job/94927
oracle:emit.fa.ca3.oraclecloud.com:94965,WSP,Mechanical Engineering Intern - Summer 2027,Summer 2027,False,,Internship,,Design & CAD,"York, PA, United States",unknown,,,,2026-09-11,date_only,2026-09-14T15:11:13Z,https://emit.fa.ca3.oraclecloud.com/hcmUI/CandidateExperience/en/sites/CX_2001/job/94965
oracle:emit.fa.ca3.oraclecloud.com:94976,WSP,Mechanical Engineering Intern - Summer 2027,Summer 2027,False,,Internship,,Design & CAD,"Hamilton, NJ, United States",unknown,,,,2026-09-11,date_only,2026-09-14T15:11:13Z,https://emit.fa.ca3.oraclecloud.com/hcmUI/CandidateExperience/en/sites/CX_2001/job/94976
oracle:emit.fa.ca3.oraclecloud.com:95114,WSP,Structural Engineering Intern- Summer 2027,Summer 2027,False,,Internship,,Structures & Materials,"Lawrenceville, NJ, United States",unknown,,,AutoCAD,2026-09-11,date_only,2026-09-14T15:11:13Z,https://emit.fa.ca3.oraclecloud.com/hcmUI/CandidateExperience/en/sites/CX_2001/job/95114
oracle:hdjq.fa.us2.oraclecloud.com:26010099,Emerson Electric,Test Engineering Intern,Not stated,True,,Internship,,Test & Quality,"Austin, TX, United States",no-sponsorship,8,,Python; LabVIEW,2026-09-11,date_only,2026-09-14T15:11:13Z,https://hdjq.fa.us2.oraclecloud.com/hcmUI/CandidateExperience/en/sites/CX_1/job/26010099
oracle:hdjq.fa.us2.oraclecloud.com:26010801,Emerson Electric,Hardware Design Engineer Intern,Summer 2027,False,,Internship,,Design & CAD,"Round Rock, TX, United States",unknown,8,,SolidWorks; Creo; AutoCAD; MATLAB; Python; C++,2026-09-11,date_only,2026-09-14T15:11:13Z,https://hdjq.fa.us2.oraclecloud.com/hcmUI/CandidateExperience/en/sites/CX_1/job/26010801
workday:aes:/job/US-Dayton-OH/Intern--Transmission-Engineering-Services----Summer-2027-_R1064727,AES,Intern- Transmission Engineering Services - (Summer 2027),Summer 2027,False,,Internship,,Automotive & Mobility,"US, Dayton, OH",unknown,,,SolidWorks; Excel,2026-09-11T00:00:00Z,date_only,2026-09-14T15:11:13Z,https://aes.wd1.myworkdayjobs.com/AES_US/job/US-Dayton-OH/Intern--Transmission-Engineering-Services----Summer-2027-_R1064727
workday:aes:/job/US-Indianapolis-IN/Transmission-Planning-Engineer-Intern--Summer-2027-_R1064788,AES,Transmission Planning Engineer Intern (Summer 2027),Summer 2027,False,,Internship,,Automotive & Mobility,"US, Indianapolis, IN",unknown,,,,2026-09-11T00:00:00Z,date_only,2026-09-14T15:11:13Z,https://aes.wd1.myworkdayjobs.com/AES_US/job/US-Indianapolis-IN/Transmission-Planning-Engineer-Intern--Summer-2027-_R1064788
workday:allegion:/job/Carmel-IN/Summer-Intern---Advanced-Manufacturing-Engineering_JR37416-1,Allegion,Summer Intern - Advanced Manufacturing Engineering,Not stated,True,,Internship,,Manufacturing & Process,"Carmel, IN",unknown,,,PLC; Lean,2026-09-11T00:00:00Z,date_only,2026-09-14T15:11:13Z,https://allegion.wd5.myworkdayjobs.com/careers/job/Carmel-IN/Summer-Intern---Advanced-Manufacturing-Engineering_JR37416-1
workday:allegion:/job/Carmel-IN/Summer-Intern---Advanced-Manufacturing-Engineering_JR37418-1,Allegion,Summer Intern - Advanced Manufacturing Engineering,Not stated,True,,Internship,,Manufacturing & Process,"Carmel, IN",unknown,,,PLC; Lean,2026-09-11T00:00:00Z,date_only,2026-09-14T15:11:13Z,https://allegion.wd5.myworkdayjobs.com/careers/job/Carmel-IN/Summer-Intern---Advanced-Manufacturing-Engineering_JR37418-1
workday:aptiv:/job/Troy-MI---USA/Quality-Engineering-Intern_J000702994,Aptiv,Quality Engineering Intern,Not stated,True,,Internship,,Test & Quality,"Troy, MI - USA",unknown,251,,Excel,2026-09-11T00:00:00Z,date_only,2026-09-14T15:11:13Z,https://aptiv.wd5.myworkdayjobs.com/aptiv_careers/job/Troy-MI---USA/Quality-Engineering-Intern_J000702994
workday:blueorigin:/job/Space-Coast-FL/Summer-2027-Marine-Mechanical---Test-Engineering-Internship---Undergraduate_R72238,Blue Origin,Summer 2027 Marine Mechanical & Test Engineering Internship - Undergraduate,Summer 2027,False,,Internship,,Test & Quality,"Space Coast, FL",citizens-only,,,,2026-09-11T00:00:00Z,date_only,2026-09-14T15:11:13Z,https://blueorigin.wd5.myworkdayjobs.com/blueorigin/job/Space-Coast-FL/Summer-2027-Marine-Mechanical---Test-Engineering-Internship---Undergraduate_R72238
workday:chartermfg:/job/Charter-Steel---Cleveland-OH/Quality-Engineer-Intern--Summer-2027-_R08068,Charter Manufacturing,Quality Engineer Intern (Summer 2027),Summer 2027,False,,Internship,,Test & Quality,"Charter Steel - Cleveland, OH",unknown,,,Excel,2026-09-11T00:00:00Z,date_only,2026-09-14T15:11:13Z,https://chartermfg.wd5.myworkdayjobs.com/Charter_Careers/job/Charter-Steel---Cleveland-OH/Quality-Engineer-Intern--Summer-2027-_R08068
workday:entegris:/job/San-Luis-Obispo-CA/Designer-Drafter-Co-Op_REQ-14428-1,Entegris,Designer/Drafter Co-Op,Not stated,True,,Co-op,,Design & CAD,"San Luis Obispo, CA",unknown,60,$20–$30/hr,SolidWorks,2026-09-11T00:00:00Z,date_only,2026-09-14T15:30:29Z,https://entegris.wd1.myworkdayjobs.com/entegriscareers/job/San-Luis-Obispo-CA/Designer-Drafter-Co-Op_REQ-14428-1
workday:gilead:/job/United-States---California---Foster-City/Intern---PDM---Manufacturing-Strategy---Operations_R0054574,Gilead Sciences,Intern - PDM - Manufacturing Strategy & Operations,Not stated,True,,Internship,,Manufacturing & Process,United States - California - Foster City,no-sponsorship,272,,PLM/PDM; Excel,2026-09-11T00:00:00Z,date_only,2026-09-14T15:11:13Z,https://gilead.wd1.myworkdayjobs.com/gileadcareers/job/United-States---California---Foster-City/Intern---PDM---Manufacturing-Strategy---Operations_R0054574
workday:graco:/job/Dayton-Minnesota-USA/Mechanical-Engineering-Intern_R0023554,Graco,Mechanical Engineering Intern,Not stated,True,,Internship,,Design & CAD,"Dayton, Minnesota, USA",no-sponsorship,,,SolidWorks; Creo; FEA,2026-09-11T00:00:00Z,date_only,2026-09-14T15:11:13Z,https://graco.wd501.myworkdayjobs.com/Graco_Careers/job/Dayton-Minnesota-USA/Mechanical-Engineering-Intern_R0023554
workday:graco:/job/Erie-Pennsylvania-USA/Manufacturing-Engineering-Intern_R0023592,Graco,Manufacturing Engineering Intern,Not stated,True,,Internship,,Manufacturing & Process,"Erie, Pennsylvania, USA",no-sponsorship,,,AutoCAD; Machining,2026-09-11T00:00:00Z,date_only,2026-09-14T15:11:13Z,https://graco.wd501.myworkdayjobs.com/Graco_Careers/job/Erie-Pennsylvania-USA/Manufacturing-Engineering-Intern_R0023592
workday:graco:/job/Erie-Pennsylvania-USA/Mechanical-Engineering-Intern_R0023550,Graco,Mechanical Engineering Intern,Not stated,True,,Internship,,Design & CAD,"Erie, Pennsylvania, USA",no-sponsorship,,,SolidWorks; Creo; FEA,2026-09-11T00:00:00Z,date_only,2026-09-14T15:11:13Z,https://graco.wd501.myworkdayjobs.com/Graco_Careers/job/Erie-Pennsylvania-USA/Mechanical-Engineering-Intern_R0023550
workday:graco:/job/Sioux-Falls-South-Dakota-USA/Manufacturing-Engineering-Intern---Summer-2027_R0023643,Graco,Manufacturing Engineering Intern - Summer 2027,Summer 2027,False,,Internship,,Manufacturing & Process,"Sioux Falls, South Dakota, USA",no-sponsorship,,,SolidWorks; Creo; AutoCAD; Excel; Machining,2026-09-11T00:00:00Z,date_only,2026-09-14T15:11:13Z,https://graco.wd501.myworkdayjobs.com/Graco_Careers/job/Sioux-Falls-South-Dakota-USA/Manufacturing-Engineering-Intern---Summer-2027_R0023643
workday:heidelbergmaterials:/job/Harleyville-SC/Process-Engineer-Intern_JR10018745,Heidelberg Materials,Process Engineer Intern,Not stated,True,,Internship,,Manufacturing & Process,"Harleyville, SC",unknown,,$23–$27/hr,,2026-09-11T00:00:00Z,date_only,2026-09-14T15:11:13Z,https://heidelbergmaterials.wd3.myworkdayjobs.com/global_hm_career_site/job/Harleyville-SC/Process-Engineer-Intern_JR10018745
workday:labcorp:/job/Baltimore-MD/Intern---Quality-Engineer_2630918,LabCorp,Intern - Quality Engineer - Oncology,Summer 2027,False,,Internship,,Test & Quality,Baltimore MD,no-sponsorship,,$17.75–$20/hr,,2026-09-11T00:00:00Z,date_only,2026-09-14T15:11:13Z,https://labcorp.wd1.myworkdayjobs.com/external/job/Baltimore-MD/Intern---Quality-Engineer_2630918
workday:momentive:/job/US-WV-Friendly/Summer-2027--Polymers-and-New-Product-Development-Production-Engineer-Intern_R9799,Momentive,Summer 2027- Polymers and New Product Development Production Engineer Intern,Summer 2027,False,,Internship,,Manufacturing & Process,US WV Friendly,unknown,44,,Excel; Six Sigma; Lean,2026-09-11T00:00:00Z,date_only,2026-09-14T15:11:13Z,https://momentive.wd1.myworkdayjobs.com/MC/job/US-WV-Friendly/Summer-2027--Polymers-and-New-Product-Development-Production-Engineer-Intern_R9799
workday:momentive:/job/US-WV-Friendly/Summer-2027-Reliability-Engineer-Intern_R9818-1,Momentive,Summer 2027 Reliability Engineer Intern,Summer 2027,False,,Internship,,Test & Quality,US WV Friendly,unknown,44,,Excel,2026-09-11T00:00:00Z,date_only,2026-09-14T15:11:13Z,https://momentive.wd1.myworkdayjobs.com/MC/job/US-WV-Friendly/Summer-2027-Reliability-Engineer-Intern_R9818-1
workday:moog:/job/Blacksburg-VA/Intern--Mechanical-Manufacturing-Engineering_R-26-19925,Moog,"Intern, Mechanical Manufacturing Engineering",Not stated,True,,Internship,,Manufacturing & Process,"Blacksburg, VA",unknown,2,,,2026-09-11T00:00:00Z,date_only,2026-09-14T15:11:13Z,https://moog.wd5.myworkdayjobs.com/moog_external_career_site/job/Blacksburg-VA/Intern--Mechanical-Manufacturing-Engineering_R-26-19925
workday:motorolasolutions:/job/Chicago-IL/Product-Quality-Engineering-Intern_R68669,Motorola,Product Quality Engineering 2027 Internship,Summer 2027,False,,Internship,,Test & Quality,"Chicago, IL",unknown,,,Six Sigma; Lean,2026-09-11T00:00:00Z,date_only,2026-09-14T15:11:13Z,https://motorolasolutions.wd5.myworkdayjobs.com/Careers/job/Chicago-IL/Product-Quality-Engineering-Intern_R68669
workday:oshkoshcorporation:/job/Oshkosh-Wisconsin-United-States/Mechanical-Engineer-Intern_R50286,Oshkosh,Mechanical Engineer Intern,Not stated,True,,Internship,,Design & CAD,"Oshkosh, Wisconsin, United States",unknown,2,,CATIA; Creo,2026-09-11T00:00:00Z,date_only,2026-09-14T15:11:13Z,https://oshkoshcorporation.wd5.myworkdayjobs.com/Oshkosh/job/Oshkosh-Wisconsin-United-States/Mechanical-Engineer-Intern_R50286
workday:saabusa:/job/East-Syracuse-NY-Aspen-Park/Mechanical-Engineer-Co-Op--Summer-2027-_R-03261-1,Saab,Mechanical Engineer Co-Op (Summer 2027),Summer 2027,False,,Co-op,,Design & CAD,"East Syracuse, NY (Aspen Park)",citizens-only,,$20.27–$22.3/hr,SolidWorks,2026-09-11T00:00:00Z,date_only,2026-09-14T15:11:13Z,https://saabusa.wd1.myworkdayjobs.com/saab_careers/job/East-Syracuse-NY-Aspen-Park/Mechanical-Engineer-Co-Op--Summer-2027-_R-03261-1
workday:sbdinc:/job/Mission-TX-United-States/Manufacturing-Internship_REQ-1000052318-1,Stanley Black & Decker,"Manufacturing Internship - 1st shift, $15.00hr",Not stated,True,,Internship,,Manufacturing & Process,"Mission, TX, United States",unknown,124,,SolidWorks; AutoCAD; Excel,2026-09-11T00:00:00Z,date_only,2026-09-14T15:11:13Z,https://sbdinc.wd1.myworkdayjobs.com/Stanley_Black_Decker_Career_Site/job/Mission-TX-United-States/Manufacturing-Internship_REQ-1000052318-1
workday:thermofisher:/job/Rochester-New-York-USA/Industrial-Engineering-Co-op_R-01366625,Thermo Fisher Scientific,Industrial Engineering Co-op,Not stated,True,,Co-op,,Manufacturing & Process,"Rochester, New York, USA",no-sponsorship,368,,,2026-09-11T00:00:00Z,date_only,2026-09-14T15:11:13Z,https://thermofisher.wd5.myworkdayjobs.com/ThermoFisherCareers/job/Rochester-New-York-USA/Industrial-Engineering-Co-op_R-01366625
workday:thermofisher:/job/Rochester-New-York-USA/Mechanical-Engineering-Co-op_R-01366623,Thermo Fisher Scientific,Mechanical Engineering Co-op,Not stated,True,,Co-op,,Design & CAD,"Rochester, New York, USA",no-sponsorship,368,,,2026-09-11T00:00:00Z,date_only,2026-09-14T15:11:13Z,https://thermofisher.wd5.myworkdayjobs.com/ThermoFisherCareers/job/Rochester-New-York-USA/Mechanical-Engineering-Co-op_R-01366623
workday:thermofisher:/job/Rochester-New-York-USA/Metrology-Engineering-Co-op_R-01368188,Thermo Fisher Scientific,Metrology Engineering Co-op,Not stated,True,,Co-op,,Test & Quality,"Rochester, New York, USA",no-sponsorship,368,,,2026-09-11T00:00:00Z,date_only,2026-09-14T15:11:13Z,https://thermofisher.wd5.myworkdayjobs.com/ThermoFisherCareers/job/Rochester-New-York-USA/Metrology-Engineering-Co-op_R-01368188
workday:ttc:/job/Beatrice-NE/Design-Engineering-Intern---Exmark_JR17085,The Toro Company,Design Engineering Intern - Exmark,Summer 2027,False,,Internship,,Design & CAD,"Beatrice, NE",no-sponsorship,2,,Creo; FEA,2026-09-11T00:00:00Z,date_only,2026-09-14T15:11:13Z,https://ttc.wd1.myworkdayjobs.com/Toro_External_Careers/job/Beatrice-NE/Design-Engineering-Intern---Exmark_JR17085
workday:ttc:/job/Beatrice-NE/Test-Engineer-Intern---Exmark_JR17050,The Toro Company,Test Engineer Intern - Exmark,Summer 2027,False,,Internship,,Test & Quality,"Beatrice, NE",no-sponsorship,2,,Creo; LabVIEW; Excel,2026-09-11T00:00:00Z,date_only,2026-09-14T15:11:13Z,https://ttc.wd1.myworkdayjobs.com/Toro_External_Careers/job/Beatrice-NE/Test-Engineer-Intern---Exmark_JR17050
workday:ttc:/job/Bloomington-MN/Mechanical-Design-Engineering-Intern---The-Toro-Company_JR17094,The Toro Company,Mechanical Design Engineering Intern - The Toro Company,Summer 2027,False,,Internship,,Design & CAD,"Bloomington, MN",no-sponsorship,2,,Creo; FEA; CFD; Machining; Additive Manufacturing; Injection Molding; Welding; Casting,2026-09-11T00:00:00Z,date_only,2026-09-14T15:11:13Z,https://ttc.wd1.myworkdayjobs.com/Toro_External_Careers/job/Bloomington-MN/Mechanical-Design-Engineering-Intern---The-Toro-Company_JR17094
workday:ttc:/job/Bloomington-MN/Mechanical-Design-Engineering-Intern---The-Toro-Company_JR17151,The Toro Company,Mechanical Design Engineering Intern - The Toro Company,Summer 2027,False,,Internship,,Design & CAD,"Bloomington, MN",no-sponsorship,2,,Creo; FEA; CFD; CNC; Machining; Additive Manufacturing; Injection Molding; Sheet Metal,2026-09-11T00:00:00Z,date_only,2026-09-14T15:11:13Z,https://ttc.wd1.myworkdayjobs.com/Toro_External_Careers/job/Bloomington-MN/Mechanical-Design-Engineering-Intern---The-Toro-Company_JR17151
workday:ttc:/job/Bloomington-MN/Mechanical-Engineering-Intern---The-Toro-Company_JR17141,The Toro Company,Mechanical Engineering Intern - The Toro Company,Summer 2027,False,,Internship,,Design & CAD,"Bloomington, MN",no-sponsorship,2,,SolidWorks; Creo; AutoCAD; GD&T; Excel,2026-09-11T00:00:00Z,date_only,2026-09-14T15:11:13Z,https://ttc.wd1.myworkdayjobs.com/Toro_External_Careers/job/Bloomington-MN/Mechanical-Engineering-Intern---The-Toro-Company_JR17141
workday:ttc:/job/Bloomington-MN/Mechanical-Engineering-Intern---Value-Engineering--VAVE----The-Toro-Company_JR17204,The Toro Company,Mechanical Engineering Intern - Value Engineering (VAVE) - The Toro Company,Summer 2027,False,,Internship,,Design & CAD,"Bloomington, MN",no-sponsorship,2,,GD&T; Injection Molding; Welding; Casting,2026-09-11T00:00:00Z,date_only,2026-09-14T15:11:13Z,https://ttc.wd1.myworkdayjobs.com/Toro_External_Careers/job/Bloomington-MN/Mechanical-Engineering-Intern---Value-Engineering--VAVE----The-Toro-Company_JR17204
workday:ttc:/job/Bloomington-MN/Robotics-Engineering-Intern---The-Toro-Company_JR17194,The Toro Company,Robotics Engineering Intern - The Toro Company,Summer 2027,False,,Internship,,Robotics & Controls,"Bloomington, MN",no-sponsorship,2,,Python; C++,2026-09-11T00:00:00Z,date_only,2026-09-14T15:11:13Z,https://ttc.wd1.myworkdayjobs.com/Toro_External_Careers/job/Bloomington-MN/Robotics-Engineering-Intern---The-Toro-Company_JR17194
workday:vermeer:/job/Piedmont-South-Carolina-USA/Design-Engineer-Intern_REQ-22255,Vermeer,Design Engineer Intern,Not stated,True,,Internship,,Design & CAD,"Piedmont, South Carolina, USA",unknown,,,SolidWorks; FEA; Machining; Hydraulics,2026-09-11T00:00:00Z,date_only,2026-09-14T15:11:13Z,https://vermeer.wd5.myworkdayjobs.com/externalcareersite/job/Piedmont-South-Carolina-USA/Design-Engineer-Intern_REQ-22255
amazon:amazon:10536817,Amazon,"Industrial Development Engineer Intern/Co-op, ROBOTICS - 2027",Summer 2027,False,,Internship / Co-op,,Robotics & Controls,"North Reading, Massachusetts, USA",unknown,23139,,SolidWorks; Creo; AutoCAD; Revit; Six Sigma; Lean,2026-09-10T00:00:00Z,date_only,2026-09-14T15:11:13Z,https://www.amazon.jobs/en/jobs/10536817/industrial-development-engineer-intern-co-op-robotics-2027
ashby:bedrock-robotics:1f413f83-b897-4938-a19e-ab91bd326c51,Bedrock Robotics,Internship 2027 Sensor Hardware Test Engineer,Summer 2027,False,,Internship,,Test & Quality,"San Francisco, CA",unknown,,,Python; Git,2026-09-10T00:06:43.543+00:00,exact,2026-09-14T15:11:13Z,https://jobs.ashbyhq.com/bedrock-robotics/1f413f83-b897-4938-a19e-ab91bd326c51
ashby:bedrock-robotics:c396dedc-06ec-4a23-8408-0194e360f30e,Bedrock Robotics,Internship 2027 Validation & Verification Test Engineer,Summer 2027,False,,Internship,,Test & Quality,"San Francisco, CA",unknown,,,Python; Hydraulics,2026-09-10T21:13:06.999+00:00,exact,2026-09-14T15:11:13Z,https://jobs.ashbyhq.com/bedrock-robotics/c396dedc-06ec-4a23-8408-0194e360f30e
greenhouse:rocketlab:7986792003,Rocket Lab,Propulsion Intern Summer 2027,Summer 2027,False,,Internship,,Aerospace & Defense,"Long Beach, CA",citizens-only,,,Siemens NX; ANSYS; Python,2026-09-10T15:06:22-04:00,exact,2026-09-14T15:11:13Z,https://job-boards.greenhouse.io/rocketlab/jobs/7986792003
greenhouse:rocketlab:7986816003,Rocket Lab,Propulsion Design Intern Summer 2027,Summer 2027,False,,Internship,,Aerospace & Defense,"Long Beach, CA",citizens-only,,,Siemens NX; ANSYS; Python,2026-09-10T15:05:50-04:00,exact,2026-09-14T15:11:13Z,https://job-boards.greenhouse.io/rocketlab/jobs/7986816003
greenhouse:rocketlab:7987159003,Rocket Lab,Test Engineering Intern - Avionics Summer 2027,Summer 2027,False,,Internship,,Aerospace & Defense,"Long Beach, CA",citizens-only,,,Python,2026-09-10T15:06:37-04:00,exact,2026-09-14T15:11:13Z,https://job-boards.greenhouse.io/rocketlab/jobs/7987159003
greenhouse:testnisc:8191819,National Information Solutions Cooperative (NISC),Intern - Quality Engineer,Not stated,True,,Internship,,Test & Quality,"Mandan, ND",unknown,,,,2026-09-10T13:33:22-04:00,exact,2026-09-14T15:11:13Z,https://job-boards.greenhouse.io/testnisc/jobs/8191819
greenhouse:vast:4711400006,VAST,Emerging Talent - Mechanical/Aerospace Engineering Internship,Not stated,True,,Internship,,Aerospace & Defense,"Long Beach, California, United States",citizens-only,,,SolidWorks; CATIA,2026-09-10T14:53:47-04:00,exact,2026-09-14T15:11:13Z,https://boards.greenhouse.io/vast/jobs/4711400006?gh_jid=4711400006
greenhouse:vast:4711403006,VAST,Emerging Talent - Manufacturing Engineering Internship,Not stated,True,,Internship,,Manufacturing & Process,"Long Beach, California, United States",citizens-only,,,SolidWorks; CATIA,2026-09-10T15:11:36-04:00,exact,2026-09-14T15:11:13Z,https://boards.greenhouse.io/vast/jobs/4711403006?gh_jid=4711403006
smartrecruiters:KnobelsdorffEnterprises:744000148836429,Knobelsdorff Enterprises,Drafting Intern,Not stated,True,,Internship,,Design & CAD,"Eagan, MN, United States",unknown,,$20–$25/hr,AutoCAD; Excel,2026-09-10T17:25:43.194Z,exact,2026-09-14T15:11:13Z,https://jobs.smartrecruiters.com/KnobelsdorffEnterprises/744000148836429
smartrecruiters:Wabtec:3743990015175106,Wabtec,Drafting Intern,Not stated,True,,Internship,,Design & CAD,"Charleroi, PA, United States",unknown,,,Inventor; AutoCAD,2026-09-10T14:43:39.977Z,exact,2026-09-14T15:11:13Z,https://jobs.smartrecruiters.com/Wabtec/3743990015175106
workday:aksteel:/job/Indiana-Harbor/Manufacturing-Planning-Intern_R13519,Cleveland-Cliffs,Manufacturing Planning Intern,Not stated,True,,Internship,,Manufacturing & Process,Indiana Harbor,unknown,,,Excel,2026-09-10T00:00:00Z,date_only,2026-09-14T15:11:13Z,https://aksteel.wd1.myworkdayjobs.com/careers/job/Indiana-Harbor/Manufacturing-Planning-Intern_R13519
workday:aksteel:/job/Indiana-Harbor/Material-Science-Metallurgical-Engineering-Intern_R13438,Cleveland-Cliffs,Material Science/Metallurgical Engineering Intern,Not stated,True,,Internship,,Structures & Materials,Indiana Harbor,unknown,,,,2026-09-10T00:00:00Z,date_only,2026-09-14T15:11:13Z,https://aksteel.wd1.myworkdayjobs.com/careers/job/Indiana-Harbor/Material-Science-Metallurgical-Engineering-Intern_R13438
workday:aksteel:/job/Indiana-Harbor/Mechanical-Engineering-Intern_R13466,Cleveland-Cliffs,Mechanical Engineering Intern,Not stated,True,,Internship,,Design & CAD,Indiana Harbor,unknown,,,,2026-09-10T00:00:00Z,date_only,2026-09-14T15:11:13Z,https://aksteel.wd1.myworkdayjobs.com/careers/job/Indiana-Harbor/Mechanical-Engineering-Intern_R13466
workday:aksteel:/job/Indiana-Harbor/Quality-Engineering-Intern_R13510,Cleveland-Cliffs,Quality Engineering Intern,Not stated,True,,Internship,,Test & Quality,Indiana Harbor,unknown,,,,2026-09-10T00:00:00Z,date_only,2026-09-14T15:11:13Z,https://aksteel.wd1.myworkdayjobs.com/careers/job/Indiana-Harbor/Quality-Engineering-Intern_R13510
workday:allegion:/job/Colorado-Springs-CO/Summer-Intern---Manufacturing-Process-Engineer_JR37469-1,Allegion,Summer Intern - Manufacturing Process Engineer,Not stated,True,,Internship,,Manufacturing & Process,"Colorado Springs, CO",unknown,,,Creo; PLC,2026-09-10T00:00:00Z,date_only,2026-09-14T15:11:13Z,https://allegion.wd5.myworkdayjobs.com/careers/job/Colorado-Springs-CO/Summer-Intern---Manufacturing-Process-Engineer_JR37469-1
workday:allegion:/job/Colorado-Springs-CO/Summer-Intern---Product-Assurance-Test-Engineer_JR37380-1,Allegion,Summer Intern - Product Assurance Test Engineer,Not stated,True,,Internship,,Test & Quality,"Colorado Springs, CO",unknown,,$25–$26/hr,PLC,2026-09-10T00:00:00Z,date_only,2026-09-14T15:11:13Z,https://allegion.wd5.myworkdayjobs.com/careers/job/Colorado-Springs-CO/Summer-Intern---Product-Assurance-Test-Engineer_JR37380-1
workday:allegion:/job/Greenfield-IN---West-350N/Summer-Intern---Process-Engineering_JR37335-1,Allegion,Summer Intern - Process Engineering,Not stated,True,,Internship,,Manufacturing & Process,"Greenfield, IN - West 350N",unknown,,,PLC,2026-09-10T00:00:00Z,date_only,2026-09-14T15:11:13Z,https://allegion.wd5.myworkdayjobs.com/careers/job/Greenfield-IN---West-350N/Summer-Intern---Process-Engineering_JR37335-1
workday:allegion:/job/Princeton-IL/Process-Engineer-Summer-Intern_JR37403-1,Allegion,"Summer Intern, Process Engineer",Not stated,True,,Internship,,Manufacturing & Process,"Princeton, IL",unknown,,,Creo; AutoCAD; PLC,2026-09-10T00:00:00Z,date_only,2026-09-14T15:11:13Z,https://allegion.wd5.myworkdayjobs.com/careers/job/Princeton-IL/Process-Engineer-Summer-Intern_JR37403-1
workday:allegion:/job/Princeton-IL/Quality-Engineer-Intern_JR37402-1,Allegion,Summer Intern - Quality Engineer,Not stated,True,,Internship,,Test & Quality,"Princeton, IL",unknown,,,PLC,2026-09-10T00:00:00Z,date_only,2026-09-14T15:11:13Z,https://allegion.wd5.myworkdayjobs.com/careers/job/Princeton-IL/Quality-Engineer-Intern_JR37402-1
workday:avav:/job/Pottstown-PA/Mechanical-Engineering-Intern_8627,Avav,Mechanical Engineering Intern,Not stated,True,,Internship,,Design & CAD,"Pottstown, PA",citizens-only,,,SolidWorks; GD&T; ANSYS; Additive Manufacturing; Sheet Metal; Composites; PLM/PDM; ASME Y14.5,2026-09-10T00:00:00Z,date_only,2026-09-17T16:33:49Z,https://avav.wd1.myworkdayjobs.com/avav/job/Pottstown-PA/Mechanical-Engineering-Intern_8627
workday:avav:/job/Simi-Valley-CA/Mechanical-Engineering-Intern_8591,Avav,Mechanical Engineering Intern,Not stated,True,,Internship,,Design & CAD,"Simi Valley, CA",citizens-only,,,SolidWorks; GD&T; ANSYS; Additive Manufacturing; Sheet Metal; Composites; PLM/PDM; ASME Y14.5,2026-09-10T00:00:00Z,date_only,2026-09-17T16:33:49Z,https://avav.wd1.myworkdayjobs.com/avav/job/Simi-Valley-CA/Mechanical-Engineering-Intern_8591
workday:avav:/job/Simi-Valley-CA/Quality-Engineering-Intern_8586,Avav,Quality Engineering Intern,Not stated,True,,Internship,,Test & Quality,"Simi Valley, CA",unknown,,,SolidWorks; Excel,2026-09-10T00:00:00Z,date_only,2026-09-17T16:33:49Z,https://avav.wd1.myworkdayjobs.com/avav/job/Simi-Valley-CA/Quality-Engineering-Intern_8586
workday:boeing:/job/USA---Hazelwood-MO/Boeing-Engineering---Technology-Innovation-Graduate-Researcher-Program--Computational-Fluid-Dynamics--CFD--Intern_JR2026523768,The Boeing Company,"Boeing Engineering & Technology Innovation Graduate Researcher Program, Computational Fluid Dynamics (CFD) Intern",Not stated,True,,Internship,,Thermal & Fluids,"USA - Hazelwood, MO",citizens-only,28,,CFD,2026-09-10T00:00:00Z,date_only,2026-09-14T15:11:13Z,https://boeing.wd1.myworkdayjobs.com/EXTERNAL_CAREERS/job/USA---Hazelwood-MO/Boeing-Engineering---Technology-Innovation-Graduate-Researcher-Program--Computational-Fluid-Dynamics--CFD--Intern_JR2026523768
workday:cae:/job/Arlington-TX/Mechanical-Engineering-Intern_123573,CAE,Mechanical Engineering Intern,Not stated,True,,Internship,,Design & CAD,"Arlington, TX",citizens-only,,,SolidWorks; Creo; GD&T,2026-09-10T00:00:00Z,date_only,2026-09-14T15:11:13Z,https://cae.wd3.myworkdayjobs.com/career/job/Arlington-TX/Mechanical-Engineering-Intern_123573
workday:graco:/job/Dayton-Minnesota-USA/Mechanical-Engineering-Intern_R0023603,Graco,Mechanical Engineering Intern,Not stated,True,,Internship,,Design & CAD,"Dayton, Minnesota, USA",no-sponsorship,,,SolidWorks; Creo; FEA,2026-09-10T00:00:00Z,date_only,2026-09-14T15:11:13Z,https://graco.wd501.myworkdayjobs.com/Graco_Careers/job/Dayton-Minnesota-USA/Mechanical-Engineering-Intern_R0023603
workday:graco:/job/Flagstaff-Arizona-USA/Mechanical-Engineering-Intern_R0023604,Graco,Mechanical Engineering Intern,Not stated,True,,Internship,,Design & CAD,"Flagstaff, Arizona, USA",no-sponsorship,,,SolidWorks; Creo; FEA,2026-09-10T00:00:00Z,date_only,2026-09-14T15:11:13Z,https://graco.wd501.myworkdayjobs.com/Graco_Careers/job/Flagstaff-Arizona-USA/Mechanical-Engineering-Intern_R0023604
workday:graco:/job/Rogers-Minnesota-USA-David-Koch-Center/Mechanical-Engineering-Intern_R0023509,Graco,Mechanical Engineering Intern,Not stated,True,,Internship,,Design & CAD,"Rogers, Minnesota, USA (David Koch Center)",no-sponsorship,,,SolidWorks; Creo; FEA,2026-09-10T00:00:00Z,date_only,2026-09-14T15:11:13Z,https://graco.wd501.myworkdayjobs.com/Graco_Careers/job/Rogers-Minnesota-USA-David-Koch-Center/Mechanical-Engineering-Intern_R0023509
workday:momentive:/job/US-WV-Friendly/Summer-2027--Process-Engineer-Intern_R9784-1,Momentive,Summer 2027- Process Engineer Intern,Summer 2027,False,,Internship,,Manufacturing & Process,US WV Friendly,unknown,44,,Excel; Six Sigma; Lean,2026-09-10T00:00:00Z,date_only,2026-09-14T15:11:13Z,https://momentive.wd1.myworkdayjobs.com/MC/job/US-WV-Friendly/Summer-2027--Process-Engineer-Intern_R9784-1
workday:momentive:/job/US-WV-Friendly/Summer-2027-Maintenance-Engineer-Intern_R9804,Momentive,Summer 2027 Maintenance Engineer Intern,Summer 2027,False,,Internship,,Manufacturing & Process,US WV Friendly,unknown,44,,Excel; Lean,2026-09-10T00:00:00Z,date_only,2026-09-14T15:11:13Z,https://momentive.wd1.myworkdayjobs.com/MC/job/US-WV-Friendly/Summer-2027-Maintenance-Engineer-Intern_R9804
workday:niagarawater:/job/Plainfield---Plainfield-IN/Manufacturing-Internship---Plainfield_R56553,Niagara Bottling,Manufacturing Internship - Plainfield,Not stated,True,,Internship,,Manufacturing & Process,"Plainfield - Plainfield, IN",unknown,104,,,2026-09-10T00:00:00Z,date_only,2026-09-14T15:11:13Z,https://niagarawater.wd5.myworkdayjobs.com/niagara/job/Plainfield---Plainfield-IN/Manufacturing-Internship---Plainfield_R56553
workday:nordsonhcm:/job/USA---Connecticut---Norwich/Process-Engineering-Intern_REQ52855,Nordson,Process Engineering Intern,Not stated,True,,Internship,,Manufacturing & Process,USA - Connecticut - Norwich,unknown,,,SolidWorks; Excel; Lean,2026-09-10T00:00:00Z,date_only,2026-09-14T15:11:13Z,https://nordsonhcm.wd501.myworkdayjobs.com/nordsoncareers/job/USA---Connecticut---Norwich/Process-Engineering-Intern_REQ52855
workday:nordsonhcm:/job/USA---Connecticut---Norwich/Quality-Engineering-Intern_REQ52854,Nordson,Quality Engineering Intern,Not stated,True,,Internship,,Test & Quality,USA - Connecticut - Norwich,unknown,,,Excel; Injection Molding; SPC,2026-09-10T00:00:00Z,date_only,2026-09-14T15:11:13Z,https://nordsonhcm.wd501.myworkdayjobs.com/nordsoncareers/job/USA---Connecticut---Norwich/Quality-Engineering-Intern_REQ52854
workday:nvent:/job/Blue-Ash-OH-US/Mechanical-Engineering-Co-Op_R23566,nVent,Mechanical Engineering Co-Op,Not stated,True,,Co-op,,Design & CAD,"Blue Ash, OH, US",unknown,,,Abaqus; FEA; MATLAB; CNC; Six Sigma; Lean,2026-09-10T00:00:00Z,date_only,2026-09-14T15:11:13Z,https://nvent.wd5.myworkdayjobs.com/nVent/job/Blue-Ash-OH-US/Mechanical-Engineering-Co-Op_R23566
workday:nvent:/job/Solon-OH-US/Mechanical-Engineering-Co-Op--June---December-2027-_R23539,nVent,Mechanical Engineering Co-Op (June - Dec 2027),Summer 2027,False,,Co-op,,Design & CAD,"Solon, OH, US",unknown,,,Abaqus; FEA; MATLAB; CNC; Six Sigma; Lean,2026-09-10T00:00:00Z,date_only,2026-09-14T15:11:13Z,https://nvent.wd5.myworkdayjobs.com/nVent/job/Solon-OH-US/Mechanical-Engineering-Co-Op--June---December-2027-_R23539
workday:polarsemi:/job/Bloomington-MN-USA/Facilities-Engineer-Intern_R3781,Polar Semiconductor,Facilities Engineer Intern,Not stated,True,,Internship,,Manufacturing & Process,"Bloomington, MN, USA",unknown,,$25.5–$32.2/hr,Revit; Casting,2026-09-10T00:00:00Z,date_only,2026-09-14T15:11:13Z,https://polarsemi.wd501.myworkdayjobs.com/Polar/job/Bloomington-MN-USA/Facilities-Engineer-Intern_R3781
workday:polarsemi:/job/Bloomington-MN-USA/Industrial-Engineering-Intern_R3772,Polar Semiconductor,Industrial Engineering Intern,Not stated,True,,Internship,,Manufacturing & Process,"Bloomington, MN, USA",unknown,,$25.5–$32.2/hr,Python; Excel; Casting,2026-09-10T00:00:00Z,date_only,2026-09-14T15:11:13Z,https://polarsemi.wd501.myworkdayjobs.com/Polar/job/Bloomington-MN-USA/Industrial-Engineering-Intern_R3772
workday:polarsemi:/job/Bloomington-MN-USA/Manufacturing-Planning-Intern_R3785,Polar Semiconductor,Manufacturing Planning Intern,Not stated,True,,Internship,,Manufacturing & Process,"Bloomington, MN, USA",unknown,,$25.5–$32.2/hr,Python; Excel; Casting,2026-09-10T00:00:00Z,date_only,2026-09-14T15:11:13Z,https://polarsemi.wd501.myworkdayjobs.com/Polar/job/Bloomington-MN-USA/Manufacturing-Planning-Intern_R3785
workday:ttc:/job/Frederick-CO/Robotics-System-Test-Intern---The-Toro-Company_JR17004,The Toro Company,Robotics System Test Intern - The Toro Company,Summer 2027,False,,Internship,,Robotics & Controls,"Frederick, CO",no-sponsorship,2,,,2026-09-10T00:00:00Z,date_only,2026-09-14T15:11:13Z,https://ttc.wd1.myworkdayjobs.com/Toro_External_Careers/job/Frederick-CO/Robotics-System-Test-Intern---The-Toro-Company_JR17004
workday:ttc:/job/Perry-OK/Mechanical-Engineering-Intern---Ditch-Witch_JR17098,The Toro Company,Mechanical Engineering Intern - Ditch Witch,Summer 2027,False,,Internship,,Design & CAD,"Perry, OK",no-sponsorship,2,,SolidWorks; Creo; AutoCAD; Solid Edge,2026-09-10T00:00:00Z,date_only,2026-09-14T15:11:13Z,https://ttc.wd1.myworkdayjobs.com/Toro_External_Careers/job/Perry-OK/Mechanical-Engineering-Intern---Ditch-Witch_JR17098
workday:ttc:/job/Perry-OK/Mechanical-Engineering-Intern---Ditch-Witch_JR17101,The Toro Company,Mechanical Engineering Intern - Ditch Witch,Summer 2027,False,,Internship,,Design & CAD,"Perry, OK",no-sponsorship,2,,SolidWorks; Creo; AutoCAD; Solid Edge,2026-09-10T00:00:00Z,date_only,2026-09-14T15:11:13Z,https://ttc.wd1.myworkdayjobs.com/Toro_External_Careers/job/Perry-OK/Mechanical-Engineering-Intern---Ditch-Witch_JR17101
amazon:amazon:10535282,Amazon,"Hardware Development Engineer Intern/Co-Op, ROBOTICS - 2027",Summer 2027,False,,Internship / Co-op,,Robotics & Controls,"North Reading, Massachusetts, USA",unknown,23139,,SolidWorks; Creo; AutoCAD; Revit,2026-09-09T00:00:00Z,date_only,2026-09-14T15:11:13Z,https://www.amazon.jobs/en/jobs/10535282/hardware-development-engineer-intern-co-op-robotics-2027
ashby:allen-control-systems:e7cefcf6-7322-43ba-861e-22e76f8186bd,Allen Control Systems,"Manufacturing Engineering Co-op / Intern, 2027",Summer 2027,False,,Internship / Co-op,,Manufacturing & Process,"Pflugerville, TX",unknown,,,SolidWorks; Creo; Fusion 360; GD&T; Excel; Machining; Additive Manufacturing; Six Sigma,2026-09-09T01:13:50.674+00:00,exact,2026-09-14T15:11:13Z,https://jobs.ashbyhq.com/allen-control-systems/e7cefcf6-7322-43ba-861e-22e76f8186bd
ashby:saronic:2b037fca-754c-4077-b224-eb35cf2b2b97,Saronic,Manufacturing Engineer Intern (Summer 2027),Summer 2027,False,,Internship,,Manufacturing & Process,"Franklin, LA",citizens-only,,,Lean,2026-09-09T19:46:42.155+00:00,exact,2026-09-14T15:11:13Z,https://jobs.ashbyhq.com/saronic/2b037fca-754c-4077-b224-eb35cf2b2b97
ashby:saronic:f52ae6eb-7eba-4c64-97c7-57e2a234e088,Saronic,Mechanical Engineer Intern (Summer 2027),Summer 2027,False,,Internship,,Design & CAD,"Austin, TX",citizens-only,,,SolidWorks; AutoCAD; CFD,2026-09-09T19:47:04.501+00:00,exact,2026-09-14T15:11:13Z,https://jobs.ashbyhq.com/saronic/f52ae6eb-7eba-4c64-97c7-57e2a234e088
greenhouse:pacificfusion:4398312009,Pacific Fusion,Summer 2027 Internship- Mechanical Engineering,Summer 2027,False,,Internship,,Design & CAD,"San Leandro, CA/Fremont, CA or Los Lunas, NM",unknown,,,SolidWorks; Creo; FEA; MATLAB; Python; Excel; Machining,2026-09-09T16:15:23-04:00,exact,2026-09-14T15:11:13Z,https://job-boards.greenhouse.io/pacificfusion/jobs/4398312009
greenhouse:pacificfusion:4398388009,Pacific Fusion,Summer 2027 Internship-Manufacturing Engineering,Summer 2027,False,,Internship,,Manufacturing & Process,"San Leandro, CA - Fremont, CA - Los Lunas, NM",unknown,,,MATLAB; Python; Excel; Machining,2026-09-09T14:47:52-04:00,exact,2026-09-14T15:11:13Z,https://job-boards.greenhouse.io/pacificfusion/jobs/4398388009
greenhouse:rocketlab:7984600003,Rocket Lab,Additive Manufacturing Intern Summer 2027,Summer 2027,False,,Internship,,Manufacturing & Process,"Long Beach, CA",citizens-only,,,Additive Manufacturing; SolidWorks; Siemens NX; FEA,2026-09-09T18:35:11-04:00,exact,2026-09-14T15:11:13Z,https://job-boards.greenhouse.io/rocketlab/jobs/7984600003
greenhouse:rocketlab:7986748003,Rocket Lab,Combustion Devices Intern Summer 2027,Summer 2027,False,,Internship,,Thermal & Fluids,"Long Beach, CA",citizens-only,,,Siemens NX; GD&T; ANSYS; FEA; MATLAB; Additive Manufacturing,2026-09-09T18:43:44-04:00,exact,2026-09-14T15:11:13Z,https://job-boards.greenhouse.io/rocketlab/jobs/7986748003
greenhouse:rocketlab:7986794003,Rocket Lab,Fluid Systems Intern Summer 2027,Summer 2027,False,,Internship,,Thermal & Fluids,"Long Beach, CA",citizens-only,,,GD&T; FEA; Machining; Additive Manufacturing,2026-09-09T18:57:41-04:00,exact,2026-09-14T15:11:13Z,https://job-boards.greenhouse.io/rocketlab/jobs/7986794003
greenhouse:rocketlab:7987208003,Rocket Lab,Turbomachinery Intern Summer 2027,Summer 2027,False,,Internship,,Aerospace & Defense,"Long Beach, CA",citizens-only,,,SolidWorks; CATIA; GD&T; ANSYS; MATLAB; Python; DFM,2026-09-09T19:45:13-04:00,exact,2026-09-14T15:11:13Z,https://job-boards.greenhouse.io/rocketlab/jobs/7987208003
greenhouse:rocketlab:7989733003,Rocket Lab,Avionics Engineering Intern Summer 2027,Summer 2027,False,,Internship,,Aerospace & Defense,"Long Beach, CA",citizens-only,,,Siemens NX; GD&T; ANSYS; FEA; Python,2026-09-09T18:36:33-04:00,exact,2026-09-14T15:11:13Z,https://job-boards.greenhouse.io/rocketlab/jobs/7989733003
greenhouse:rocketlab:7990365003,Rocket Lab,Fluid Component Intern Summer 2027,Summer 2027,False,,Internship,,Thermal & Fluids,"Long Beach, CA",citizens-only,,,GD&T; FEA; Python; CNC; Machining; Additive Manufacturing,2026-09-09T18:53:19-04:00,exact,2026-09-14T15:11:13Z,https://job-boards.greenhouse.io/rocketlab/jobs/7990365003
oracle:ebgj.fa.us2.oraclecloud.com:252684,Texas Instruments,Plant Process Engineer Intern - Summer 2027,Summer 2027,False,,Internship,,Manufacturing & Process,"Pella, IA, United States",unknown,234,$27.9/hr,AutoCAD; Solid Edge; Excel,2026-09-09,date_only,2026-09-14T15:11:13Z,https://ebgj.fa.us2.oraclecloud.com/hcmUI/CandidateExperience/en/sites/CX_1/job/252684
oracle:ebxs.fa.us2.oraclecloud.com:309855,Michael Baker International,"Mechanical Engineering Intern, Summer 2027",Summer 2027,False,,Internship,,Design & CAD,"San Diego, CA, United States",unknown,42,$20–$25/hr,Revit,2026-09-09,date_only,2026-09-14T15:11:13Z,https://ebxs.fa.us2.oraclecloud.com/hcmUI/CandidateExperience/en/sites/CX_2/job/309855
oracle:edbz.fa.us2.oraclecloud.com:25015813,Texas Instruments,"Facilities Civil, Structural, Architectural Internship",Not stated,True,,Internship,,Structures & Materials,"Dallas, TX, United States",no-sponsorship,234,,,2026-09-09,date_only,2026-09-14T15:11:13Z,https://edbz.fa.us2.oraclecloud.com/hcmUI/CandidateExperience/en/sites/CX_1/job/25015813
oracle:emit.fa.ca3.oraclecloud.com:94810,WSP,Structural Engineering (Substation) Intern - Summer 2027,Summer 2027,False,,Internship,,Structures & Materials,"Portland, OR, United States",unknown,,,,2026-09-09,date_only,2026-09-14T15:11:13Z,https://emit.fa.ca3.oraclecloud.com/hcmUI/CandidateExperience/en/sites/CX_2001/job/94810
oracle:emit.fa.ca3.oraclecloud.com:94814,WSP,Mechanical Engineering (Thermal Generation) Intern - Summer 2027,Summer 2027,False,,Internship,,Thermal & Fluids,"Overland Park, KS, United States; Atlanta, GA, United States",unknown,,,,2026-09-09,date_only,2026-09-14T15:11:13Z,https://emit.fa.ca3.oraclecloud.com/hcmUI/CandidateExperience/en/sites/CX_2001/job/94814
oracle:emit.fa.ca3.oraclecloud.com:94952,WSP,Mechanical Engineering Intern - Summer 2027,Summer 2027,False,,Internship,,Design & CAD,"Arlington, VA, United States",unknown,,,,2026-09-09,date_only,2026-09-14T15:11:13Z,https://emit.fa.ca3.oraclecloud.com/hcmUI/CandidateExperience/en/sites/CX_2001/job/94952
oracle:emit.fa.ca3.oraclecloud.com:94959,WSP,Mechanical Engineering Intern - Summer 2027,Summer 2027,False,,Internship,,Design & CAD,"Columbia, MD, United States",unknown,,,,2026-09-09,date_only,2026-09-14T15:11:13Z,https://emit.fa.ca3.oraclecloud.com/hcmUI/CandidateExperience/en/sites/CX_2001/job/94959
oracle:fa-evfm-saasfaprod1.fa.ocs.oraclecloud.com:15623,Zachry Group,Engineer I Civil/Structural- Intern,Not stated,True,,Internship,,Structures & Materials,"Stonington, CT, United States; Charlotte, NC, United States",unknown,,,Excel,2026-09-09,date_only,2026-09-14T15:11:13Z,https://fa-evfm-saasfaprod1.fa.ocs.oraclecloud.com/hcmUI/CandidateExperience/en/sites/CX_1029/job/15623
oracle:fa-exty-saasfaprod1.fa.ocs.oraclecloud.com:119147,Howmet Aerospace,Process Engineering Intern,Not stated,True,,Internship,,Manufacturing & Process,"Del Rio, TX, United States",no-sponsorship,,,Six Sigma; Lean,2026-09-09,date_only,2026-09-14T15:11:13Z,https://fa-exty-saasfaprod1.fa.ocs.oraclecloud.com/hcmUI/CandidateExperience/en/sites/CX_1/job/119147
oracle:fa-exty-saasfaprod1.fa.ocs.oraclecloud.com:119148,Howmet Aerospace,Manufacturing Engineering Intern,Not stated,True,,Internship,,Manufacturing & Process,"Del Rio, TX, United States",no-sponsorship,,,Six Sigma; Lean,2026-09-09,date_only,2026-09-14T15:11:13Z,https://fa-exty-saasfaprod1.fa.ocs.oraclecloud.com/hcmUI/CandidateExperience/en/sites/CX_1/job/119148
oracle:hdjq.fa.us2.oraclecloud.com:26009934,Emerson Electric,Mechanical Engineering Internship - Summer 2027,Summer 2027,False,,Internship,,Design & CAD,"Austin, TX, United States",no-sponsorship,8,,Creo; Tolerance Analysis; Design of Experiments,2026-09-09,date_only,2026-09-14T15:11:13Z,https://hdjq.fa.us2.oraclecloud.com/hcmUI/CandidateExperience/en/sites/CX_1/job/26009934
smartrecruiters:AECOM2:744000148586189,AECOM,Structural Engineering Intern,Summer 2027,False,,Internship,,Structures & Materials,"Virginia Beach, VA, United States (Hybrid)",unknown,,,AutoCAD; Excel,2026-09-09T18:40:45.641Z,exact,2026-09-14T15:11:13Z,https://jobs.smartrecruiters.com/AECOM2/744000148586189
smartrecruiters:AECOM2:744000148614639,AECOM,Structural Engineering Intern,Summer 2027,False,,Internship,,Structures & Materials,"Hunt Valley, MD, United States (Hybrid)",unknown,,,AutoCAD; Excel,2026-09-09T21:35:14.970Z,exact,2026-09-14T15:11:13Z,https://jobs.smartrecruiters.com/AECOM2/744000148614639
smartrecruiters:AECOM2:744000148614879,AECOM,Structural Engineering Intern,Not stated,True,,Internship,,Structures & Materials,"Pittsburgh, PA, United States (Hybrid)",citizens-only,,,AutoCAD,2026-09-09T21:38:25.368Z,exact,2026-09-14T15:11:13Z,https://jobs.smartrecruiters.com/AECOM2/744000148614879
smartrecruiters:BoschGroup:744000148518808,Bosch,Manufacturing Engineer Intern - Summer 2027,Summer 2027,False,,Internship,,Manufacturing & Process,"Lincolnshire, IL, United States",unknown,188,$20–$27/hr,Creo; Lean; FMEA,2026-09-09T14:09:02.135Z,exact,2026-09-14T15:11:13Z,https://jobs.smartrecruiters.com/BoschGroup/744000148518808
smartrecruiters:BoschGroup:744000148542054,Bosch,Manufacturing Engineer Intern - Summer 2027,Summer 2027,False,,Internship,,Manufacturing & Process,"Lincolnshire, IL, United States",unknown,188,,Creo; Lean; FMEA,2026-09-09T15:19:22.421Z,exact,2026-09-14T15:11:13Z,https://jobs.smartrecruiters.com/BoschGroup/744000148542054
smartrecruiters:LLNL:3743990015127766,Lawrence Livermore National Laboratory (LLNL),Materials Engineering Division (MED): Undergraduate Intern - Summer 2027,Summer 2027,False,,Internship,,Structures & Materials,"Livermore, CA, United States",unknown,,,Excel; Design of Experiments,2026-09-09T00:23:05.903Z,exact,2026-09-14T15:11:13Z,https://jobs.smartrecruiters.com/LLNL/3743990015127766
smartrecruiters:LLNL:3743990015127776,Lawrence Livermore National Laboratory (LLNL),Materials Engineering Division (MED): Graduate Intern - Summer 2027,Summer 2027,False,,Internship,,Structures & Materials,"Livermore, CA, United States",unknown,,,Excel; Design of Experiments,2026-09-09T00:25:27.765Z,exact,2026-09-14T15:11:13Z,https://jobs.smartrecruiters.com/LLNL/3743990015127776
smartrecruiters:RESPECInc:744000148594874,RESPEC,Student Engineering Intern (Mechanical or Electrical),Summer 2027,False,,Internship,,Design & CAD,"Anchorage, AK, United States",unknown,,,,2026-09-09T19:35:08.807Z,exact,2026-09-14T15:11:13Z,https://jobs.smartrecruiters.com/RESPECInc/744000148594874
smartrecruiters:RESPECInc:744000148597749,RESPEC,Student Engineering Intern (Structural),Summer 2027,False,,Internship,,Structures & Materials,"Anchorage, AK, United States",unknown,,,AutoCAD; Revit,2026-09-09T19:48:35.304Z,exact,2026-09-14T15:11:13Z,https://jobs.smartrecruiters.com/RESPECInc/744000148597749
smartrecruiters:SmithsGroup2:744000148498329,Smiths Detection Group,Mechanical Engineering Co-Op,Not stated,True,,Co-op,,Design & CAD,"Morton Grove, IL, United States",unknown,,,SolidWorks; Creo; Solid Edge; GD&T; Excel; PLC,2026-09-09T12:54:12.777Z,exact,2026-09-14T15:11:13Z,https://jobs.smartrecruiters.com/SmithsGroup2/744000148498329
workday:allegion:/job/Colorado-Springs-CO/Summer-Intern---Mechanical-Engineer_JR37316-1,Allegion,Summer Intern - Mechanical Engineer,Not stated,True,,Internship,,Design & CAD,"Colorado Springs, CO",unknown,,,Creo; PLC,2026-09-09T00:00:00Z,date_only,2026-09-14T15:11:13Z,https://allegion.wd5.myworkdayjobs.com/careers/job/Colorado-Springs-CO/Summer-Intern---Mechanical-Engineer_JR37316-1
workday:allegion:/job/Everett-WA/Mechanical-Engineering-Intern_JR37384-2,Allegion,Summer Intern - Mechanical Engineering,Not stated,True,,Internship,,Design & CAD,"Everett, WA",unknown,,,Inventor; AutoCAD; PLC,2026-09-09T00:00:00Z,date_only,2026-09-14T15:11:13Z,https://allegion.wd5.myworkdayjobs.com/careers/job/Everett-WA/Mechanical-Engineering-Intern_JR37384-2
workday:allegion:/job/Golden-CO/Summer-Intern---Mechanical-Engineer---Golden--CO_JR37455-2,Allegion,"Summer Intern – Mechanical Engineer – Golden, CO",Not stated,True,,Internship,,Design & CAD,"Golden, CO",unknown,,,Creo; GD&T; PLC; FMEA; DFM,2026-09-09T00:00:00Z,date_only,2026-09-14T15:11:13Z,https://allegion.wd5.myworkdayjobs.com/careers/job/Golden-CO/Summer-Intern---Mechanical-Engineer---Golden--CO_JR37455-2
workday:allegion:/job/Indianapolis-IN---Hague-Rd/Summer-Intern---Mechanical-Engineer--Indianapolis--IN_JR37453-1,Allegion,"Summer Intern – Mechanical Engineer, Indianapolis, IN",Not stated,True,,Internship,,Design & CAD,"Indianapolis, IN - Hague Rd",unknown,,,Creo; GD&T; PLC; FMEA; DFM,2026-09-09T00:00:00Z,date_only,2026-09-14T15:11:13Z,https://allegion.wd5.myworkdayjobs.com/careers/job/Indianapolis-IN---Hague-Rd/Summer-Intern---Mechanical-Engineer--Indianapolis--IN_JR37453-1
workday:allegion:/job/Indianapolis-IN---Hague-Rd/Summer-Intern---Mechanical-Engineer_JR37491-1,Allegion,Summer Intern - Mechanical Engineer,Not stated,True,,Internship,,Design & CAD,"Indianapolis, IN - Hague Rd",unknown,,,PLC,2026-09-09T00:00:00Z,date_only,2026-09-14T15:11:13Z,https://allegion.wd5.myworkdayjobs.com/careers/job/Indianapolis-IN---Hague-Rd/Summer-Intern---Mechanical-Engineer_JR37491-1
workday:allegion:/job/Indianapolis-IN---Tobey-Dr/Summer-Intern---Coatings-Process-Engineering_JR37373-1,Allegion,Summer Intern - Coatings Process Engineering,Not stated,True,,Internship,,Manufacturing & Process,"Indianapolis, IN - Tobey Dr",unknown,,,Excel; PLC,2026-09-09T00:00:00Z,date_only,2026-09-14T15:11:13Z,https://allegion.wd5.myworkdayjobs.com/careers/job/Indianapolis-IN---Tobey-Dr/Summer-Intern---Coatings-Process-Engineering_JR37373-1
workday:allegion:/job/Indianapolis-IN---Tobey-Dr/Summer-Intern---Manufacturing-Engineering---Assembly_JR37346-1,Allegion,Summer Intern - Manufacturing Engineering - Assembly,Not stated,True,,Internship,,Manufacturing & Process,"Indianapolis, IN - Tobey Dr",unknown,,,Creo; Excel; PLC,2026-09-09T00:00:00Z,date_only,2026-09-14T15:11:13Z,https://allegion.wd5.myworkdayjobs.com/careers/job/Indianapolis-IN---Tobey-Dr/Summer-Intern---Manufacturing-Engineering---Assembly_JR37346-1
workday:bracco:/job/USA-Eden-Prairie-Minnesota-55344/Mechanical-Engineering-Co-op--R-D-Sustaining-_JR100317,Bracco,Mechanical Engineering Co-op (R&D Sustaining),Not stated,True,,Co-op,,Design & CAD,"USA, Eden Prairie, Minnesota, 55344",no-sponsorship,,$23–$25/hr,,2026-09-09T00:00:00Z,date_only,2026-09-14T15:11:13Z,https://bracco.wd103.myworkdayjobs.com/braccocareers/job/USA-Eden-Prairie-Minnesota-55344/Mechanical-Engineering-Co-op--R-D-Sustaining-_JR100317
workday:chartermfg:/job/Charter-Steel---Saukville-WI/Process-Engineer-Intern--Year-Round-_R08051,Charter Manufacturing,Process Engineer Intern (Year-Round),Summer 2027,False,,Internship,,Manufacturing & Process,"Charter Steel - Saukville, WI",unknown,,,Excel; Six Sigma; Lean,2026-09-09T00:00:00Z,date_only,2026-09-14T15:11:13Z,https://chartermfg.wd5.myworkdayjobs.com/Charter_Careers/job/Charter-Steel---Saukville-WI/Process-Engineer-Intern--Year-Round-_R08051
workday:clarios:/job/United-States-Michigan-Holland/Advanced-Manufacturing-Intern--Summer-2027-_WD49914,Clarios,Advanced Manufacturing Intern (Summer 2027),Summer 2027,False,,Internship,,Manufacturing & Process,"United States, Michigan, Holland",no-sponsorship,18,,PLC,2026-09-09T00:00:00Z,date_only,2026-09-14T15:11:13Z,https://clarios.wd5.myworkdayjobs.com/clarioscareers/job/United-States-Michigan-Holland/Advanced-Manufacturing-Intern--Summer-2027-_WD49914
workday:cranecompany:/job/Spartanburg-South-Carolina/Design-Engineer-Co-op_JR102425,Crane Co.,Design Engineer Co-op,Not stated,True,,Co-op,,Design & CAD,"Spartanburg, South Carolina",unknown,12,,SolidWorks; Excel,2026-09-09T00:00:00Z,date_only,2026-09-14T15:11:13Z,https://cranecompany.wd5.myworkdayjobs.com/Careers/job/Spartanburg-South-Carolina/Design-Engineer-Co-op_JR102425
workday:cranecompany:/job/Spartanburg-South-Carolina/Manufacturing-Engineering-Co-op_JR102426,Crane Co.,Manufacturing Engineering Co-op,Not stated,True,,Co-op,,Manufacturing & Process,"Spartanburg, South Carolina",unknown,12,,SolidWorks; Excel; Lean,2026-09-09T00:00:00Z,date_only,2026-09-14T15:11:13Z,https://cranecompany.wd5.myworkdayjobs.com/Careers/job/Spartanburg-South-Carolina/Manufacturing-Engineering-Co-op_JR102426
workday:cranecompany:/job/Spartanburg-South-Carolina/Quality-Engineering-Co-op_JR102424,Crane Co.,Quality Engineering Co-op,Not stated,True,,Co-op,,Test & Quality,"Spartanburg, South Carolina",unknown,12,,Excel; Six Sigma; Lean; FMEA,2026-09-09T00:00:00Z,date_only,2026-09-14T15:11:13Z,https://cranecompany.wd5.myworkdayjobs.com/Careers/job/Spartanburg-South-Carolina/Quality-Engineering-Co-op_JR102424
workday:flextronics:/job/USA-IL-Libertyville/Injection-Molding-Engineering-Co-Op_WD229347,Flextronics International,Injection Molding Engineering Co-Op,Not stated,True,,Co-op,,Manufacturing & Process,"USA, IL, Libertyville",offers,,,Injection Molding,2026-09-09T00:00:00Z,date_only,2026-09-15T22:03:22Z,https://flextronics.wd1.myworkdayjobs.com/Careers/job/USA-IL-Libertyville/Injection-Molding-Engineering-Co-Op_WD229347
workday:flir:/job/US---Miamisburg-OH/Mechanical-Engineering-Intern_REQ35562,Teledyne,Mechanical Engineering Intern,Not stated,True,,Internship,,Design & CAD,"US - Miamisburg, OH",citizens-only,,,SolidWorks; Machining,2026-09-09T00:00:00Z,date_only,2026-09-14T15:11:13Z,https://flir.wd1.myworkdayjobs.com/flircareers/job/US---Miamisburg-OH/Mechanical-Engineering-Intern_REQ35562
workday:generalmotors:/job/Warren-Michigan-United-States-of-America/XMLNAME-2027-Summer-Intern---Manufacturing-Engineering---Global-Artisan-Innovation-Center_JR-202619920,General Motors,2027 Summer Intern – Manufacturing Engineering – Global Artisan Innovation Center,Summer 2027,False,,Internship,,Manufacturing & Process,"Warren, Michigan, United States of America",unknown,928,,Machining; Additive Manufacturing; Six Sigma; Lean; PLM/PDM,2026-09-09T00:00:00Z,date_only,2026-09-14T15:11:13Z,https://generalmotors.wd5.myworkdayjobs.com/Careers_GM/job/Warren-Michigan-United-States-of-America/XMLNAME-2027-Summer-Intern---Manufacturing-Engineering---Global-Artisan-Innovation-Center_JR-202619920
workday:generalmotors:/job/Warren-Michigan-United-States-of-America/XMLNAME-2027-Summer-Intern---PFMEA-Manufacturing-Engineer_JR-202619950,General Motors,2027 Summer Intern - PFMEA Manufacturing Engineer,Summer 2027,False,,Internship,,Manufacturing & Process,"Warren, Michigan, United States of America",unknown,928,,FMEA,2026-09-09T00:00:00Z,date_only,2026-09-14T15:11:13Z,https://generalmotors.wd5.myworkdayjobs.com/Careers_GM/job/Warren-Michigan-United-States-of-America/XMLNAME-2027-Summer-Intern---PFMEA-Manufacturing-Engineer_JR-202619950
workday:graco:/job/Dayton-Minnesota-USA-French-Lake/Manufacturing-Engineering-Intern_R0023564,Graco,Manufacturing Engineering Intern,Not stated,True,,Internship,,Manufacturing & Process,"Dayton, Minnesota, USA (French Lake)",no-sponsorship,,,AutoCAD; Machining,2026-09-09T00:00:00Z,date_only,2026-09-14T15:11:13Z,https://graco.wd501.myworkdayjobs.com/Graco_Careers/job/Dayton-Minnesota-USA-French-Lake/Manufacturing-Engineering-Intern_R0023564
workday:hmhw:/job/Houston-TX/Manufacturing-Shop-Operations-Intern_JR102389,HMH,Manufacturing Shop Operations Intern,Summer 2027,False,,Internship,,Manufacturing & Process,"Houston, TX",unknown,,,Excel,2026-09-09T00:00:00Z,date_only,2026-09-14T15:11:13Z,https://hmhw.wd12.myworkdayjobs.com/hmh_careers/job/Houston-TX/Manufacturing-Shop-Operations-Intern_JR102389
workday:hmhw:/job/Houston-TX/Mechanical-Engineering-Intern_JR102383,HMH,Mechanical Engineering Intern,Summer 2027,False,,Internship,,Design & CAD,"Houston, TX",unknown,,,Excel,2026-09-09T00:00:00Z,date_only,2026-09-14T15:11:13Z,https://hmhw.wd12.myworkdayjobs.com/hmh_careers/job/Houston-TX/Mechanical-Engineering-Intern_JR102383
workday:hypertherm:/job/Hanover-NH/Mechanical-Engineering-Winter-Spring-Internship-or-Co-Op---Central-Engineering--NH-_R4060,Hypertherm,Mechanical Engineering Winter/Spring Internship or Co-Op - Central Engineering (NH),Not stated,True,,Internship / Co-op,,Design & CAD,"Hanover, NH",unknown,9,,SolidWorks; Excel; PLM/PDM,2026-09-09T00:00:00Z,date_only,2026-09-14T15:11:13Z,https://hypertherm.wd503.myworkdayjobs.com/hypertherm-careers/job/Hanover-NH/Mechanical-Engineering-Winter-Spring-Internship-or-Co-Op---Central-Engineering--NH-_R4060
workday:hypertherm:/job/Kent-WA/Mechanical-Engineering-Winter-Spring-Internship-or-Co-Op---Central-Engineering--WA-_R4061,Hypertherm,Mechanical Engineering Winter/Spring Internship or Co-Op - Central Engineering (WA),Not stated,True,,Internship / Co-op,,Design & CAD,"Kent, WA",unknown,9,,SolidWorks; Excel; PLM/PDM,2026-09-09T00:00:00Z,date_only,2026-09-14T15:11:13Z,https://hypertherm.wd503.myworkdayjobs.com/hypertherm-careers/job/Kent-WA/Mechanical-Engineering-Winter-Spring-Internship-or-Co-Op---Central-Engineering--WA-_R4061
workday:idexcorp:/job/Oklahoma-City-Oklahoma/Mechanical-Engineer-Intern_R-09824-1,IDEX,Mechanical Engineer-Intern,Not stated,True,,Internship,,Design & CAD,"Oklahoma City, Oklahoma",unknown,,,SolidWorks; Creo; Excel,2026-09-09T00:00:00Z,date_only,2026-09-14T15:11:13Z,https://idexcorp.wd5.myworkdayjobs.com/idex_careers/job/Oklahoma-City-Oklahoma/Mechanical-Engineer-Intern_R-09824-1
workday:imeg:/job/Las-Vegas-NV/Structural-Engineering-Intern---Las-Vegas--NV_R-16753,IMEG,"Structural Engineering Intern | Las Vegas, NV",Summer 2027,False,,Internship,,Structures & Materials,"Las Vegas, NV",no-sponsorship,10,$22–$24/hr,AutoCAD; Excel,2026-09-09T00:00:00Z,date_only,2026-09-14T15:11:13Z,https://wd1.myworkdaysite.com/recruiting/imeg/Imeg_Careers/job/Las-Vegas-NV/Structural-Engineering-Intern---Las-Vegas--NV_R-16753
workday:leidos:/job/Huntsville-AL/Mechanical-Design-Engineer-Summer-Intern_R-00191782,Leidos,Mechanical Design Engineer Summer Intern,Not stated,True,,Internship,,Design & CAD,"Huntsville, AL",citizens-only,79,,SolidWorks; GD&T; ASME Y14.5,2026-09-09T00:00:00Z,date_only,2026-09-14T15:11:13Z,https://leidos.wd5.myworkdayjobs.com/External/job/Huntsville-AL/Mechanical-Design-Engineer-Summer-Intern_R-00191782
workday:momentive:/job/US-IN-Garrett/Summer-2027-Intern---Process-Engineering_R9801,Momentive,Summer 2027 Intern - Process Engineering,Summer 2027,False,,Internship,,Manufacturing & Process,US IN Garrett,unknown,44,,AutoCAD; Excel,2026-09-09T00:00:00Z,date_only,2026-09-14T15:11:13Z,https://momentive.wd1.myworkdayjobs.com/MC/job/US-IN-Garrett/Summer-2027-Intern---Process-Engineering_R9801
workday:momentive:/job/US-NY-Waterford/Summer-2027-Intern---Waterford-Manufacturing-Engineering_R9885,Momentive,Summer 2027 Intern - Waterford Manufacturing Engineering,Summer 2027,False,,Internship,,Manufacturing & Process,US NY Waterford,unknown,44,,,2026-09-09T00:00:00Z,date_only,2026-09-14T15:11:13Z,https://momentive.wd1.myworkdayjobs.com/MC/job/US-NY-Waterford/Summer-2027-Intern---Waterford-Manufacturing-Engineering_R9885
workday:moog:/job/Mineral-Wells-TX/Intern--Design-Engineering_R-26-19881,Moog,"Intern, Design Engineering",Summer 2027,False,,Internship,,Design & CAD,"Mineral Wells, TX",unknown,2,,,2026-09-09T00:00:00Z,date_only,2026-09-14T15:11:13Z,https://moog.wd5.myworkdayjobs.com/moog_external_career_site/job/Mineral-Wells-TX/Intern--Design-Engineering_R-26-19881
workday:moog:/job/Mineral-Wells-TX/Intern--Design-Engineering_R-26-19882,Moog,"Intern, Design Engineering",Summer 2027,False,,Internship,,Design & CAD,"Mineral Wells, TX",unknown,2,,,2026-09-09T00:00:00Z,date_only,2026-09-14T15:11:13Z,https://moog.wd5.myworkdayjobs.com/moog_external_career_site/job/Mineral-Wells-TX/Intern--Design-Engineering_R-26-19882
workday:moog:/job/Mineral-Wells-TX/Intern--Hardware-Design-Engineering_R-26-19887,Moog,"Intern, Hardware Design Engineering",Summer 2027,False,,Internship,,Design & CAD,"Mineral Wells, TX",unknown,2,,,2026-09-09T00:00:00Z,date_only,2026-09-14T15:11:13Z,https://moog.wd5.myworkdayjobs.com/moog_external_career_site/job/Mineral-Wells-TX/Intern--Hardware-Design-Engineering_R-26-19887
workday:motorolasolutions:/job/Elgin-IL/Quality---Process-Engineer-Summer-Internship-2027_R68673,Motorola,Quality & Process Engineer Summer Internship 2027,Summer 2027,False,,Internship,,Manufacturing & Process,"Elgin, IL",no-sponsorship,,,Design of Experiments,2026-09-09T00:00:00Z,date_only,2026-09-14T15:11:13Z,https://motorolasolutions.wd5.myworkdayjobs.com/Careers/job/Elgin-IL/Quality---Process-Engineer-Summer-Internship-2027_R68673
workday:oshkoshcorporation:/job/Jefferson-City-Tennessee-United-States/Manufacturing-Engineer-Intern_R49646,Oshkosh,Manufacturing Engineer Intern,Not stated,True,,Internship,,Manufacturing & Process,"Jefferson City, Tennessee, United States",unknown,2,,,2026-09-09T00:00:00Z,date_only,2026-09-14T15:11:13Z,https://oshkoshcorporation.wd5.myworkdayjobs.com/Oshkosh/job/Jefferson-City-Tennessee-United-States/Manufacturing-Engineer-Intern_R49646
workday:oshkoshcorporation:/job/Oshkosh-Wisconsin-United-States/Mechanical-Engineer-Intern_R50185,Oshkosh,Mechanical Engineer Intern,Not stated,True,,Internship,,Design & CAD,"Oshkosh, Wisconsin, United States",unknown,2,,CATIA; Creo; PLM/PDM,2026-09-09T00:00:00Z,date_only,2026-09-14T15:11:13Z,https://oshkoshcorporation.wd5.myworkdayjobs.com/Oshkosh/job/Oshkosh-Wisconsin-United-States/Mechanical-Engineer-Intern_R50185
workday:stryker:/job/Tempe-Arizona/Intern--Process-Engineering--Advanced-Operations_R572881,Stryker,"Summer 2027 Internship - Intern, Process Engineering, Advanced Operations - Tempe",Summer 2027,False,,Internship,,Manufacturing & Process,"Tempe, Arizona",unknown,104,,Excel; Lean,2026-09-09T00:00:00Z,date_only,2026-09-14T15:11:13Z,https://stryker.wd1.myworkdayjobs.com/StrykerCareers/job/Tempe-Arizona/Intern--Process-Engineering--Advanced-Operations_R572881
workday:stryker:/job/Weston-Florida/Summer-2027-Internship---Process-Engineer---Florida_R572764,Stryker,Summer 2027 Internship - Process Engineer - Florida,Summer 2027,False,,Internship,,Manufacturing & Process,"Weston, Florida",unknown,104,,FEA; LabVIEW; Excel; Lean,2026-09-09T00:00:00Z,date_only,2026-09-14T15:11:13Z,https://stryker.wd1.myworkdayjobs.com/StrykerCareers/job/Weston-Florida/Summer-2027-Internship---Process-Engineer---Florida_R572764
workday:wonder:/job/New-York-NY/Robotics-Systems-Engineer-Intern_JR101321,Wonder,Robotics Systems Engineer Intern,Not stated,True,,Internship,,Robotics & Controls,"New York, NY",no-sponsorship,,$53/hr,,2026-09-09T00:00:00Z,date_only,2026-09-14T15:11:13Z,https://wonder.wd1.myworkdayjobs.com/WG/job/New-York-NY/Robotics-Systems-Engineer-Intern_JR101321
ashby:allen-control-systems:ad41a645-7b94-407d-a579-003fba1b8e68,Allen Control Systems,"Mechanical Engineering Intern, 2027",Summer 2027,False,,Internship,,Design & CAD,"Austin, TX",unknown,,,SolidWorks,2026-09-08T21:19:52.236+00:00,exact,2026-09-14T15:11:13Z,https://jobs.ashbyhq.com/allen-control-systems/ad41a645-7b94-407d-a579-003fba1b8e68
ashby:maticrobots:a0d77cc5-555f-46d8-89b1-e1df201a77dc,Matic,Robotics Customer Success Intern,Not stated,True,,Internship,,Robotics & Controls,"Menlo Park, CA",unknown,,$25–$35/hr,,2026-09-08T02:30:04.276+00:00,exact,2026-09-14T15:11:13Z,https://jobs.ashbyhq.com/maticrobots/a0d77cc5-555f-46d8-89b1-e1df201a77dc
greenhouse:formlabsinternships:8186604,Formlabsinternships,Manufacturing Engineering Intern (Summer 2027),Summer 2027,False,,Internship,,Manufacturing & Process,"Somerville, MA",unknown,,,SolidWorks; Onshape; GD&T; Python; Additive Manufacturing,2026-09-08T14:16:14-04:00,exact,2026-09-24T09:36:39Z,https://job-boards.greenhouse.io/formlabsinternships/jobs/8186604
greenhouse:syskahennessy:8175600,Syska Hennessy Group,Mechanical Engineering Summer Intern,Not stated,True,,Internship,,Design & CAD,"Los Angeles, CA",unknown,,,AutoCAD; Revit,2026-09-08T11:53:07-04:00,exact,2026-09-14T15:11:13Z,https://job-boards.greenhouse.io/syskahennessy/jobs/8175600
greenhouse:syskahennessy:8177222,Syska Hennessy Group,Mechanical Engineering Summer Intern,Not stated,True,,Internship,,Design & CAD,"San Diego, CA",unknown,,,AutoCAD; Revit,2026-09-08T12:10:40-04:00,exact,2026-09-14T15:11:13Z,https://job-boards.greenhouse.io/syskahennessy/jobs/8177222
greenhouse:syskahennessy:8177276,Syska Hennessy Group,Mechanical Engineer Summer Intern,Not stated,True,,Internship,,Design & CAD,"San Francisco, CA",unknown,,,AutoCAD; Revit,2026-09-08T12:12:04-04:00,exact,2026-09-14T15:11:13Z,https://job-boards.greenhouse.io/syskahennessy/jobs/8177276
greenhouse:syskahennessy:8177404,Syska Hennessy Group,Mechanical Engineer Summer Intern,Not stated,True,,Internship,,Design & CAD,"Chicago, IL",unknown,,,AutoCAD; Revit,2026-09-08T11:45:01-04:00,exact,2026-09-14T15:11:13Z,https://job-boards.greenhouse.io/syskahennessy/jobs/8177404
greenhouse:syskahennessy:8177511,Syska Hennessy Group,Mechanical Engineer Summer Intern,Not stated,True,,Internship,,Design & CAD,"Dallas, TX",unknown,,,AutoCAD; Revit,2026-09-08T11:50:42-04:00,exact,2026-09-14T15:11:13Z,https://job-boards.greenhouse.io/syskahennessy/jobs/8177511
greenhouse:syskahennessy:8177739,Syska Hennessy Group,Mechanical Engineer Summer Intern,Not stated,True,,Internship,,Design & CAD,"New York, NY",unknown,,,AutoCAD; Revit,2026-09-08T12:07:43-04:00,exact,2026-09-14T15:11:13Z,https://job-boards.greenhouse.io/syskahennessy/jobs/8177739
greenhouse:syskahennessy:8177975,Syska Hennessy Group,Mechanical Engineering Summer Intern,Not stated,True,,Internship,,Design & CAD,"Charlotte, NC",unknown,,,AutoCAD; Revit,2026-09-08T11:43:04-04:00,exact,2026-09-14T15:11:13Z,https://job-boards.greenhouse.io/syskahennessy/jobs/8177975
greenhouse:syskahennessy:8178051,Syska Hennessy Group,Mechanical Engineer Summer Intern,Not stated,True,,Internship,,Design & CAD,"Jacksonville, FL",unknown,,,AutoCAD; Revit,2026-09-08T13:22:46-04:00,exact,2026-09-14T15:11:13Z,https://job-boards.greenhouse.io/syskahennessy/jobs/8178051
oracle:edbz.fa.us2.oraclecloud.com:25017627,Texas Instruments,Utah: Manufacturing Engineering Intern,Not stated,True,,Internship,,Manufacturing & Process,"Dallas, TX, United States",no-sponsorship,234,,,2026-09-08,date_only,2026-09-14T15:11:13Z,https://edbz.fa.us2.oraclecloud.com/hcmUI/CandidateExperience/en/sites/CX_1/job/25017627
oracle:edbz.fa.us2.oraclecloud.com:25017628,Texas Instruments,North Texas: Manufacturing Engineering Intern,Not stated,True,,Internship,,Manufacturing & Process,"Dallas, TX, United States",no-sponsorship,234,,,2026-09-08,date_only,2026-09-14T15:11:13Z,https://edbz.fa.us2.oraclecloud.com/hcmUI/CandidateExperience/en/sites/CX_1/job/25017628
oracle:edbz.fa.us2.oraclecloud.com:25017629,Texas Instruments,Maine: Manufacturing Engineering Intern,Not stated,True,,Internship,,Manufacturing & Process,"South Portland, ME, United States",no-sponsorship,234,,,2026-09-08,date_only,2026-09-14T15:11:13Z,https://edbz.fa.us2.oraclecloud.com/hcmUI/CandidateExperience/en/sites/CX_1/job/25017629
oracle:edbz.fa.us2.oraclecloud.com:25017630,Texas Instruments,North Texas: Industrial Engineer Intern,Not stated,True,,Internship,,Manufacturing & Process,"Dallas, TX, United States",unknown,234,,Lean,2026-09-08,date_only,2026-09-14T15:11:13Z,https://edbz.fa.us2.oraclecloud.com/hcmUI/CandidateExperience/en/sites/CX_1/job/25017630
oracle:edbz.fa.us2.oraclecloud.com:25017827,Texas Instruments,Facilities Mechanical & Process Water Intern,Not stated,True,,Internship,,Design & CAD,"Dallas, TX, United States",no-sponsorship,234,,Excel; Hydraulics; FMEA,2026-09-08,date_only,2026-09-14T15:11:13Z,https://edbz.fa.us2.oraclecloud.com/hcmUI/CandidateExperience/en/sites/CX_1/job/25017827
oracle:emit.fa.ca3.oraclecloud.com:94360,WSP,Civil/Structural Engineering (Substation) Intern - Summer 2027,Summer 2027,False,,Internship,,Structures & Materials,"Duluth, GA, United States",unknown,,,,2026-09-08,date_only,2026-09-14T15:11:13Z,https://emit.fa.ca3.oraclecloud.com/hcmUI/CandidateExperience/en/sites/CX_2001/job/94360
oracle:emit.fa.ca3.oraclecloud.com:94364,WSP,Civil/Structural Engineering (Substation) Intern - Summer 2027,Summer 2027,False,,Internship,,Structures & Materials,"Oradell, NJ, United States",unknown,,$24.76–$32.22/hr,,2026-09-08,date_only,2026-09-14T15:11:13Z,https://emit.fa.ca3.oraclecloud.com/hcmUI/CandidateExperience/en/sites/CX_2001/job/94364
oracle:emit.fa.ca3.oraclecloud.com:94559,WSP,Structural Engineering Intern - Fall 2026,Fall 2026,False,,Internship,,Structures & Materials,"San Diego, CA, United States",unknown,,,,2026-09-08,date_only,2026-09-14T15:11:13Z,https://emit.fa.ca3.oraclecloud.com/hcmUI/CandidateExperience/en/sites/CX_2001/job/94559
oracle:emit.fa.ca3.oraclecloud.com:94637,WSP,Structural Engineering Intern - Summer 2027,Summer 2027,False,,Internship,,Structures & Materials,"Dallas, TX, United States",unknown,,,AutoCAD; Revit,2026-09-08,date_only,2026-09-14T15:11:13Z,https://emit.fa.ca3.oraclecloud.com/hcmUI/CandidateExperience/en/sites/CX_2001/job/94637
oracle:emit.fa.ca3.oraclecloud.com:94817,WSP,Mechanical Engineering (Thermal Generation) Intern - Summer 2027,Summer 2027,False,,Internship,,Thermal & Fluids,"Mount Laurel, NJ, United States",unknown,,$23.9–$31.11/hr,,2026-09-08,date_only,2026-09-14T15:11:13Z,https://emit.fa.ca3.oraclecloud.com/hcmUI/CandidateExperience/en/sites/CX_2001/job/94817
oracle:hdhl.fa.us6.oraclecloud.com:1007581,Stantec,Structural Engineering Intern - Water (Fall 2026),Fall 2026,False,,Internship,,Structures & Materials,"Las Vegas, NV, United States",unknown,,,AutoCAD; Revit; Excel; Hydraulics,2026-09-08,date_only,2026-09-14T15:11:13Z,https://hdhl.fa.us6.oraclecloud.com/hcmUI/CandidateExperience/en/sites/CX_1/job/1007581
smartrecruiters:BoschGroup:744000148250710,Bosch,Design Engineer Intern,Not stated,True,,Internship,,Design & CAD,"Vernon Hills, IL, United States",unknown,188,,Creo; CFD,2026-09-08T14:11:58.228Z,exact,2026-09-14T15:11:13Z,https://jobs.smartrecruiters.com/BoschGroup/744000148250710
smartrecruiters:BoschGroup:744000148252267,Bosch,Design Engineer Intern,Not stated,True,,Internship,,Design & CAD,"Vernon Hills, IL, United States",unknown,188,,Creo; CFD,2026-09-08T14:15:05.169Z,exact,2026-09-14T15:11:13Z,https://jobs.smartrecruiters.com/BoschGroup/744000148252267
smartrecruiters:BoschGroup:744000148253129,Bosch,Test Engineer Intern,Not stated,True,,Internship,,Test & Quality,"Vernon Hills, IL, United States",unknown,188,,PLC; Hydraulics; Metrology,2026-09-08T14:13:44.624Z,exact,2026-09-14T15:11:13Z,https://jobs.smartrecruiters.com/BoschGroup/744000148253129
workday:allegion:/job/Farmington-CT/Mechanical-Engineering-Intern--Access-Technologies---Farmington--Connecticut_JR37466-1,Allegion,"Summer Intern - Mechanical Engineering, Access Technologies – Farmington, Connecticut",Not stated,True,,Internship,,Design & CAD,"Farmington, CT",unknown,,$25–$26/hr,Creo; PLC,2026-09-08T00:00:00Z,date_only,2026-09-14T15:11:13Z,https://allegion.wd5.myworkdayjobs.com/careers/job/Farmington-CT/Mechanical-Engineering-Intern--Access-Technologies---Farmington--Connecticut_JR37466-1
workday:allegion:/job/Indianapolis-IN---Tobey-Dr/Summer-Intern---Process-Engineering--Fabrication-_JR37368-2,Allegion,Summer Intern - Process Engineering (Fabrication),Summer 2027,False,,Internship,,Manufacturing & Process,"Indianapolis, IN - Tobey Dr",unknown,,,AutoCAD; PLC; CNC; Machining,2026-09-08T00:00:00Z,date_only,2026-09-14T15:11:13Z,https://allegion.wd5.myworkdayjobs.com/careers/job/Indianapolis-IN---Tobey-Dr/Summer-Intern---Process-Engineering--Fabrication-_JR37368-2
workday:allegion:/job/Princeton-IL/Summer-Intern---Mechanical-Engineer_JR37342-2,Allegion,Summer Intern - Mechanical Engineer,Not stated,True,,Internship,,Design & CAD,"Princeton, IL",unknown,,,PLC,2026-09-08T00:00:00Z,date_only,2026-09-14T15:11:13Z,https://allegion.wd5.myworkdayjobs.com/careers/job/Princeton-IL/Summer-Intern---Mechanical-Engineer_JR37342-2
workday:astemo:/job/Rock-Spring-Georgia-United-States-of-America/Quality-Engineer-Intern_J0051817,Astemo,Quality Engineer Intern,Not stated,True,,Internship,,Test & Quality,"Rock Spring, Georgia, United States of America",unknown,,,Excel; Machining; Casting,2026-09-08T00:00:00Z,date_only,2026-09-14T15:11:13Z,https://astemo.wd102.myworkdayjobs.com/Global_Career_Site/job/Rock-Spring-Georgia-United-States-of-America/Quality-Engineer-Intern_J0051817
workday:bdx:/job/USA-NJ---Franklin-Lakes/BD-2027-Summer-Internship---Quality-Engineering-Development-Program_R-554256,Becton Dickinson,BD 2027 Summer Internship - Quality Engineering Development Program,Summer 2027,False,,Internship,,Test & Quality,USA NJ - Franklin Lakes,unknown,,,,2026-09-08T00:00:00Z,date_only,2026-09-14T15:11:13Z,https://bdx.wd1.myworkdayjobs.com/US_EARLY_TALENT_SITE/job/USA-NJ---Franklin-Lakes/BD-2027-Summer-Internship---Quality-Engineering-Development-Program_R-554256
workday:boeing:/job/USA---Huntington-Beach-CA/Boeing-Engineering---Technology-Innovation--Graduate-Researcher-Program----Computational-Fluid-Dynamics-Intern_JR2026523774,The Boeing Company,"Boeing Engineering & Technology Innovation, Graduate Researcher Program –  Computational Fluid Dynamics Intern",Not stated,True,,Internship,,Thermal & Fluids,"USA - Huntington Beach, CA",citizens-only,28,,CFD; C++,2026-09-08T00:00:00Z,date_only,2026-09-14T15:11:13Z,https://boeing.wd1.myworkdayjobs.com/EXTERNAL_CAREERS/job/USA---Huntington-Beach-CA/Boeing-Engineering---Technology-Innovation--Graduate-Researcher-Program----Computational-Fluid-Dynamics-Intern_JR2026523774
workday:boeing:/job/USA---Huntington-Beach-CA/Boeing-Engineering---Technology-Innovation-Graduate-Researcher-Program--Aerodynamics-Intern_JR2026523782,The Boeing Company,"Boeing Engineering & Technology Innovation Graduate Researcher Program, Aerodynamics Intern",Not stated,True,,Internship,,Aerospace & Defense,"USA - Huntington Beach, CA",citizens-only,28,,CFD; C++,2026-09-08T00:00:00Z,date_only,2026-09-14T15:11:13Z,https://boeing.wd1.myworkdayjobs.com/EXTERNAL_CAREERS/job/USA---Huntington-Beach-CA/Boeing-Engineering---Technology-Innovation-Graduate-Researcher-Program--Aerodynamics-Intern_JR2026523782
workday:borgwarner:/job/Arden---North-Carolina---USA/Quality-Engineering-Intern_R2026-3555,BorgWarner,Quality Engineering Intern,Not stated,True,,Internship,,Test & Quality,Arden - North Carolina - USA,unknown,4,,Excel; Six Sigma,2026-09-08T00:00:00Z,date_only,2026-09-14T15:11:13Z,https://borgwarner.wd5.myworkdayjobs.com/BorgWarner_Careers/job/Arden---North-Carolina---USA/Quality-Engineering-Intern_R2026-3555
workday:brunswick:/job/Edgewater-FL/Manufacturing-Engineering-Intern-Summer--27_JR-051339,Brunswick,Manufacturing Engineering Intern Summer '27,Summer 2027,False,,Internship,,Manufacturing & Process,"Edgewater, FL",no-sponsorship,54,$18–$26/hr,Excel; Six Sigma; Lean,2026-09-08T00:00:00Z,date_only,2026-09-16T04:05:56Z,https://brunswick.wd1.myworkdayjobs.com/search/job/Edgewater-FL/Manufacturing-Engineering-Intern-Summer--27_JR-051339
workday:brunswick:/job/Edgewater-FL/Manufacturing-Engineering-Intern_JR-051540,Brunswick,Manufacturing Engineering Intern,Summer 2027,False,,Internship,,Manufacturing & Process,"Edgewater, FL",no-sponsorship,54,$18–$26/hr,Excel; Six Sigma; Lean,2026-09-08T00:00:00Z,date_only,2026-09-16T04:05:56Z,https://brunswick.wd1.myworkdayjobs.com/search/job/Edgewater-FL/Manufacturing-Engineering-Intern_JR-051540
workday:brunswick:/job/Menomonee-Falls-WI/Electro---Mechanical-Engineering-Intern_JR-051298,Brunswick,Electro - Mechanical Engineering Intern,Not stated,True,,Internship,,Design & CAD,"Menomonee Falls, WI",no-sponsorship,54,$18–$27/hr,Creo,2026-09-08T00:00:00Z,date_only,2026-09-16T04:05:56Z,https://brunswick.wd1.myworkdayjobs.com/search/job/Menomonee-Falls-WI/Electro---Mechanical-Engineering-Intern_JR-051298
workday:brunswick:/job/Menomonee-Falls-WI/Industrial-Engineering-Intern_JR-051429,Brunswick,Industrial Engineering-Continuous Improvement Intern,Not stated,True,,Internship,,Manufacturing & Process,"Menomonee Falls, WI",no-sponsorship,54,$18–$27/hr,Excel; Six Sigma; Lean,2026-09-08T00:00:00Z,date_only,2026-09-16T04:05:56Z,https://brunswick.wd1.myworkdayjobs.com/search/job/Menomonee-Falls-WI/Industrial-Engineering-Intern_JR-051429
workday:danaher:/job/Logan-Utah-United-States/Mechanical-Engineering-Intern-Summer-2027_R1317859,Danaher Corporation,Mechanical Engineering Intern Summer 2027,Summer 2027,False,,Internship,,Design & CAD,"Logan, Utah, United States",unknown,3,,SolidWorks; Excel,2026-09-08T00:00:00Z,date_only,2026-09-16T15:41:09Z,https://danaher.wd1.myworkdayjobs.com/danaherjobs/job/Logan-Utah-United-States/Mechanical-Engineering-Intern-Summer-2027_R1317859
workday:gilead:/job/United-States---California---Foster-City/Intern---PDM---Global-External-Manufacturing--Packaging-Operations_R0054897,Gilead Sciences,"Intern - PDM - Global External Manufacturing, Packaging Operations",Not stated,True,,Internship,,Manufacturing & Process,United States - California - Foster City,no-sponsorship,272,,PLM/PDM; Excel,2026-09-08T00:00:00Z,date_only,2026-09-14T15:11:13Z,https://gilead.wd1.myworkdayjobs.com/gileadcareers/job/United-States---California---Foster-City/Intern---PDM---Global-External-Manufacturing--Packaging-Operations_R0054897
workday:gilead:/job/United-States---California---Foster-City/Intern---PDM---Manufacturing--Biologics-_R0054750,Gilead Sciences,Intern - PDM - Manufacturing (Biologics),Summer 2027,False,,Internship,,Manufacturing & Process,United States - California - Foster City,no-sponsorship,272,,PLM/PDM; Excel,2026-09-08T00:00:00Z,date_only,2026-09-14T15:11:13Z,https://gilead.wd1.myworkdayjobs.com/gileadcareers/job/United-States---California---Foster-City/Intern---PDM---Manufacturing--Biologics-_R0054750
workday:graco:/job/Anoka-Minnesota-USA/Manufacturing-Engineering-Co-op--May---December-2027-_R0023613,Graco,Manufacturing Engineering Co-op (May - December 2027),Summer 2027,False,,Co-op,,Manufacturing & Process,"Anoka, Minnesota, USA",no-sponsorship,,,AutoCAD; Machining,2026-09-08T00:00:00Z,date_only,2026-09-14T15:11:13Z,https://graco.wd501.myworkdayjobs.com/Graco_Careers/job/Anoka-Minnesota-USA/Manufacturing-Engineering-Co-op--May---December-2027-_R0023613
workday:graco:/job/Dayton-Minnesota-USA/Manufacturing-Engineering-Co-Op_R0023506,Graco,Manufacturing Engineering Co-Op (May - December 2027),Summer 2027,False,,Co-op,,Manufacturing & Process,"Dayton, Minnesota, USA",no-sponsorship,,,AutoCAD; Machining,2026-09-08T00:00:00Z,date_only,2026-09-14T15:11:13Z,https://graco.wd501.myworkdayjobs.com/Graco_Careers/job/Dayton-Minnesota-USA/Manufacturing-Engineering-Co-Op_R0023506
workday:graco:/job/Rogers-Minnesota-USA-David-Koch-Center/Manufacturing-Engineering-Co-Op_R0023504,Graco,Manufacturing Engineering Co-Op (May - December 2027),Summer 2027,False,,Co-op,,Manufacturing & Process,"Rogers, Minnesota, USA (David Koch Center)",no-sponsorship,,,AutoCAD; Machining,2026-09-08T00:00:00Z,date_only,2026-09-14T15:11:13Z,https://graco.wd501.myworkdayjobs.com/Graco_Careers/job/Rogers-Minnesota-USA-David-Koch-Center/Manufacturing-Engineering-Co-Op_R0023504
workday:heidelbergmaterials:/job/Harleyville-SC/Mechanical-Engineer-Intern_JR10018682,Heidelberg Materials,Mechanical Engineer Intern,Not stated,True,,Internship,,Design & CAD,"Harleyville, SC",unknown,,$23–$27/hr,,2026-09-08T00:00:00Z,date_only,2026-09-14T15:11:13Z,https://heidelbergmaterials.wd3.myworkdayjobs.com/global_hm_career_site/job/Harleyville-SC/Mechanical-Engineer-Intern_JR10018682
workday:heidelbergmaterials:/job/Lexington-SC/Process-Engineer-Intern_JR10018539,Heidelberg Materials,Process Engineer Intern,Not stated,True,,Internship,,Manufacturing & Process,"Lexington, SC",unknown,,$23/hr,,2026-09-08T00:00:00Z,date_only,2026-09-14T15:11:13Z,https://heidelbergmaterials.wd3.myworkdayjobs.com/global_hm_career_site/job/Lexington-SC/Process-Engineer-Intern_JR10018539
workday:imeg:/job/Denver-Metro-CO/Mechanical-Engineering-Intern---Greenwood-Village--CO_R-16558,IMEG,"Mechanical Engineering Intern | Greenwood Village, CO",Summer 2027,False,,Internship,,Design & CAD,"Denver Metro, CO",no-sponsorship,10,$22–$24/hr,AutoCAD; Excel,2026-09-08T00:00:00Z,date_only,2026-09-14T15:11:13Z,https://wd1.myworkdaysite.com/recruiting/imeg/Imeg_Careers/job/Denver-Metro-CO/Mechanical-Engineering-Intern---Greenwood-Village--CO_R-16558
workday:imeg:/job/Phoenix-AZ/Mechanical-Engineering-Intern---Scottsdale--AZ_R-16744,IMEG,"Mechanical Engineering Intern | Scottsdale, AZ",Summer 2027,False,,Internship,,Design & CAD,"Phoenix, AZ",no-sponsorship,10,,AutoCAD; Excel,2026-09-08T00:00:00Z,date_only,2026-09-14T15:11:13Z,https://wd1.myworkdaysite.com/recruiting/imeg/Imeg_Careers/job/Phoenix-AZ/Mechanical-Engineering-Intern---Scottsdale--AZ_R-16744
workday:marvell:/job/Santa-Clara-CA/Process-Engineer-Intern--MS---Summer-2027_2603856-1,Marvell,"Process Engineer Intern, MS - Summer 2027",Summer 2027,False,,Internship,,Manufacturing & Process,"Santa Clara, CA",unknown,,,Python; Excel; Casting,2026-09-08T00:00:00Z,date_only,2026-09-14T15:11:13Z,https://marvell.wd1.myworkdayjobs.com/MarvellCareers/job/Santa-Clara-CA/Process-Engineer-Intern--MS---Summer-2027_2603856-1
workday:meijer:/job/Grand-Rapids-MI/Labor-Industrial-Engineering-Intern--Summer-2027_R000698645,Meijer,Labor Industrial Engineering Intern- Summer 2027,Summer 2027,False,,Internship,,Manufacturing & Process,"Grand Rapids, MI",unknown,,,Excel,2026-09-08T00:00:00Z,date_only,2026-09-14T15:11:13Z,https://meijer.wd5.myworkdayjobs.com/Meijer/job/Grand-Rapids-MI/Labor-Industrial-Engineering-Intern--Summer-2027_R000698645
workday:meijer:/job/Grand-Rapids-MI/Supply-Chain-Manufacturing-Intern---Summer-2027_R000699607,Meijer,Supply Chain Manufacturing Intern - Summer 2027,Summer 2027,False,,Internship,,Manufacturing & Process,"Grand Rapids, MI",unknown,,,Excel,2026-09-08T00:00:00Z,date_only,2026-09-14T15:11:13Z,https://meijer.wd5.myworkdayjobs.com/Meijer/job/Grand-Rapids-MI/Supply-Chain-Manufacturing-Intern---Summer-2027_R000699607
workday:momentive:/job/US-WV-Friendly/Summer-2027-P2-Production-Engineer-Intern_R9800,Momentive,Summer 2027 P2-Production Engineer Intern,Summer 2027,False,,Internship,,Manufacturing & Process,US WV Friendly,unknown,44,,Excel; Six Sigma; Lean,2026-09-08T00:00:00Z,date_only,2026-09-14T15:11:13Z,https://momentive.wd1.myworkdayjobs.com/MC/job/US-WV-Friendly/Summer-2027-P2-Production-Engineer-Intern_R9800
workday:sensata:/job/Dynapower-South-Burlington-VT/Mechanical-Engineer-Intern--Dynapower----Summer-2027_IRC98334,Sensata,Mechanical Engineer Intern (Dynapower) - Summer 2027,Summer 2027,False,,Internship,,Design & CAD,"Dynapower South Burlington, VT",unknown,,,,2026-09-08T00:00:00Z,date_only,2026-09-14T15:11:13Z,https://sensata.wd1.myworkdayjobs.com/Sensata-Careers/job/Dynapower-South-Burlington-VT/Mechanical-Engineer-Intern--Dynapower----Summer-2027_IRC98334
workday:stryker:/job/Columbia-City-Indiana/Summer-2027-Internship-R-D-engineer---Columbia-City--IN_R572950,Stryker,"Summer 2027 Internship R&D engineer - Columbia City, IN",Summer 2027,False,,Internship,,General Engineering,"Columbia City, Indiana",unknown,104,,FEA; Excel,2026-09-08T00:00:00Z,date_only,2026-09-14T15:11:13Z,https://stryker.wd1.myworkdayjobs.com/StrykerCareers/job/Columbia-City-Indiana/Summer-2027-Internship-R-D-engineer---Columbia-City--IN_R572950
workday:stryker:/job/Redmond-Washington/Post-Market-Quality-Engineering-Intern_R572871,Stryker,Post Market Quality Engineering Intern,Not stated,True,,Internship,,Test & Quality,"Redmond, Washington",unknown,104,,Excel,2026-09-08T00:00:00Z,date_only,2026-09-14T15:11:13Z,https://stryker.wd1.myworkdayjobs.com/StrykerCareers/job/Redmond-Washington/Post-Market-Quality-Engineering-Intern_R572871
workday:swbc:/job/San-Antonio-TX/Quality-Engineering-Intern_R0015483-2,SWBC,Quality Engineering Intern,Not stated,True,,Internship,,Test & Quality,"San Antonio, TX",unknown,,,,2026-09-08T00:00:00Z,date_only,2026-09-14T15:11:13Z,https://swbc.wd1.myworkdayjobs.com/swbccareers/job/San-Antonio-TX/Quality-Engineering-Intern_R0015483-2
workday:trumpf:/job/Chicago-IL/Smart-Factory-Robotics---Operations-Intern_R00042570,TRUMPF,Smart Factory Robotics & Operations Intern,Not stated,True,,Internship,,Robotics & Controls,"Chicago, IL",unknown,4,,,2026-09-08T00:00:00Z,date_only,2026-09-14T15:11:13Z,https://trumpf.wd3.myworkdayjobs.com/TRUMPF_Students/job/Chicago-IL/Smart-Factory-Robotics---Operations-Intern_R00042570
workday:wattswater:/job/Blauvelt-NY/Production-Engineer-Intern--Summer-2027_10017356,Watts Water,"Production Engineer Intern, Summer 2027",Summer 2027,False,,Internship,,Manufacturing & Process,"Blauvelt, NY",unknown,,,Excel,2026-09-08T00:00:00Z,date_only,2026-09-14T15:11:13Z,https://wattswater.wd5.myworkdayjobs.com/Intern-External/job/Blauvelt-NY/Production-Engineer-Intern--Summer-2027_10017356
smartrecruiters:Solidigm:744000147954459,Solidigm,Memory Core Design Engineering Intern,Not stated,True,,Internship,,Design & CAD,"Rancho Cordova, CA, United States",unknown,60,,,2026-09-07T14:15:52.301Z,exact,2026-09-14T15:11:13Z,https://jobs.smartrecruiters.com/Solidigm/744000147954459
workday:allegion:/job/Indianapolis-IN---Tobey-Dr/Summer-Intern---Robotics-Technician_JR37367-1,Allegion,Summer Intern - Robotics Technician,Summer 2027,False,,Internship,,Robotics & Controls,"Indianapolis, IN - Tobey Dr",unknown,,,PLC; SPC,2026-09-07T00:00:00Z,date_only,2026-09-14T15:11:13Z,https://allegion.wd5.myworkdayjobs.com/careers/job/Indianapolis-IN---Tobey-Dr/Summer-Intern---Robotics-Technician_JR37367-1
workday:amat:/job/AustinTX/XMLNAME-2027-Manufacturing-Engineer-Summer-Internship--Bachelors-Austin--TX-_R2626242,Applied Materials,"2027 Manufacturing Engineer Summer Internship (Bachelors Austin, TX)",Summer 2027,False,,Internship,,Manufacturing & Process,"Austin,TX",unknown,650,,,2026-09-07T00:00:00Z,date_only,2026-09-14T15:49:34Z,https://amat.wd1.myworkdayjobs.com/External/job/AustinTX/XMLNAME-2027-Manufacturing-Engineer-Summer-Internship--Bachelors-Austin--TX-_R2626242
workday:xcelenergy:/job/Amarillo-TX-79101/Transmission-Line-Engineering-Intern---TX_JR115637-1,Xcel Energy,Transmission Line Engineering Intern - TX,Summer 2027,False,,Internship,,Automotive & Mobility,"Amarillo, TX, 79101",unknown,,$21.2–$24.6/hr,,2026-09-07T00:00:00Z,date_only,2026-09-14T15:11:13Z,https://xcelenergy.wd1.myworkdayjobs.com/External/job/Amarillo-TX-79101/Transmission-Line-Engineering-Intern---TX_JR115637-1
workday:xcelenergy:/job/Denver-CO-80205/Transmission-Engineering-Services-Intern--CO_JR115576-1,Xcel Energy,Transmission Engineering Services Intern- CO,Summer 2027,False,,Internship,,Automotive & Mobility,"Denver, CO, 80205",unknown,,$21.2–$23.1/hr,Excel,2026-09-07T00:00:00Z,date_only,2026-09-14T15:11:13Z,https://xcelenergy.wd1.myworkdayjobs.com/External/job/Denver-CO-80205/Transmission-Engineering-Services-Intern--CO_JR115576-1
workday:xcelenergy:/job/Denver-CO-80205/Transmission-Planning-Intern--CO_JR115733-2,Xcel Energy,Transmission Planning Intern- CO,Summer 2027,False,,Internship,,Automotive & Mobility,"Denver, CO, 80205",unknown,,$21.2–$30.5/hr,MATLAB; Python; Design of Experiments,2026-09-07T00:00:00Z,date_only,2026-09-14T15:11:13Z,https://xcelenergy.wd1.myworkdayjobs.com/External/job/Denver-CO-80205/Transmission-Planning-Intern--CO_JR115733-2
workday:xcelenergy:/job/Henderson-CO-80640/Power-Generation-Analytics-Intern--CO_JR115734-2,Xcel Energy,Power Generation Analytics Intern- CO,Summer 2027,False,,Internship,,Energy & Power,"Henderson, CO, 80640",unknown,,$21.2–$23.1/hr,,2026-09-07T00:00:00Z,date_only,2026-09-14T15:11:13Z,https://xcelenergy.wd1.myworkdayjobs.com/External/job/Henderson-CO-80640/Power-Generation-Analytics-Intern--CO_JR115734-2
workday:xcelenergy:/job/Minneapolis-MN-55401/Transmission-Line-Engineering-Intern-MN_JR115618,Xcel Energy,Transmission Line Engineering Intern MN,Summer 2027,False,,Internship,,Automotive & Mobility,"Minneapolis, MN, 55401",unknown,,$23.1–$24.6/hr,,2026-09-07T00:00:00Z,date_only,2026-09-14T15:11:13Z,https://xcelenergy.wd1.myworkdayjobs.com/External/job/Minneapolis-MN-55401/Transmission-Line-Engineering-Intern-MN_JR115618
workday:xcelenergy:/job/Minneapolis-MN-55401/Transmission-System-Protection-Engineering-Intern-MN_JR115611-2,Xcel Energy,Transmission System Protection Engineering Intern MN,Summer 2027,False,,Internship,,Automotive & Mobility,"Minneapolis, MN, 55401",unknown,,$21.2–$24.6/hr,,2026-09-07T00:00:00Z,date_only,2026-09-14T15:11:13Z,https://xcelenergy.wd1.myworkdayjobs.com/External/job/Minneapolis-MN-55401/Transmission-System-Protection-Engineering-Intern-MN_JR115611-2
workday:xcelenergy:/job/Welch-MN-55089/Prairie-Island-Nuclear-Engineering-Intern---MN_JR116036-1,Xcel Energy,Prairie Island Nuclear Engineering Intern - MN,Summer 2027,False,,Internship,,Energy & Power,"Welch, MN, 55089",unknown,,$21.2–$24.6/hr,,2026-09-07T00:00:00Z,date_only,2026-09-14T15:11:13Z,https://xcelenergy.wd1.myworkdayjobs.com/External/job/Welch-MN-55089/Prairie-Island-Nuclear-Engineering-Intern---MN_JR116036-1
greenhouse:harbingermotors:5231838007,Harbinger Motors,"Intern, Powertrain Manufacturing",Not stated,True,,Internship,,Automotive & Mobility,"Garden Grove, CA",unknown,,,SolidWorks; AutoCAD; Excel; Lean,2026-09-05T22:47:24-04:00,exact,2026-09-14T15:11:13Z,https://job-boards.greenhouse.io/harbingermotors/jobs/5231838007
ashby:skydio:3eb06d6e-b6f0-4814-a80a-f1c43075873b,Skydio,Flight Test Intern - Summer 2027,Summer 2027,False,,Internship,,Aerospace & Defense,"San Mateo, California, United States",unknown,26,$41/hr,,2026-09-04T19:01:54.953+00:00,exact,2026-09-14T15:11:13Z,https://jobs.ashbyhq.com/skydio/3eb06d6e-b6f0-4814-a80a-f1c43075873b
ashby:skydio:e541e878-567c-4c03-add8-baf19c63418f,Skydio,Product Design Engineer Intern - Summer 2027,Summer 2027,False,,Internship,,Design & CAD,"San Mateo, California, United States",unknown,26,$41/hr,CATIA; CNC; Machining; Injection Molding; Sheet Metal; Casting; Composites; DFM,2026-09-04T18:58:21.127+00:00,exact,2026-09-14T15:11:13Z,https://jobs.ashbyhq.com/skydio/e541e878-567c-4c03-add8-baf19c63418f
greenhouse:genscript:5231601007,GenScript,mRNA Manufacturing Intern (Full Time),Not stated,True,,Internship,,Manufacturing & Process,"Redmond, Washington, United States",unknown,,$22–$24/hr,,2026-09-04T16:51:04-04:00,exact,2026-09-14T15:11:13Z,https://job-boards.greenhouse.io/genscript/jobs/5231601007
oracle:emit.fa.ca3.oraclecloud.com:94617,WSP,Mechanical Engineering Intern - Summer 2027,Summer 2027,False,,Internship,,Design & CAD,"Milwaukee, WI, United States",unknown,,,AutoCAD; Revit,2026-09-04,date_only,2026-09-14T15:11:13Z,https://emit.fa.ca3.oraclecloud.com/hcmUI/CandidateExperience/en/sites/CX_2001/job/94617
smartrecruiters:AECOM2:744000147531571,AECOM,Structural Engineering Intern - Bridge & Transportation Structures,Not stated,True,,Internship,,Structures & Materials,"Mechanicsburg, PA, United States (Hybrid)",citizens-only,,,AutoCAD,2026-09-04T14:32:11.870Z,exact,2026-09-14T15:11:13Z,https://jobs.smartrecruiters.com/AECOM2/744000147531571
smartrecruiters:AECOM2:744000147581370,AECOM,Structural Engineering Intern - Hiring Event with AECOM - Philadelphia,Not stated,True,,Internship,,Structures & Materials,"Philadelphia, PA, United States (Hybrid)",citizens-only,,,AutoCAD,2026-09-04T18:19:48.594Z,exact,2026-09-14T15:11:13Z,https://jobs.smartrecruiters.com/AECOM2/744000147581370
smartrecruiters:Loram1:3743990015079155,Loram,Mechanical Engineering Intern,Not stated,True,,Internship,,Design & CAD,"Hamel, MN, United States",unknown,,,AutoCAD,2026-09-04T15:34:38.431Z,exact,2026-09-14T15:11:13Z,https://jobs.smartrecruiters.com/Loram1/3743990015079155
smartrecruiters:Loram1:3743990015081125,Loram,Quality Engineer Intern,Not stated,True,,Internship,,Test & Quality,"Hamel, MN, United States",unknown,,,Excel; Six Sigma; Lean,2026-09-04T16:31:04.681Z,exact,2026-09-14T15:11:13Z,https://jobs.smartrecruiters.com/Loram1/3743990015081125
workday:allegion:/job/Indianapolis-IN---Tobey-Dr/Summer-Intern---Manufacturing-Engineering_JR37477-1,Allegion,Summer Intern - Manufacturing Engineering,Not stated,True,,Internship,,Manufacturing & Process,"Indianapolis, IN - Tobey Dr",unknown,,,Creo; Excel; PLC; SPC,2026-09-04T00:00:00Z,date_only,2026-09-14T15:11:13Z,https://allegion.wd5.myworkdayjobs.com/careers/job/Indianapolis-IN---Tobey-Dr/Summer-Intern---Manufacturing-Engineering_JR37477-1
workday:amat:/job/AustinTX/Summer-2027-Mechanical-Engineer-Intern--Bachelor-s--Austin--TX-_R2628093,Applied Materials,"Summer 2027 Mechanical Engineer Intern- Bachelor's (Austin, TX)",Summer 2027,False,,Internship,,Design & CAD,"Austin,TX",unknown,650,,GD&T; Python; DFM; Teamcenter; PLM/PDM,2026-09-04T00:00:00Z,date_only,2026-09-14T15:49:34Z,https://amat.wd1.myworkdayjobs.com/External/job/AustinTX/Summer-2027-Mechanical-Engineer-Intern--Bachelor-s--Austin--TX-_R2628093
workday:amat:/job/Santa-ClaraCA/Summer-2027-Industrial-Engineering-Intern--Bachelor-s--Santa-Clara--CA-_R2626710,Applied Materials,"Summer 2027 Industrial Engineering Intern- Bachelor's (Santa Clara, CA)",Summer 2027,False,,Internship,,Manufacturing & Process,"Santa Clara,CA",unknown,650,,Python; Excel,2026-09-04T00:00:00Z,date_only,2026-09-14T15:49:34Z,https://amat.wd1.myworkdayjobs.com/External/job/Santa-ClaraCA/Summer-2027-Industrial-Engineering-Intern--Bachelor-s--Santa-Clara--CA-_R2626710
workday:axcelis:/job/Beverly-MA/Manufacturing-Engineer-Co-op-Production-Support_12001,"Axcelis Technologies, Inc.",Manufacturing Engineer Co-op Production Support,Not stated,True,,Co-op,,Manufacturing & Process,"Beverly, MA",unknown,11,,SolidWorks; Creo; AutoCAD; Hydraulics; Six Sigma; Lean,2026-09-04T00:00:00Z,date_only,2026-09-15T07:38:52Z,https://axcelis.wd1.myworkdayjobs.com/axcelis/job/Beverly-MA/Manufacturing-Engineer-Co-op-Production-Support_12001
workday:axcelis:/job/Beverly-MA/Manufacturing-Engineer-Co-op-Production-Support_12008,"Axcelis Technologies, Inc.",Manufacturing Engineer Co-op Production Support,Not stated,True,,Co-op,,Manufacturing & Process,"Beverly, MA",unknown,11,,SolidWorks; Creo; AutoCAD; Hydraulics; Six Sigma; Lean,2026-09-04T00:00:00Z,date_only,2026-09-15T07:38:52Z,https://axcelis.wd1.myworkdayjobs.com/axcelis/job/Beverly-MA/Manufacturing-Engineer-Co-op-Production-Support_12008
workday:axcelis:/job/Beverly-MA/Manufacturing-Test-Development-Co-op_12009,"Axcelis Technologies, Inc.",Manufacturing Test Development Co-op,Not stated,True,,Co-op,,Manufacturing & Process,"Beverly, MA",unknown,11,,SolidWorks; Creo; AutoCAD; Additive Manufacturing,2026-09-04T00:00:00Z,date_only,2026-09-15T07:38:52Z,https://axcelis.wd1.myworkdayjobs.com/axcelis/job/Beverly-MA/Manufacturing-Test-Development-Co-op_12009
workday:axcelis:/job/Beverly-MA/Manufacturing-Test-Development-Engineer-Co-op_12010,"Axcelis Technologies, Inc.",Manufacturing Test Development Engineer Co-op,Not stated,True,,Co-op,,Manufacturing & Process,"Beverly, MA",unknown,11,,SolidWorks; Creo; AutoCAD; Additive Manufacturing,2026-09-04T00:00:00Z,date_only,2026-09-15T07:38:52Z,https://axcelis.wd1.myworkdayjobs.com/axcelis/job/Beverly-MA/Manufacturing-Test-Development-Engineer-Co-op_12010
workday:barr:/job/Ann-Arbor-MI/Internship---Structural-Engineer--Hybrid-_R-102315,Barr,Internship – Structural Engineer (Hybrid),Summer 2027,False,,Internship,,Structures & Materials,"Ann Arbor, MI",no-sponsorship,,,,2026-09-04T00:00:00Z,date_only,2026-09-18T22:36:33Z,https://barr.wd1.myworkdayjobs.com/barrcareers/job/Ann-Arbor-MI/Internship---Structural-Engineer--Hybrid-_R-102315
workday:barr:/job/Hibbing-MN/Internship---Structural-Engineer--Hybrid-_R-102316,Barr,Internship – Structural Engineer (Hybrid),Summer 2027,False,,Internship,,Structures & Materials,"Hibbing, MN",no-sponsorship,,,,2026-09-04T00:00:00Z,date_only,2026-09-18T22:36:33Z,https://barr.wd1.myworkdayjobs.com/barrcareers/job/Hibbing-MN/Internship---Structural-Engineer--Hybrid-_R-102316
workday:barr:/job/Minneapolis-MN/Internship---Mechanical-Engineer--Hybrid-_R-102306,Barr,Internship – Mechanical Engineer (Hybrid),Summer 2027,False,,Internship,,Design & CAD,"Minneapolis, MN",no-sponsorship,,,SolidWorks; AutoCAD; Excel,2026-09-04T00:00:00Z,date_only,2026-09-18T22:36:33Z,https://barr.wd1.myworkdayjobs.com/barrcareers/job/Minneapolis-MN/Internship---Mechanical-Engineer--Hybrid-_R-102306
workday:barr:/job/Minneapolis-MN/Internship---Structural-Engineer--Hybrid-_R-102314,Barr,Internship – Structural Engineer (Hybrid),Summer 2027,False,,Internship,,Structures & Materials,"Minneapolis, MN",no-sponsorship,,,,2026-09-04T00:00:00Z,date_only,2026-09-18T22:36:33Z,https://barr.wd1.myworkdayjobs.com/barrcareers/job/Minneapolis-MN/Internship---Structural-Engineer--Hybrid-_R-102314
workday:canadiansolar:/job/Mesquite-TX/Raw-Material-Test-Engineer--INTERN-_10001423,Canadian Solar,Raw Material Test Engineer (INTERN),Not stated,True,,Internship,,Test & Quality,"Mesquite, TX",unknown,,,MATLAB; Python; Design of Experiments,2026-09-04T00:00:00Z,date_only,2026-09-14T15:11:13Z,https://canadiansolar.wd5.myworkdayjobs.com/CanadianSolar/job/Mesquite-TX/Raw-Material-Test-Engineer--INTERN-_10001423
workday:elanco:/job/Fort-Dodge-IA/Manufacturing-Scientist-Quality-Control-Chemist-Intern---Fort-Dodge--Iowa--Summer-2027-_R0027070,Elanco,"Manufacturing Scientist/Quality Control Chemist Intern – Fort Dodge, Iowa (Summer 2027)",Summer 2027,False,,Internship,,Manufacturing & Process,"Fort Dodge, IA",unknown,,$20–$40/hr,,2026-09-04T00:00:00Z,date_only,2026-09-14T15:11:13Z,https://elanco.wd5.myworkdayjobs.com/External_Career/job/Fort-Dodge-IA/Manufacturing-Scientist-Quality-Control-Chemist-Intern---Fort-Dodge--Iowa--Summer-2027-_R0027070
workday:elanco:/job/Fort-Dodge-IA/Manufacturing-Scientist-Technical-Services-Intern---Fort-Dodge--Iowa--Summer-2027-_R0027069-1,Elanco,"Manufacturing Scientist/Technical Services Intern – Fort Dodge, Iowa (Summer 2027)",Summer 2027,False,,Internship,,Manufacturing & Process,"Fort Dodge, IA",unknown,,$20–$40/hr,,2026-09-04T00:00:00Z,date_only,2026-09-14T15:11:13Z,https://elanco.wd5.myworkdayjobs.com/External_Career/job/Fort-Dodge-IA/Manufacturing-Scientist-Technical-Services-Intern---Fort-Dodge--Iowa--Summer-2027-_R0027069-1
workday:greenheckgroup:/job/Schofield-WI/Manufacturing-Operations-Co-op--WI-_JR104525,Greenheck Group,Manufacturing Operations Co-op (WI),Not stated,True,,Co-op,,Manufacturing & Process,"Schofield, WI",unknown,,$20/hr,Excel; Lean,2026-09-04T00:00:00Z,date_only,2026-09-14T15:11:13Z,https://greenheckgroup.wd5.myworkdayjobs.com/external/job/Schofield-WI/Manufacturing-Operations-Co-op--WI-_JR104525
workday:hntb:/job/Bellevue-WA-Seattle/Intern-Electrical-and-Mechanical-Fire-Protection-Engineering--Summer-2027-_R-31482-1,HNTB,Intern Electrical and Mechanical/Fire Protection Engineering (Summer 2027),Summer 2027,False,,Internship,,Design & CAD,"Bellevue, WA (Seattle)",no-sponsorship,30,,AutoCAD; Revit,2026-09-04T00:00:00Z,date_only,2026-09-14T15:11:13Z,https://hntb.wd5.myworkdayjobs.com/hntb_careers/job/Bellevue-WA-Seattle/Intern-Electrical-and-Mechanical-Fire-Protection-Engineering--Summer-2027-_R-31482-1
workday:hpe:/job/Spring-Texas-United-States-of-America/Mechanical-Engineer-Intern_1213393,Hewlett Packard Enterprise,Mechanical Engineer Intern,Not stated,True,,Internship,,Design & CAD,"Spring, Texas, United States of America",unknown,499,,CFD; Excel; Sheet Metal,2026-09-04T00:00:00Z,date_only,2026-09-14T15:11:13Z,https://hpe.wd5.myworkdayjobs.com/Jobsathpe/job/Spring-Texas-United-States-of-America/Mechanical-Engineer-Intern_1213393
workday:poet:/job/Sioux-Falls-SD/CAD-Drafter-Intern_R101704-1,POET,CAD Drafter Intern,Not stated,True,,Internship,,Design & CAD,"Sioux Falls, SD",unknown,,,AutoCAD,2026-09-04T00:00:00Z,date_only,2026-09-14T15:11:13Z,https://poet.wd1.myworkdayjobs.com/POET/job/Sioux-Falls-SD/CAD-Drafter-Intern_R101704-1
workday:saabusa:/job/West-Lafayette-IN/Manufacturing-Engineer--Summer-Intern-2027-_R-03234,Saab,Manufacturing Engineer (Summer Intern 2027),Summer 2027,False,,Internship,,Manufacturing & Process,"West Lafayette, IN",citizens-only,,$21–$24/hr,,2026-09-04T00:00:00Z,date_only,2026-09-14T15:11:13Z,https://saabusa.wd1.myworkdayjobs.com/saab_careers/job/West-Lafayette-IN/Manufacturing-Engineer--Summer-Intern-2027-_R-03234
workday:saabusa:/job/West-Lafayette-IN/Mechanical-Engineer--Summer-Intern-2027-_R-03223,Saab,Mechanical Engineer (Summer Intern 2027),Summer 2027,False,,Internship,,Design & CAD,"West Lafayette, IN",citizens-only,,$21–$24/hr,,2026-09-04T00:00:00Z,date_only,2026-09-14T15:11:13Z,https://saabusa.wd1.myworkdayjobs.com/saab_careers/job/West-Lafayette-IN/Mechanical-Engineer--Summer-Intern-2027-_R-03223
workday:saabusa:/job/West-Lafayette-IN/Quality-Engineer--Summer-2027-Intern_R-03212,Saab,"Quality Engineer, Summer 2027 Intern",Summer 2027,False,,Internship,,Test & Quality,"West Lafayette, IN",citizens-only,,$21–$24/hr,,2026-09-04T00:00:00Z,date_only,2026-09-14T15:11:13Z,https://saabusa.wd1.myworkdayjobs.com/saab_careers/job/West-Lafayette-IN/Quality-Engineer--Summer-2027-Intern_R-03212
oracle:emit.fa.ca3.oraclecloud.com:94400,WSP,Mechanical Engineering (Transmission) Intern - Summer 2027,Summer 2027,False,,Internship,,Automotive & Mobility,"Portland, OR, United States",unknown,,,,2026-09-03,date_only,2026-09-14T15:11:13Z,https://emit.fa.ca3.oraclecloud.com/hcmUI/CandidateExperience/en/sites/CX_2001/job/94400
oracle:emit.fa.ca3.oraclecloud.com:94533,WSP,Civil/Structural Engineering (Transmission Lines) Intern - Summer 2027,Summer 2027,False,,Internship,,Automotive & Mobility,"Ann Arbor, MI, United States",unknown,,,,2026-09-03,date_only,2026-09-14T15:11:13Z,https://emit.fa.ca3.oraclecloud.com/hcmUI/CandidateExperience/en/sites/CX_2001/job/94533
oracle:emit.fa.ca3.oraclecloud.com:94540,WSP,Civil/Structural Engineering (Overhead Transmission Lines) Intern - Summer 2027,Summer 2027,False,,Internship,,Automotive & Mobility,"Houston, TX, United States; Austin, TX, United States",unknown,,,,2026-09-03,date_only,2026-09-14T15:11:13Z,https://emit.fa.ca3.oraclecloud.com/hcmUI/CandidateExperience/en/sites/CX_2001/job/94540
oracle:emit.fa.ca3.oraclecloud.com:94545,WSP,Mechanical Engineering (Transmission) Intern - Summer 2027,Summer 2027,False,,Internship,,Automotive & Mobility,"Tulsa, OK, United States",unknown,,,,2026-09-03,date_only,2026-09-14T15:11:13Z,https://emit.fa.ca3.oraclecloud.com/hcmUI/CandidateExperience/en/sites/CX_2001/job/94545
oracle:emit.fa.ca3.oraclecloud.com:94615,WSP,CFD Analyst Intern - Summer 2027,Summer 2027,False,,Internship,,Thermal & Fluids,"New York, NY, United States; Milwaukee, WI, United States",unknown,,,CFD; AutoCAD; Revit,2026-09-03,date_only,2026-09-14T15:11:13Z,https://emit.fa.ca3.oraclecloud.com/hcmUI/CandidateExperience/en/sites/CX_2001/job/94615
smartrecruiters:AECOM2:744000147333760,AECOM,Mechanical Engineering Intern,Summer 2027,False,,Internship,,Design & CAD,"Arlington, VA, United States (Hybrid)",unknown,,,AutoCAD; Revit,2026-09-03T18:41:49.244Z,exact,2026-09-14T15:11:13Z,https://jobs.smartrecruiters.com/AECOM2/744000147333760
smartrecruiters:AECOM2:744000147334384,AECOM,Structural Engineer Intern,Not stated,True,,Internship,,Structures & Materials,"Arlington, VA, United States (Hybrid)",citizens-only,,,AutoCAD; Revit,2026-09-03T18:43:48.021Z,exact,2026-09-14T15:11:13Z,https://jobs.smartrecruiters.com/AECOM2/744000147334384
workday:brunswick:/job/Lowell-MI/Mechanical-Engineer-Co-op-Intern_JR-051322,Brunswick,Mechanical Engineer Co-op/Intern,Summer 2027,False,,Internship / Co-op,,Design & CAD,"Lowell, MI",no-sponsorship,54,$18–$27/hr,Excel,2026-09-03T00:00:00Z,date_only,2026-09-16T04:05:56Z,https://brunswick.wd1.myworkdayjobs.com/search/job/Lowell-MI/Mechanical-Engineer-Co-op-Intern_JR-051322
workday:disney:/job/Lake-Buena-Vista-FL-USA/Walt-Disney-World-Industrial-Engineering-Intern--Summer-2027_10159988,The Walt Disney Company,"Walt Disney World Alumni Industrial Engineering Intern, Summer/Fall 2027",Summer 2027,False,,Internship,,Manufacturing & Process,"Lake Buena Vista, FL, USA",unknown,,$32/hr,,2026-09-03T00:00:00Z,date_only,2026-09-14T15:11:13Z,https://disney.wd5.myworkdayjobs.com/disneycareerdc/job/Lake-Buena-Vista-FL-USA/Walt-Disney-World-Industrial-Engineering-Intern--Summer-2027_10159988
workday:generalmotors:/job/Kansas-City-Kansas-United-States-of-America/XMLNAME-2027-Summer-Intern---Manufacturing-Tool-and-Die_JR-202619470,General Motors,2027 Summer Intern – Manufacturing Tool and Die,Summer 2027,False,,Internship,,Manufacturing & Process,"Kansas City, Kansas, United States of America",unknown,928,,,2026-09-03T00:00:00Z,date_only,2026-09-14T15:11:13Z,https://generalmotors.wd5.myworkdayjobs.com/Careers_GM/job/Kansas-City-Kansas-United-States-of-America/XMLNAME-2027-Summer-Intern---Manufacturing-Tool-and-Die_JR-202619470
workday:generalmotors:/job/Lake-Orion-Michigan-United-States-of-America/XMLNAME-2027-Summer-Intern---Manufacturing-Weld-Engineer_JR-202619474,General Motors,2027 Summer Intern – Manufacturing Weld Engineer,Summer 2027,False,,Internship,,Manufacturing & Process,"Lake Orion, Michigan, United States of America",unknown,928,,Welding,2026-09-03T00:00:00Z,date_only,2026-09-14T15:11:13Z,https://generalmotors.wd5.myworkdayjobs.com/Careers_GM/job/Lake-Orion-Michigan-United-States-of-America/XMLNAME-2027-Summer-Intern---Manufacturing-Weld-Engineer_JR-202619474
workday:globalfoundries:/job/USA---Vermont---Essex-Junction/Job-Posting-Title-Advanced-Manufacturing-Process-Engineering-Intern--Sophomore--Summer-2027-_JR-2604664,GlobalFoundries,"Advanced Manufacturing Process Engineering Intern, Sophomore (Summer 2027)",Summer 2027,False,,Internship,,Manufacturing & Process,USA - Vermont - Essex Junction,unknown,,$20–$40/hr,SPC; Design of Experiments,2026-09-03T00:00:00Z,date_only,2026-09-14T15:30:29Z,https://globalfoundries.wd1.myworkdayjobs.com/External/job/USA---Vermont---Essex-Junction/Job-Posting-Title-Advanced-Manufacturing-Process-Engineering-Intern--Sophomore--Summer-2027-_JR-2604664
workday:hbfuller:/job/Fridley-Minnesota-USA/Process-Engineering-Intern_R26_0000002099,H.B. Fuller,Process Engineering Intern,Not stated,True,,Internship,,Manufacturing & Process,"Fridley, Minnesota, USA",unknown,,$22–$25/hr,AutoCAD; Excel; Six Sigma; Lean,2026-09-03T00:00:00Z,date_only,2026-09-14T15:11:13Z,https://hbfuller.wd1.myworkdayjobs.com/Careers/job/Fridley-Minnesota-USA/Process-Engineering-Intern_R26_0000002099
workday:hbfuller:/job/Houston-Texas-USA/Process-Engineering-Intern_R26_0000002100,H.B. Fuller,Process Engineering Intern,Not stated,True,,Internship,,Manufacturing & Process,"Houston, Texas, USA",unknown,,$22–$25/hr,Six Sigma; Lean,2026-09-03T00:00:00Z,date_only,2026-09-14T15:11:13Z,https://hbfuller.wd1.myworkdayjobs.com/Careers/job/Houston-Texas-USA/Process-Engineering-Intern_R26_0000002100
workday:imeg:/job/Cleveland-OH/Mechanical-Engineering-Intern---Independence--OH_R-16694,IMEG,"Mechanical Engineering Intern | Independence, OH",Summer 2027,False,,Internship,,Design & CAD,"Cleveland, OH",no-sponsorship,10,$22/hr,AutoCAD; Excel,2026-09-03T00:00:00Z,date_only,2026-09-14T15:11:13Z,https://wd1.myworkdaysite.com/recruiting/imeg/Imeg_Careers/job/Cleveland-OH/Mechanical-Engineering-Intern---Independence--OH_R-16694
workday:motorolasolutions:/job/Elgin-IL/Industrial-Engineer--Continuous-Improvement-Summer-Internship-2027_R68051,Motorola,Industrial Engineer: Continuous Improvement Summer Internship 2027,Summer 2027,False,,Internship,,Manufacturing & Process,"Elgin, IL",unknown,,,Lean,2026-09-03T00:00:00Z,date_only,2026-09-14T15:11:13Z,https://motorolasolutions.wd5.myworkdayjobs.com/Careers/job/Elgin-IL/Industrial-Engineer--Continuous-Improvement-Summer-Internship-2027_R68051
workday:poet:/job/Sioux-Falls-SD/Mechanical-Engineering-Intern---Summer-2027_R101696,POET,Mechanical Engineering Intern - Summer 2027,Summer 2027,False,,Internship,,Design & CAD,"Sioux Falls, SD",unknown,,,,2026-09-03T00:00:00Z,date_only,2026-09-14T15:11:13Z,https://poet.wd1.myworkdayjobs.com/POET/job/Sioux-Falls-SD/Mechanical-Engineering-Intern---Summer-2027_R101696
workday:snc:/job/Dayton-OH/Aerospace-Engineering-Intern--Summer-2027-_R0030727,Sierra Nevada Corporation,Aerospace Engineering Intern (Summer 2027),Summer 2027,False,,Internship,,Aerospace & Defense,"Dayton, OH",citizens-only,,,MATLAB; Excel,2026-09-03T00:00:00Z,date_only,2026-09-14T15:11:13Z,https://snc.wd1.myworkdayjobs.com/snc_external_career_site/job/Dayton-OH/Aerospace-Engineering-Intern--Summer-2027-_R0030727
workday:snc:/job/Dayton-OH/Mechanical-Engineer-Intern--Summer-2027-_R0030744,Sierra Nevada Corporation,Mechanical Engineer Intern (Summer 2027),Summer 2027,False,,Internship,,Design & CAD,"Dayton, OH",citizens-only,,,MATLAB; Excel,2026-09-03T00:00:00Z,date_only,2026-09-14T15:11:13Z,https://snc.wd1.myworkdayjobs.com/snc_external_career_site/job/Dayton-OH/Mechanical-Engineer-Intern--Summer-2027-_R0030744
workday:snc:/job/Dayton-OH/Test-Engineering-Intern--Summer-2027-_R0030766,Sierra Nevada Corporation,Test Engineering Intern (Summer 2027),Summer 2027,False,,Internship,,Test & Quality,"Dayton, OH",citizens-only,,,MATLAB; Excel,2026-09-03T00:00:00Z,date_only,2026-09-14T15:11:13Z,https://snc.wd1.myworkdayjobs.com/snc_external_career_site/job/Dayton-OH/Test-Engineering-Intern--Summer-2027-_R0030766
workday:snc:/job/Hagerstown-MD/Aerospace-Engineering-Intern--Summer-2027-_R0030737,Sierra Nevada Corporation,Aerospace Engineering Intern (Summer 2027),Summer 2027,False,,Internship,,Aerospace & Defense,"Hagerstown, MD",citizens-only,,,MATLAB; Excel,2026-09-03T00:00:00Z,date_only,2026-09-14T15:11:13Z,https://snc.wd1.myworkdayjobs.com/snc_external_career_site/job/Hagerstown-MD/Aerospace-Engineering-Intern--Summer-2027-_R0030737
workday:snc:/job/Hagerstown-MD/Manufacturing-Engineering-Intern--Summer-2027-_R0030784,Sierra Nevada Corporation,Manufacturing Engineering Intern (Summer 2027),Summer 2027,False,,Internship,,Manufacturing & Process,"Hagerstown, MD",citizens-only,,,MATLAB; Excel,2026-09-03T00:00:00Z,date_only,2026-09-14T15:11:13Z,https://snc.wd1.myworkdayjobs.com/snc_external_career_site/job/Hagerstown-MD/Manufacturing-Engineering-Intern--Summer-2027-_R0030784
workday:snc:/job/Hagerstown-MD/Mechanical-Engineering-Intern--Summer-2027-_R0030748,Sierra Nevada Corporation,Mechanical Engineering Intern (Summer 2027),Summer 2027,False,,Internship,,Design & CAD,"Hagerstown, MD",citizens-only,,,MATLAB; Excel,2026-09-03T00:00:00Z,date_only,2026-09-14T15:11:13Z,https://snc.wd1.myworkdayjobs.com/snc_external_career_site/job/Hagerstown-MD/Mechanical-Engineering-Intern--Summer-2027-_R0030748
workday:snc:/job/Hagerstown-MD/Quality-Engineering-Intern--Summer-2027-_R0030785,Sierra Nevada Corporation,Quality Engineering Intern (Summer 2027),Summer 2027,False,,Internship,,Test & Quality,"Hagerstown, MD",citizens-only,,,MATLAB; Excel,2026-09-03T00:00:00Z,date_only,2026-09-14T15:11:13Z,https://snc.wd1.myworkdayjobs.com/snc_external_career_site/job/Hagerstown-MD/Quality-Engineering-Intern--Summer-2027-_R0030785
workday:snc:/job/Hagerstown-MD/Test-Engineering-Intern--Summer-2027-_R0030772,Sierra Nevada Corporation,Test Engineering Intern (Summer 2027),Summer 2027,False,,Internship,,Test & Quality,"Hagerstown, MD",citizens-only,,,MATLAB; Excel,2026-09-03T00:00:00Z,date_only,2026-09-14T15:11:13Z,https://snc.wd1.myworkdayjobs.com/snc_external_career_site/job/Hagerstown-MD/Test-Engineering-Intern--Summer-2027-_R0030772
workday:snc:/job/Lone-Tree-CO/Aerospace-Engineering-Intern--Summer-2027-_R0030735,Sierra Nevada Corporation,Aerospace Engineering Intern (Summer 2027),Summer 2027,False,,Internship,,Aerospace & Defense,"Lone Tree, CO",citizens-only,,,MATLAB; Excel,2026-09-03T00:00:00Z,date_only,2026-09-14T15:11:13Z,https://snc.wd1.myworkdayjobs.com/snc_external_career_site/job/Lone-Tree-CO/Aerospace-Engineering-Intern--Summer-2027-_R0030735
workday:snc:/job/Lone-Tree-CO/Mechanical-Engineering-Intern--Summer-2027-_R0030745,Sierra Nevada Corporation,Mechanical Engineering Intern (Summer 2027),Summer 2027,False,,Internship,,Design & CAD,"Lone Tree, CO",citizens-only,,,MATLAB; Excel,2026-09-03T00:00:00Z,date_only,2026-09-14T15:11:13Z,https://snc.wd1.myworkdayjobs.com/snc_external_career_site/job/Lone-Tree-CO/Mechanical-Engineering-Intern--Summer-2027-_R0030745
workday:snc:/job/Lone-Tree-CO/Test-Engineering-Intern--Summer-2027-_R0030771,Sierra Nevada Corporation,Test Engineering Intern (Summer 2027),Summer 2027,False,,Internship,,Test & Quality,"Lone Tree, CO",citizens-only,,,MATLAB; Excel,2026-09-03T00:00:00Z,date_only,2026-09-14T15:11:13Z,https://snc.wd1.myworkdayjobs.com/snc_external_career_site/job/Lone-Tree-CO/Test-Engineering-Intern--Summer-2027-_R0030771
workday:snc:/job/Plano-TX/Aerospace-Engineering-Intern--Summer-2027-Intern-_R0030736,Sierra Nevada Corporation,Aerospace Engineering Intern (Summer 2027 Intern),Summer 2027,False,,Internship,,Aerospace & Defense,"Plano, TX",citizens-only,,,MATLAB; Excel,2026-09-03T00:00:00Z,date_only,2026-09-14T15:11:13Z,https://snc.wd1.myworkdayjobs.com/snc_external_career_site/job/Plano-TX/Aerospace-Engineering-Intern--Summer-2027-Intern-_R0030736
workday:snc:/job/Plano-TX/Mechanical-Engineering-Intern--Summer-2027-_R0030746-1,Sierra Nevada Corporation,Mechanical Engineering Intern (Summer 2027),Summer 2027,False,,Internship,,Design & CAD,"Plano, TX",citizens-only,,,MATLAB; Excel,2026-09-03T00:00:00Z,date_only,2026-09-14T15:11:13Z,https://snc.wd1.myworkdayjobs.com/snc_external_career_site/job/Plano-TX/Mechanical-Engineering-Intern--Summer-2027-_R0030746-1
workday:stryker:/job/Arlington-Tennessee/Quality-Engineering-Intern--Microbiology--or-Sterility-Assurance--Intern_R572936,Stryker,"Quality Engineering Intern, Microbiology (or Sterility Assurance) Intern",Not stated,True,,Internship,,Test & Quality,"Arlington, Tennessee",unknown,104,,LabVIEW; Excel,2026-09-03T00:00:00Z,date_only,2026-09-14T15:11:13Z,https://stryker.wd1.myworkdayjobs.com/StrykerCareers/job/Arlington-Tennessee/Quality-Engineering-Intern--Microbiology--or-Sterility-Assurance--Intern_R572936
workday:stryker:/job/Arlington-Tennessee/Quality-Engineering-Intern--Microbiology--or-Sterility-Assurance--Intern_R572937,Stryker,"Quality Engineering Intern, Microbiology (or Sterility Assurance) Intern",Not stated,True,,Internship,,Test & Quality,"Arlington, Tennessee",unknown,104,,LabVIEW; Excel,2026-09-03T00:00:00Z,date_only,2026-09-14T15:11:13Z,https://stryker.wd1.myworkdayjobs.com/StrykerCareers/job/Arlington-Tennessee/Quality-Engineering-Intern--Microbiology--or-Sterility-Assurance--Intern_R572937
workday:stryker:/job/Massachusetts-Virtual-Address/Mechanical-Engineering-Intern_R572943-1,Stryker,Mechanical Engineering Intern,Not stated,True,,Internship,,Design & CAD,"Massachusetts, Virtual Address",unknown,104,,FEA; Excel,2026-09-03T00:00:00Z,date_only,2026-09-14T15:11:13Z,https://stryker.wd1.myworkdayjobs.com/StrykerCareers/job/Massachusetts-Virtual-Address/Mechanical-Engineering-Intern_R572943-1
ashby:hadrian-automation:02e33109-08c5-4db7-8881-67294c172584,Hadrian,Robotics Engineer Intern,Not stated,True,,Internship,,Robotics & Controls,"Los Angeles, CA",citizens-only,,,Python; C++; Additive Manufacturing; Welding; Casting,2026-09-02T21:47:12.152+00:00,exact,2026-09-14T15:11:13Z,https://jobs.ashbyhq.com/hadrian-automation/02e33109-08c5-4db7-8881-67294c172584
ashby:reflect-orbital:ed0c926a-9a52-4c84-8488-2552b1f0cca6,Reflect Orbital,Mechanical Engineering Intern,Not stated,True,,Internship,,Design & CAD,"Hawthorne, CA",unknown,,$27 – $31 per hour,,2026-09-02T21:57:12.373+00:00,exact,2026-09-14T15:11:13Z,https://jobs.ashbyhq.com/reflect-orbital/ed0c926a-9a52-4c84-8488-2552b1f0cca6
greenhouse:rebuildmanufacturing:4729848005,Re:Build Manufacturing,Manufacturing Engineer Intern Fall 2026,Fall 2026,False,,Internship,,Manufacturing & Process,"Merrimack, NH",unknown,,,FEA,2026-09-02T12:14:14-04:00,exact,2026-09-14T15:11:13Z,https://job-boards.greenhouse.io/rebuildmanufacturing/jobs/4729848005
lever:foth:2dab53e6-9f06-41fe-a2c9-c9808402c1e7,FOTH,Structural Engineering Intern (Summer 2027),Summer 2027,False,,Internship,,Structures & Materials,"Green Bay, Wisconsin",unknown,,,,2026-09-02T02:19:06Z,exact,2026-09-14T15:11:13Z,https://jobs.lever.co/foth/2dab53e6-9f06-41fe-a2c9-c9808402c1e7
lever:foth:78374fff-0ecd-4505-9f9d-bbfb0686c51e,FOTH,Mechanical Packaging Systems Engineering Co-op (Summer/Fall 2027),Summer 2027,False,,Co-op,,Design & CAD,"Green Bay, Wisconsin",unknown,,,AutoCAD,2026-09-02T02:05:04Z,exact,2026-09-14T15:11:13Z,https://jobs.lever.co/foth/78374fff-0ecd-4505-9f9d-bbfb0686c51e
lever:foth:9b9e654e-cca7-463f-b0c0-fab83c0acd81,FOTH,Mechanical Process Engineering Intern (Summer 2027),Summer 2027,False,,Internship,,Manufacturing & Process,"Green Bay, Wisconsin",unknown,,,,2026-09-02T02:16:12Z,exact,2026-09-14T15:11:13Z,https://jobs.lever.co/foth/9b9e654e-cca7-463f-b0c0-fab83c0acd81
lever:foth:b087b7bd-e1a0-41af-a2e1-46c56b6e5ccb,FOTH,Structural Engineering Intern (Summer 2027),Summer 2027,False,,Internship,,Structures & Materials,"Mehoopany, Pennsylvania",unknown,,,,2026-09-02T02:22:16Z,exact,2026-09-14T15:11:13Z,https://jobs.lever.co/foth/b087b7bd-e1a0-41af-a2e1-46c56b6e5ccb
lever:foth:c074a997-c723-4c6f-b531-686ef1461c25,FOTH,Mechanical Packaging Systems Engineering Intern (Summer 2027),Summer 2027,False,,Internship,,Design & CAD,"Green Bay, Wisconsin",unknown,,,AutoCAD,2026-09-02T02:08:06Z,exact,2026-09-14T15:11:13Z,https://jobs.lever.co/foth/c074a997-c723-4c6f-b531-686ef1461c25
lever:foth:d8cc43b0-5927-407f-9f0a-84bf51460354,FOTH,Mechanical Process Engineering Co-op (Summer/Fall 2027),Summer 2027,False,,Co-op,,Manufacturing & Process,"Green Bay, Wisconsin",unknown,,,,2026-09-02T02:12:29Z,exact,2026-09-14T15:11:13Z,https://jobs.lever.co/foth/d8cc43b0-5927-407f-9f0a-84bf51460354
lever:hermeus:1bdf3754-5649-4a50-913e-b05140cb004f,Hermeus,Manufacturing Engineering Intern - Spring/Summer 2027,Summer 2027,False,,Internship,,Manufacturing & Process,"Atlanta, GA",citizens-only,,25–33 USD/hr,GD&T; Machining; Welding,2026-09-02T01:22:55Z,exact,2026-09-14T15:11:13Z,https://jobs.lever.co/hermeus/1bdf3754-5649-4a50-913e-b05140cb004f
lever:hermeus:5f6a6e79-9836-4c33-b40b-a2bb6c27bd06,Hermeus,Manufacturing Engineering Intern - Spring/Summer/Fall 2027,Summer 2027,False,,Internship,,Manufacturing & Process,"Los Angeles, CA",citizens-only,,25–33 USD/hr,,2026-09-02T14:59:45Z,exact,2026-09-14T15:11:13Z,https://jobs.lever.co/hermeus/5f6a6e79-9836-4c33-b40b-a2bb6c27bd06
lever:hermeus:60b5d40a-1065-4bd2-8c72-6b2fb69d4761,Hermeus,Structures/Mechanical Engineering Intern - Spring/Summer 2027,Summer 2027,False,,Internship,,Design & CAD,"Atlanta, GA",citizens-only,,25–33 USD/hr,Teamcenter,2026-09-02T01:04:36Z,exact,2026-09-14T15:11:13Z,https://jobs.lever.co/hermeus/60b5d40a-1065-4bd2-8c72-6b2fb69d4761
oracle:edbz.fa.us2.oraclecloud.com:25017543,Texas Instruments,Analog IC Design Engineering Intern - Bachelors,Not stated,True,,Internship,,Design & CAD,"Dallas, TX, United States; Knoxville, TN, United States; Tucson, AZ, United States; Phoenix, AZ, United States",no-sponsorship,234,,,2026-09-02,date_only,2026-09-14T15:11:13Z,https://edbz.fa.us2.oraclecloud.com/hcmUI/CandidateExperience/en/sites/CX_1/job/25017543
oracle:edbz.fa.us2.oraclecloud.com:25017547,Texas Instruments,Digital IC Design Engineering Intern - Bachelors,Not stated,True,,Internship,,Design & CAD,"Dallas, TX, United States; Knoxville, TN, United States; Tucson, AZ, United States",no-sponsorship,234,,,2026-09-02,date_only,2026-09-14T15:11:13Z,https://edbz.fa.us2.oraclecloud.com/hcmUI/CandidateExperience/en/sites/CX_1/job/25017547
oracle:edbz.fa.us2.oraclecloud.com:25017571,Texas Instruments,Product/Test Engineering Intern - TMG,Not stated,True,,Internship,,Test & Quality,"Dallas, TX, United States",no-sponsorship,234,,MATLAB; C++; LabVIEW,2026-09-02,date_only,2026-09-14T15:11:13Z,https://edbz.fa.us2.oraclecloud.com/hcmUI/CandidateExperience/en/sites/CX_1/job/25017571
oracle:edbz.fa.us2.oraclecloud.com:25017572,Texas Instruments,Quality Engineering Intern,Not stated,True,,Internship,,Test & Quality,"Dallas, TX, United States; Tucson, AZ, United States; Lehi, UT, United States",no-sponsorship,234,,,2026-09-02,date_only,2026-09-14T15:11:13Z,https://edbz.fa.us2.oraclecloud.com/hcmUI/CandidateExperience/en/sites/CX_1/job/25017572
oracle:emit.fa.ca3.oraclecloud.com:94538,WSP,Power Distribution Design Engineering Intern - Summer 2027,Summer 2027,False,,Internship,,Design & CAD,"Baton Rouge, LA, United States",unknown,,,AutoCAD; Excel,2026-09-02,date_only,2026-09-14T15:11:13Z,https://emit.fa.ca3.oraclecloud.com/hcmUI/CandidateExperience/en/sites/CX_2001/job/94538
smartrecruiters:AECOM2:744000146989469,AECOM,Structural Engineering Intern - Bridge & Transportation Structures,Summer 2027,False,,Internship,,Structures & Materials,"Glen Allen, VA, United States (Hybrid)",unknown,,,AutoCAD; Excel,2026-09-02T13:23:02.295Z,exact,2026-09-14T15:11:13Z,https://jobs.smartrecruiters.com/AECOM2/744000146989469
smartrecruiters:AECOM2:744000147036623,AECOM,Structural Intern- Hiring Event with AECOM - New York City,Not stated,True,,Internship,,Structures & Materials,"Piscataway, NJ, United States (Hybrid)",unknown,,,,2026-09-02T16:10:29.734Z,exact,2026-09-14T15:11:13Z,https://jobs.smartrecruiters.com/AECOM2/744000147036623
smartrecruiters:AECOM2:744000147037399,AECOM,Structural Intern- Hiring Event with AECOM - New York City,Not stated,True,,Internship,,Structures & Materials,"New York, NY, United States (Hybrid)",unknown,,,,2026-09-02T16:10:05.854Z,exact,2026-09-14T15:11:13Z,https://jobs.smartrecruiters.com/AECOM2/744000147037399
smartrecruiters:BoschGroup:744000147075639,Bosch,Intern- Plastics Process Engineer,Not stated,True,,Internship,,Manufacturing & Process,"Albion, IN, United States",unknown,188,,Injection Molding; Lean,2026-09-02T20:07:45.295Z,exact,2026-09-14T15:11:13Z,https://jobs.smartrecruiters.com/BoschGroup/744000147075639
smartrecruiters:Intuitive:744000147091674,Intuitive Surgical,Mechanical Engineering Intern,Not stated,True,,Internship,,Design & CAD,"Sunnyvale, CA, United States",unknown,14,,SolidWorks; MATLAB; Python; Machining; Injection Molding,2026-09-02T22:49:29.677Z,exact,2026-09-14T15:11:13Z,https://jobs.smartrecruiters.com/Intuitive/744000147091674
workday:abb:/job/Fort-Smith-Arkansas-United-States-of-America/Electrical-Design-Engineer-Intern--Summer-2027_JR00045726,ABB,Electrical Design Engineer Intern- Summer 2027,Summer 2027,False,,Internship,,Design & CAD,"Fort Smith, Arkansas, United States of America",no-sponsorship,69,$20–$34/hr,,2026-09-02T00:00:00Z,date_only,2026-09-14T15:11:13Z,https://abb.wd3.myworkdayjobs.com/external_career_page/job/Fort-Smith-Arkansas-United-States-of-America/Electrical-Design-Engineer-Intern--Summer-2027_JR00045726
workday:abb:/job/Fort-Smith-Arkansas-United-States-of-America/Mechanical-Design-Engineer-Intern--Summer-2027_JR00045727,ABB,Mechanical Design Engineer Intern- Summer 2027,Summer 2027,False,,Internship,,Design & CAD,"Fort Smith, Arkansas, United States of America",no-sponsorship,69,$20–$34/hr,,2026-09-02T00:00:00Z,date_only,2026-09-14T15:11:13Z,https://abb.wd3.myworkdayjobs.com/external_career_page/job/Fort-Smith-Arkansas-United-States-of-America/Mechanical-Design-Engineer-Intern--Summer-2027_JR00045727
workday:amat:/job/GloucesterMA/XMLNAME-2026-Fall-Materials-Engineering-Co-op---Doctorate--Gloucester--MA-_R2611503,Applied Materials,"2026 Fall Materials Engineering Co-op (TCAD Modeling) - Doctorate (Gloucester, MA)",Fall 2026,False,,Co-op,,Structures & Materials,"Gloucester,MA",unknown,650,$41–$50/hr,Metrology,2026-09-02T00:00:00Z,date_only,2026-09-14T15:49:34Z,https://amat.wd1.myworkdayjobs.com/External/job/GloucesterMA/XMLNAME-2026-Fall-Materials-Engineering-Co-op---Doctorate--Gloucester--MA-_R2611503
workday:brunswick:/job/New-York-Mills-MN/Quality-Engineering-Intern_JR-051507,Brunswick,Quality Engineering Intern,Summer 2027,False,,Internship,,Test & Quality,"New York Mills, MN",no-sponsorship,54,$18–$27/hr,SolidWorks; Excel,2026-09-02T00:00:00Z,date_only,2026-09-16T04:05:56Z,https://brunswick.wd1.myworkdayjobs.com/search/job/New-York-Mills-MN/Quality-Engineering-Intern_JR-051507
workday:covestro:/job/Frankfort-IN/Process-Engineering-Intern_JR-2026-01889-1,Covestro,Process Engineering Intern,Summer 2027,False,,Internship,,Manufacturing & Process,"Frankfort, IN",unknown,11,,,2026-09-02T00:00:00Z,date_only,2026-09-14T15:11:13Z,https://covestro.wd3.myworkdayjobs.com/cov_external/job/Frankfort-IN/Process-Engineering-Intern_JR-2026-01889-1
workday:generalmotors:/job/Warren-Michigan-United-States-of-America/XMLNAME-2027-Summer-Intern---Manufacturing-Engineering---Body-Center_JR-202619475,General Motors,2027 Summer Intern – Manufacturing Engineering – Body Center,Summer 2027,False,,Internship,,Manufacturing & Process,"Warren, Michigan, United States of America",unknown,928,,Additive Manufacturing; Injection Molding; Welding,2026-09-02T00:00:00Z,date_only,2026-09-14T15:11:13Z,https://generalmotors.wd5.myworkdayjobs.com/Careers_GM/job/Warren-Michigan-United-States-of-America/XMLNAME-2027-Summer-Intern---Manufacturing-Engineering---Body-Center_JR-202619475
workday:hcmportal:/job/US---BAYONNE-CENTER-NJBAY/XMLNAME-2027-Industrial-Engineering-Summer-Intern---Bayonne-NJ_R26030793,United Parcel Service (UPS),2027 Industrial Engineering Summer Intern - Bayonne NJ,Summer 2027,False,,Internship,,Manufacturing & Process,US - BAYONNE CENTER (NJBAY),citizens-only,,$16–$33.44/hr,,2026-09-02T00:00:00Z,date_only,2026-09-14T15:11:13Z,https://hcmportal.wd5.myworkdayjobs.com/Search/job/US---BAYONNE-CENTER-NJBAY/XMLNAME-2027-Industrial-Engineering-Summer-Intern---Bayonne-NJ_R26030793
workday:hcmportal:/job/US---PORTLAND-HUB-ORPOR/XMLNAME-2027-Industrial-Engineering-Summer-Intern---Portland--OR_R26030709,United Parcel Service (UPS),"2027 Industrial Engineering Summer Intern - Portland, OR",Summer 2027,False,,Internship,,Manufacturing & Process,US - PORTLAND HUB (ORPOR),citizens-only,,,,2026-09-02T00:00:00Z,date_only,2026-09-14T15:11:13Z,https://hcmportal.wd5.myworkdayjobs.com/Search/job/US---PORTLAND-HUB-ORPOR/XMLNAME-2027-Industrial-Engineering-Summer-Intern---Portland--OR_R26030709
workday:hcmportal:/job/US---UPS-CORPORATE-OFFICES-GACOR/XMLNAME-2027-Industrial-Engineering-Summer-Intern---Atlanta--GA_R26030769,United Parcel Service (UPS),"2027 Industrial Engineering Summer Intern - Atlanta, GA",Summer 2027,False,,Internship,,Manufacturing & Process,US - UPS CORPORATE OFFICES (GACOR),citizens-only,,,,2026-09-02T00:00:00Z,date_only,2026-09-14T15:11:13Z,https://hcmportal.wd5.myworkdayjobs.com/Search/job/US---UPS-CORPORATE-OFFICES-GACOR/XMLNAME-2027-Industrial-Engineering-Summer-Intern---Atlanta--GA_R26030769
workday:hcmportal:/job/US---UTAH-REGIONAL-HUB-UTLKE/XMLNAME-2027-Industrial-Engineering-Summer-Intern---Salt-Lake-City--UT_R26030699,United Parcel Service (UPS),"2027 Industrial Engineering Summer Intern - Salt Lake City, UT",Summer 2027,False,,Internship,,Manufacturing & Process,US - UTAH REGIONAL HUB (UTLKE),citizens-only,,,,2026-09-02T00:00:00Z,date_only,2026-09-14T15:11:13Z,https://hcmportal.wd5.myworkdayjobs.com/Search/job/US---UTAH-REGIONAL-HUB-UTLKE/XMLNAME-2027-Industrial-Engineering-Summer-Intern---Salt-Lake-City--UT_R26030699
workday:niagarawater:/job/Allentown---Allentown-PA/Manufacturing-Intern---Allentown_R56046,Niagara Bottling,Manufacturing Intern - Allentown,Not stated,True,,Internship,,Manufacturing & Process,"Allentown - Allentown, PA",unknown,104,,,2026-09-02T00:00:00Z,date_only,2026-09-14T15:11:13Z,https://niagarawater.wd5.myworkdayjobs.com/niagara/job/Allentown---Allentown-PA/Manufacturing-Intern---Allentown_R56046
workday:niagarawater:/job/Allentown---Allentown-PA/Manufacturing-Intern---Allentown_R56047,Niagara Bottling,Manufacturing Intern - Allentown,Not stated,True,,Internship,,Manufacturing & Process,"Allentown - Allentown, PA",unknown,104,,,2026-09-02T00:00:00Z,date_only,2026-09-14T15:11:13Z,https://niagarawater.wd5.myworkdayjobs.com/niagara/job/Allentown---Allentown-PA/Manufacturing-Intern---Allentown_R56047
workday:niagarawater:/job/Atlanta---Newnan-GA/Manufacturing-Intern---Atlanta_R56048,Niagara Bottling,Manufacturing Intern - Atlanta,Not stated,True,,Internship,,Manufacturing & Process,"Atlanta - Newnan, GA",unknown,104,,,2026-09-02T00:00:00Z,date_only,2026-09-14T15:11:13Z,https://niagarawater.wd5.myworkdayjobs.com/niagara/job/Atlanta---Newnan-GA/Manufacturing-Intern---Atlanta_R56048
workday:niagarawater:/job/Atlanta---Newnan-GA/Manufacturing-Intern---Atlanta_R56049,Niagara Bottling,Manufacturing Intern - Atlanta,Not stated,True,,Internship,,Manufacturing & Process,"Atlanta - Newnan, GA",unknown,104,,,2026-09-02T00:00:00Z,date_only,2026-09-14T15:11:13Z,https://niagarawater.wd5.myworkdayjobs.com/niagara/job/Atlanta---Newnan-GA/Manufacturing-Intern---Atlanta_R56049
workday:niagarawater:/job/Baytown---Baytown-TX/Manufacturing-Intern---Baytown_R56050,Niagara Bottling,Manufacturing Intern - Baytown,Not stated,True,,Internship,,Manufacturing & Process,"Baytown - Baytown, TX",unknown,104,,,2026-09-02T00:00:00Z,date_only,2026-09-14T15:11:13Z,https://niagarawater.wd5.myworkdayjobs.com/niagara/job/Baytown---Baytown-TX/Manufacturing-Intern---Baytown_R56050
workday:niagarawater:/job/Baytown---Baytown-TX/Manufacturing-Intern---Baytown_R56051,Niagara Bottling,Manufacturing Intern - Baytown,Not stated,True,,Internship,,Manufacturing & Process,"Baytown - Baytown, TX",unknown,104,,,2026-09-02T00:00:00Z,date_only,2026-09-14T15:11:13Z,https://niagarawater.wd5.myworkdayjobs.com/niagara/job/Baytown---Baytown-TX/Manufacturing-Intern---Baytown_R56051
workday:niagarawater:/job/Carolina---Carolina-SC/Manufacturing-Intern---Carolina_R56052,Niagara Bottling,Manufacturing Intern - Carolina,Not stated,True,,Internship,,Manufacturing & Process,"Carolina - Carolina, SC",unknown,104,,,2026-09-02T00:00:00Z,date_only,2026-09-14T15:11:13Z,https://niagarawater.wd5.myworkdayjobs.com/niagara/job/Carolina---Carolina-SC/Manufacturing-Intern---Carolina_R56052
workday:niagarawater:/job/Cincinnati---Elsmere-KY/Manufacturing-Intern---Cincinnati_R56053,Niagara Bottling,Manufacturing Intern - Cincinnati,Not stated,True,,Internship,,Manufacturing & Process,"Cincinnati - Elsmere, KY",unknown,104,,,2026-09-02T00:00:00Z,date_only,2026-09-14T15:11:13Z,https://niagarawater.wd5.myworkdayjobs.com/niagara/job/Cincinnati---Elsmere-KY/Manufacturing-Intern---Cincinnati_R56053
workday:niagarawater:/job/Dallas---Dallas-TX/Manufacturing-Intern---Dallas_R56054,Niagara Bottling,Manufacturing Intern - Dallas,Not stated,True,,Internship,,Manufacturing & Process,"Dallas - Dallas, TX",unknown,104,,,2026-09-02T00:00:00Z,date_only,2026-09-14T15:11:13Z,https://niagarawater.wd5.myworkdayjobs.com/niagara/job/Dallas---Dallas-TX/Manufacturing-Intern---Dallas_R56054
workday:niagarawater:/job/Hazleton---Hazle-Township-PA/Manufacturing-Intern---Hazleton_R56056,Niagara Bottling,Manufacturing Intern - Hazleton,Not stated,True,,Internship,,Manufacturing & Process,"Hazleton - Hazle Township, PA",unknown,104,,,2026-09-02T00:00:00Z,date_only,2026-09-14T15:11:13Z,https://niagarawater.wd5.myworkdayjobs.com/niagara/job/Hazleton---Hazle-Township-PA/Manufacturing-Intern---Hazleton_R56056
workday:niagarawater:/job/Jacksonville---Middleburg-FL/Manufacturing-Intern---Jacksonville_R56057,Niagara Bottling,Manufacturing Intern - Jacksonville,Not stated,True,,Internship,,Manufacturing & Process,"Jacksonville - Middleburg, FL",unknown,104,,,2026-09-02T00:00:00Z,date_only,2026-09-14T15:11:13Z,https://niagarawater.wd5.myworkdayjobs.com/niagara/job/Jacksonville---Middleburg-FL/Manufacturing-Intern---Jacksonville_R56057
workday:niagarawater:/job/Jacksonville---Middleburg-FL/Manufacturing-Intern---Jacksonville_R56058,Niagara Bottling,Manufacturing Intern - Jacksonville,Not stated,True,,Internship,,Manufacturing & Process,"Jacksonville - Middleburg, FL",unknown,104,,,2026-09-02T00:00:00Z,date_only,2026-09-14T15:11:13Z,https://niagarawater.wd5.myworkdayjobs.com/niagara/job/Jacksonville---Middleburg-FL/Manufacturing-Intern---Jacksonville_R56058
workday:niagarawater:/job/Kansas-City-2---Kansas-City-MO/Manufacturing-Intern---Kansas-City-2_R56060,Niagara Bottling,Manufacturing Intern - Kansas City 2,Not stated,True,,Internship,,Manufacturing & Process,"Kansas City 2 - Kansas City, MO",unknown,104,,,2026-09-02T00:00:00Z,date_only,2026-09-14T15:11:13Z,https://niagarawater.wd5.myworkdayjobs.com/niagara/job/Kansas-City-2---Kansas-City-MO/Manufacturing-Intern---Kansas-City-2_R56060
workday:niagarawater:/job/Kenosha---Pleasant-Prairie-WI/Manufacturing-Intern---Kenosha_R56061,Niagara Bottling,Manufacturing Intern - Kenosha,Not stated,True,,Internship,,Manufacturing & Process,"Kenosha - Pleasant Prairie, WI",unknown,104,,,2026-09-02T00:00:00Z,date_only,2026-09-14T15:11:13Z,https://niagarawater.wd5.myworkdayjobs.com/niagara/job/Kenosha---Pleasant-Prairie-WI/Manufacturing-Intern---Kenosha_R56061
workday:niagarawater:/job/Lancaster---Lancaster-TX/Manufacturing-Intern---Lancaster_R56062,Niagara Bottling,Manufacturing Intern - Lancaster,Not stated,True,,Internship,,Manufacturing & Process,"Lancaster - Lancaster, TX",unknown,104,,,2026-09-02T00:00:00Z,date_only,2026-09-14T15:11:13Z,https://niagarawater.wd5.myworkdayjobs.com/niagara/job/Lancaster---Lancaster-TX/Manufacturing-Intern---Lancaster_R56062
workday:niagarawater:/job/Louisville---Jeffersonville-IN/Manufacturing-Intern---Louisville_R56063,Niagara Bottling,Manufacturing Intern - Louisville,Not stated,True,,Internship,,Manufacturing & Process,"Louisville - Jeffersonville, IN",unknown,104,,,2026-09-02T00:00:00Z,date_only,2026-09-14T15:11:13Z,https://niagarawater.wd5.myworkdayjobs.com/niagara/job/Louisville---Jeffersonville-IN/Manufacturing-Intern---Louisville_R56063
workday:niagarawater:/job/Mesa---Mesa-AZ/Manufacturing-Intern---Mesa_R56064,Niagara Bottling,Manufacturing Intern - Mesa,Not stated,True,,Internship,,Manufacturing & Process,"Mesa - Mesa, AZ",unknown,104,,,2026-09-02T00:00:00Z,date_only,2026-09-14T15:11:13Z,https://niagarawater.wd5.myworkdayjobs.com/niagara/job/Mesa---Mesa-AZ/Manufacturing-Intern---Mesa_R56064
workday:niagarawater:/job/Miami---Jupiter-FL/Manufacturing-Intern---Miami_R56327,Niagara Bottling,Manufacturing Intern - Miami,Not stated,True,,Internship,,Manufacturing & Process,"Miami - Jupiter, FL",unknown,104,,,2026-09-02T00:00:00Z,date_only,2026-09-14T15:11:13Z,https://niagarawater.wd5.myworkdayjobs.com/niagara/job/Miami---Jupiter-FL/Manufacturing-Intern---Miami_R56327
workday:niagarawater:/job/Pittsburgh---Pittsburgh-PA/Manufacturing-Intern---Pittsburgh_R56067,Niagara Bottling,Manufacturing Intern - Pittsburgh,Not stated,True,,Internship,,Manufacturing & Process,"Pittsburgh - Pittsburgh, PA",unknown,104,,,2026-09-02T00:00:00Z,date_only,2026-09-14T15:11:13Z,https://niagarawater.wd5.myworkdayjobs.com/niagara/job/Pittsburgh---Pittsburgh-PA/Manufacturing-Intern---Pittsburgh_R56067
workday:niagarawater:/job/Rialto---Rialto-CA/Manufacturing-Intern---Rialto_R56068,Niagara Bottling,Manufacturing Intern - Rialto,Not stated,True,,Internship,,Manufacturing & Process,"Rialto - Rialto, CA",unknown,104,,,2026-09-02T00:00:00Z,date_only,2026-09-14T15:11:13Z,https://niagarawater.wd5.myworkdayjobs.com/niagara/job/Rialto---Rialto-CA/Manufacturing-Intern---Rialto_R56068
workday:niagarawater:/job/Stockton---Stockton-CA/Manufacturing-Intern---Stockton-3_R56070,Niagara Bottling,Manufacturing Intern - Stockton 3,Not stated,True,,Internship,,Manufacturing & Process,"Stockton - Stockton, CA",unknown,104,,,2026-09-02T00:00:00Z,date_only,2026-09-14T15:11:13Z,https://niagarawater.wd5.myworkdayjobs.com/niagara/job/Stockton---Stockton-CA/Manufacturing-Intern---Stockton-3_R56070
workday:niagarawater:/job/Stockton-4---Stockton-CA/Manufacturing-Intern---Stockton-4_R56071,Niagara Bottling,Manufacturing Intern - Stockton 4,Not stated,True,,Internship,,Manufacturing & Process,"Stockton 4 - Stockton, CA",unknown,104,,,2026-09-02T00:00:00Z,date_only,2026-09-14T15:11:13Z,https://niagarawater.wd5.myworkdayjobs.com/niagara/job/Stockton-4---Stockton-CA/Manufacturing-Intern---Stockton-4_R56071
workday:niagarawater:/job/Stockton-4---Stockton-CA/Manufacturing-Intern---Stockton-4_R56072,Niagara Bottling,Manufacturing Intern - Stockton 4,Not stated,True,,Internship,,Manufacturing & Process,"Stockton 4 - Stockton, CA",unknown,104,,,2026-09-02T00:00:00Z,date_only,2026-09-14T15:11:13Z,https://niagarawater.wd5.myworkdayjobs.com/niagara/job/Stockton-4---Stockton-CA/Manufacturing-Intern---Stockton-4_R56072
workday:niagarawater:/job/Tacoma---Puyallup-WA/Manufacturing-Intern---Tacoma_R56073,Niagara Bottling,Manufacturing Intern - Tacoma,Not stated,True,,Internship,,Manufacturing & Process,"Tacoma - Puyallup, WA",unknown,104,,,2026-09-02T00:00:00Z,date_only,2026-09-14T15:11:13Z,https://niagarawater.wd5.myworkdayjobs.com/niagara/job/Tacoma---Puyallup-WA/Manufacturing-Intern---Tacoma_R56073
workday:poet:/job/Sioux-Falls-SD/Process-Engineering-Intern---Summer-2027_R101679,POET,Process Engineering Intern - Summer 2027,Summer 2027,False,,Internship,,Manufacturing & Process,"Sioux Falls, SD",unknown,,,,2026-09-02T00:00:00Z,date_only,2026-09-14T15:11:13Z,https://poet.wd1.myworkdayjobs.com/POET/job/Sioux-Falls-SD/Process-Engineering-Intern---Summer-2027_R101679
workday:stryker:/job/Cary-Illinois/Manufacturing-Engineering-Intern_R572922,Stryker,Manufacturing Engineering Intern,Not stated,True,,Internship,,Manufacturing & Process,"Cary, Illinois",unknown,104,,Excel; Lean,2026-09-02T00:00:00Z,date_only,2026-09-14T15:11:13Z,https://stryker.wd1.myworkdayjobs.com/StrykerCareers/job/Cary-Illinois/Manufacturing-Engineering-Intern_R572922
workday:stryker:/job/Redmond-Washington/Manufacturing-Engineering-Intern_R572846,Stryker,Manufacturing Engineering Intern,Not stated,True,,Internship,,Manufacturing & Process,"Redmond, Washington",unknown,104,,Excel; Six Sigma; Lean,2026-09-02T00:00:00Z,date_only,2026-09-14T15:11:13Z,https://stryker.wd1.myworkdayjobs.com/StrykerCareers/job/Redmond-Washington/Manufacturing-Engineering-Intern_R572846
workday:valmont:/job/Tuscaloosa-AL/Civil-Structural-Engineering-Intern_R28717,Valmont,Civil/Structural Engineering Intern,Not stated,True,,Internship,,Structures & Materials,Tuscaloosa AL,unknown,,,Excel,2026-09-02T00:00:00Z,date_only,2026-09-14T15:11:13Z,https://valmont.wd1.myworkdayjobs.com/ValmontCareers/job/Tuscaloosa-AL/Civil-Structural-Engineering-Intern_R28717
greenhouse:generalmatter:5377104008,General Matter,Summer 2027 Internship - Mechanical Engineering (HVAC),Summer 2027,False,,Internship,,Thermal & Fluids,"Los Angeles, CA",unknown,,$30–$40/hr,AutoCAD; Revit; Python; Hydraulics,2026-09-01T13:38:09-04:00,exact,2026-09-14T15:11:13Z,https://job-boards.greenhouse.io/generalmatter/jobs/5377104008
greenhouse:k2spacecorporation:5411914008,K2 Space,Vehicle Operations Engineering Intern – Summer 2027,Summer 2027,False,,Internship,,Automotive & Mobility,"Los Angeles, CA",citizens-only,,$30–$40/hr,Python; Welding,2026-09-01T00:52:00-04:00,exact,2026-09-18T00:00:58Z,https://job-boards.greenhouse.io/k2spacecorporation/jobs/5411914008
greenhouse:k2spacecorporation:5411915008,K2 Space,Mechanical  Engineering Intern – Summer 2027,Summer 2027,False,,Internship,,Design & CAD,"Los Angeles, CA",citizens-only,,$30–$40/hr,,2026-09-01T00:55:22-04:00,exact,2026-09-18T00:00:58Z,https://job-boards.greenhouse.io/k2spacecorporation/jobs/5411915008
greenhouse:k2spacecorporation:5411921008,K2 Space,Avionics Systems/Test Engineering Intern – Summer 2027,Summer 2027,False,,Internship,,Aerospace & Defense,"Los Angeles, CA",citizens-only,,$30–$40/hr,Python; C++,2026-09-01T01:08:38-04:00,exact,2026-09-18T00:00:58Z,https://job-boards.greenhouse.io/k2spacecorporation/jobs/5411921008
greenhouse:olsson:5394118008,Olsson,Structural Engineering Internship - Facilities,Not stated,True,,Internship,,Structures & Materials,"Omaha, NE",unknown,2,,Revit; Excel,2026-09-01T09:00:01-04:00,exact,2026-09-14T15:11:13Z,https://job-boards.greenhouse.io/olsson/jobs/5394118008
greenhouse:olsson:5394239008,Olsson,Mechanical Engineering Internship - Healthcare Facilities,Not stated,True,,Internship,,Design & CAD,"Dallas, TX; Fort Worth, TX",unknown,2,,AutoCAD; Revit; Excel,2026-09-01T09:00:01-04:00,exact,2026-09-14T15:11:13Z,https://job-boards.greenhouse.io/olsson/jobs/5394239008
greenhouse:olsson:5394243008,Olsson,Mechanical Engineering Internship - Healthcare Facilities,Not stated,True,,Internship,,Design & CAD,"Omaha, NE",unknown,2,,AutoCAD; Revit; Excel,2026-09-01T09:00:01-04:00,exact,2026-09-14T15:11:13Z,https://job-boards.greenhouse.io/olsson/jobs/5394243008
greenhouse:olsson:5394246008,Olsson,Mechanical Engineering Internship - Facilities,Not stated,True,,Internship,,Design & CAD,"Oklahoma City, OK",unknown,2,,AutoCAD; Revit; Excel,2026-09-01T09:00:01-04:00,exact,2026-09-14T15:11:13Z,https://job-boards.greenhouse.io/olsson/jobs/5394246008
greenhouse:olsson:5405474008,Olsson,Revit Drafting Internship,Not stated,True,,Internship,,Design & CAD,"Omaha, NE",unknown,2,,Revit; Excel,2026-09-01T11:49:23-04:00,exact,2026-09-14T15:11:13Z,https://job-boards.greenhouse.io/olsson/jobs/5405474008
lever:foth:6cc70042-0140-4979-9878-828edf973a83,FOTH,Mechanical Engineering Intern (Summer 2027),Summer 2027,False,,Internship,,Design & CAD,"Mehoopany, Pennsylvania",unknown,,,SolidWorks; Inventor; Solid Edge,2026-09-01T19:47:11Z,exact,2026-09-14T15:11:13Z,https://jobs.lever.co/foth/6cc70042-0140-4979-9878-828edf973a83
lever:foth:d4e4eaf1-4046-4a8d-ae73-882f39355907,FOTH,Mechanical Engineering Co-op (Summer/Fall 2027),Summer 2027,False,,Co-op,,Design & CAD,"Green Bay, Wisconsin",unknown,,,SolidWorks; Inventor; Solid Edge,2026-09-01T19:37:42Z,exact,2026-09-14T15:11:13Z,https://jobs.lever.co/foth/d4e4eaf1-4046-4a8d-ae73-882f39355907
lever:hermeus:643fd7b7-9015-43a1-aa2b-a54f117b403c,Hermeus,Subsystem Test Engineering Intern - Spring/Summer 2027,Summer 2027,False,,Internship,,Test & Quality,"Atlanta, GA",citizens-only,,25–33 USD/hr,Hydraulics,2026-09-01T15:46:08Z,exact,2026-09-14T15:11:13Z,https://jobs.lever.co/hermeus/643fd7b7-9015-43a1-aa2b-a54f117b403c
oracle:ebgj.fa.us2.oraclecloud.com:253136,Texas Instruments,Plant Process Engineer Intern - Summer 2027,Summer 2027,False,,Internship,,Manufacturing & Process,"Sioux Center, IA, United States",unknown,234,$27.9/hr,AutoCAD; Solid Edge; Excel,2026-09-01,date_only,2026-09-14T15:11:13Z,https://ebgj.fa.us2.oraclecloud.com/hcmUI/CandidateExperience/en/sites/CX_1/job/253136
oracle:ebgj.fa.us2.oraclecloud.com:253203,Texas Instruments,Plant Process Engineer Intern - Summer 2027,Summer 2027,False,,Internship,,Manufacturing & Process,"Pella, IA, United States",unknown,234,$27.9/hr,AutoCAD; Solid Edge; Excel,2026-09-01,date_only,2026-09-14T15:11:13Z,https://ebgj.fa.us2.oraclecloud.com/hcmUI/CandidateExperience/en/sites/CX_1/job/253203
oracle:ebxs.fa.us2.oraclecloud.com:309794,Michael Baker International,Bridge Structural Intern,Summer 2027,False,,Internship,,Structures & Materials,"Chicago, IL, United States",unknown,42,$22–$26/hr,,2026-09-01,date_only,2026-09-14T15:11:13Z,https://ebxs.fa.us2.oraclecloud.com/hcmUI/CandidateExperience/en/sites/CX_2/job/309794
oracle:edbz.fa.us2.oraclecloud.com:25017474,Texas Instruments,"2027 Manufacturing Technician Intern (Dallas/Richardson, TX)",Summer 2027,False,,Internship,,Manufacturing & Process,"Richardson, TX, United States; Dallas, TX, United States",no-sponsorship,234,,,2026-09-01,date_only,2026-09-14T15:11:13Z,https://edbz.fa.us2.oraclecloud.com/hcmUI/CandidateExperience/en/sites/CX_1/job/25017474
oracle:edbz.fa.us2.oraclecloud.com:25017496,Texas Instruments,"2027 Manufacturing Technician Intern (Lehi, UT)",Summer 2027,False,,Internship,,Manufacturing & Process,"Lehi, UT, United States",no-sponsorship,234,,,2026-09-01,date_only,2026-09-14T15:11:13Z,https://edbz.fa.us2.oraclecloud.com/hcmUI/CandidateExperience/en/sites/CX_1/job/25017496
oracle:emit.fa.ca3.oraclecloud.com:94284,WSP,Transmission Engineering Intern - Summer 2027,Summer 2027,False,,Internship,,Automotive & Mobility,"Mount Laurel, NJ, United States",unknown,,$23.9–$31.11/hr,,2026-09-01,date_only,2026-09-14T15:11:13Z,https://emit.fa.ca3.oraclecloud.com/hcmUI/CandidateExperience/en/sites/CX_2001/job/94284
oracle:hdjq.fa.us2.oraclecloud.com:26008754,Emerson Electric,Design Engineering Co-Op,Not stated,True,,Co-op,,Design & CAD,"Marshalltown, IA, United States",unknown,8,,,2026-09-01,date_only,2026-09-14T15:11:13Z,https://hdjq.fa.us2.oraclecloud.com/hcmUI/CandidateExperience/en/sites/CX_1/job/26008754
oracle:hdjq.fa.us2.oraclecloud.com:26008778,Emerson Electric,Materials Engineer Co-Op,Not stated,True,,Co-op,,Structures & Materials,"Marshalltown, IA, United States",unknown,8,,Welding,2026-09-01,date_only,2026-09-14T15:11:13Z,https://hdjq.fa.us2.oraclecloud.com/hcmUI/CandidateExperience/en/sites/CX_1/job/26008778
oracle:hdjq.fa.us2.oraclecloud.com:26009034,Emerson Electric,Manufacturing Engineering Co-Op,Not stated,True,,Co-op,,Manufacturing & Process,"Marshalltown, IA, United States",unknown,8,,SolidWorks,2026-09-01,date_only,2026-09-14T15:11:13Z,https://hdjq.fa.us2.oraclecloud.com/hcmUI/CandidateExperience/en/sites/CX_1/job/26009034
oracle:hdjq.fa.us2.oraclecloud.com:26009196,Emerson Electric,Additive Manufacturing Co-op,Not stated,True,,Co-op,,Manufacturing & Process,"Marshalltown, IA, United States",unknown,8,,Additive Manufacturing; SolidWorks; Siemens NX; GD&T; Machining; Welding,2026-09-01,date_only,2026-09-14T15:11:13Z,https://hdjq.fa.us2.oraclecloud.com/hcmUI/CandidateExperience/en/sites/CX_1/job/26009196
oracle:hdjq.fa.us2.oraclecloud.com:26009323,Emerson Electric,Test Engineering Co-op (Jan27-May27),Not stated,True,,Co-op,,Test & Quality,"Shakopee, MN, United States",unknown,8,,,2026-09-01,date_only,2026-09-14T15:11:13Z,https://hdjq.fa.us2.oraclecloud.com/hcmUI/CandidateExperience/en/sites/CX_1/job/26009323
oracle:hdjq.fa.us2.oraclecloud.com:26009443,Emerson Electric,Quality Engineering Intern,Not stated,True,,Internship,,Test & Quality,"Eden Prairie, MN, United States",unknown,8,,,2026-09-01,date_only,2026-09-14T15:11:13Z,https://hdjq.fa.us2.oraclecloud.com/hcmUI/CandidateExperience/en/sites/CX_1/job/26009443
oracle:hdjq.fa.us2.oraclecloud.com:26009481,Emerson Electric,Manufacturing Engineering Intern,Not stated,True,,Internship,,Manufacturing & Process,"Boulder, CO, United States",unknown,8,,,2026-09-01,date_only,2026-09-14T15:11:13Z,https://hdjq.fa.us2.oraclecloud.com/hcmUI/CandidateExperience/en/sites/CX_1/job/26009481
oracle:hdjq.fa.us2.oraclecloud.com:26009486,Emerson Electric,Test Engineering Intern,Not stated,True,,Internship,,Test & Quality,"Boulder, CO, United States",unknown,8,,,2026-09-01,date_only,2026-09-14T15:11:13Z,https://hdjq.fa.us2.oraclecloud.com/hcmUI/CandidateExperience/en/sites/CX_1/job/26009486
oracle:hdjq.fa.us2.oraclecloud.com:26009624,Emerson Electric,Manufacturing Engineering Intern,Not stated,True,,Internship,,Manufacturing & Process,"Shakopee, MN, United States; Chanhassen, MN, United States",unknown,8,,Six Sigma; Lean,2026-09-01,date_only,2026-09-14T15:11:13Z,https://hdjq.fa.us2.oraclecloud.com/hcmUI/CandidateExperience/en/sites/CX_1/job/26009624
oracle:hdjq.fa.us2.oraclecloud.com:26009630,Emerson Electric,Mechanical Design Engineering Intern,Not stated,True,,Internship,,Design & CAD,"Shakopee, MN, United States; Eden Prairie, MN, United States",unknown,8,,,2026-09-01,date_only,2026-09-14T15:11:13Z,https://hdjq.fa.us2.oraclecloud.com/hcmUI/CandidateExperience/en/sites/CX_1/job/26009630
oracle:hdjq.fa.us2.oraclecloud.com:26009677,Emerson Electric,Test Engineering Intern,Not stated,True,,Internship,,Test & Quality,"Shakopee, MN, United States; Eden Prairie, MN, United States",unknown,8,,,2026-09-01,date_only,2026-09-14T15:11:13Z,https://hdjq.fa.us2.oraclecloud.com/hcmUI/CandidateExperience/en/sites/CX_1/job/26009677
oracle:hdjq.fa.us2.oraclecloud.com:26009735,Emerson Electric,Mechanical Design Engineering Intern,Not stated,True,,Internship,,Design & CAD,"Brenham, TX, United States; Houston, TX, United States",unknown,8,,,2026-09-01,date_only,2026-09-14T15:11:13Z,https://hdjq.fa.us2.oraclecloud.com/hcmUI/CandidateExperience/en/sites/CX_1/job/26009735
oracle:hdjq.fa.us2.oraclecloud.com:26009736,Emerson Electric,Manufacturing Engineering Intern,Not stated,True,,Internship,,Manufacturing & Process,"Houston, TX, United States; Pearland, TX, United States; Brenham, TX, United States",unknown,8,,Six Sigma; Lean,2026-09-01,date_only,2026-09-14T15:11:13Z,https://hdjq.fa.us2.oraclecloud.com/hcmUI/CandidateExperience/en/sites/CX_1/job/26009736
oracle:hdjq.fa.us2.oraclecloud.com:26009739,Emerson Electric,Quality Engineering Co-op,Not stated,True,,Co-op,,Test & Quality,"Marshalltown, IA, United States",unknown,8,,Lean,2026-09-01,date_only,2026-09-14T15:11:13Z,https://hdjq.fa.us2.oraclecloud.com/hcmUI/CandidateExperience/en/sites/CX_1/job/26009739
oracle:hdjq.fa.us2.oraclecloud.com:26009762,Emerson Electric,Electrical Design Engineering Intern,Not stated,True,,Internship,,Design & CAD,"Shakopee, MN, United States; Eden Prairie, MN, United States",unknown,8,,,2026-09-01,date_only,2026-09-14T15:11:13Z,https://hdjq.fa.us2.oraclecloud.com/hcmUI/CandidateExperience/en/sites/CX_1/job/26009762
oracle:hdjq.fa.us2.oraclecloud.com:26010175,Emerson Electric,Manufacturing and Machining Co-Op,Not stated,True,,Co-op,,Manufacturing & Process,"Marshalltown, IA, United States",unknown,8,,,2026-09-01,date_only,2026-09-14T15:11:13Z,https://hdjq.fa.us2.oraclecloud.com/hcmUI/CandidateExperience/en/sites/CX_1/job/26010175
smartrecruiters:AECOM2:744000146596391,AECOM,Structural Engineering Intern - Hiring Event with AECOM - Philadelphia,Not stated,True,,Internship,,Structures & Materials,"Conshohocken, PA, United States (Hybrid)",citizens-only,,,AutoCAD,2026-09-01T01:26:50.382Z,exact,2026-09-14T15:11:13Z,https://jobs.smartrecruiters.com/AECOM2/744000146596391
smartrecruiters:BoschGroup:744000146800238,Bosch,Chassis Control Intern - Kettering University Co-Op Section B (Jan-Mar '27),Summer 2027,False,,Internship / Co-op,,Automotive & Mobility,"Plymouth, MI, United States",unknown,188,,,2026-09-01T18:50:45.621Z,exact,2026-09-14T15:11:13Z,https://jobs.smartrecruiters.com/BoschGroup/744000146800238
workday:brunswick:/job/Fond-du-Lac-WI/Mercury-Marine--Materials-Engineering-Co-op_JR-051139,Brunswick,Mercury Marine: Materials Engineering Co-op,Not stated,True,,Co-op,,Structures & Materials,"Fond du Lac, WI",unknown,54,$18–$27.5/hr,Casting,2026-09-01T00:00:00Z,date_only,2026-09-16T04:05:56Z,https://brunswick.wd1.myworkdayjobs.com/search/job/Fond-du-Lac-WI/Mercury-Marine--Materials-Engineering-Co-op_JR-051139
workday:brunswick:/job/Fond-du-Lac-WI/Mercury-Marine--Mechatronics-Intern_JR-051269,Brunswick,Mercury Marine: Mechatronics Intern,Not stated,True,,Internship,,Robotics & Controls,"Fond du Lac, WI",unknown,54,$18–$27.5/hr,MATLAB; Python; Hydraulics; FMEA,2026-09-01T00:00:00Z,date_only,2026-09-16T04:05:56Z,https://brunswick.wd1.myworkdayjobs.com/search/job/Fond-du-Lac-WI/Mercury-Marine--Mechatronics-Intern_JR-051269
workday:generalmotors:/job/Warren-Michigan-United-States-of-America/XMLNAME-2027-Summer-Intern---Global-Manufacturing-Electrical---SDV_JR-202619352,General Motors,2027 Summer Intern – Global Manufacturing Electrical & SDV,Summer 2027,False,,Internship,,Manufacturing & Process,"Warren, Michigan, United States of America",unknown,928,,C++,2026-09-01T00:00:00Z,date_only,2026-09-14T15:11:13Z,https://generalmotors.wd5.myworkdayjobs.com/Careers_GM/job/Warren-Michigan-United-States-of-America/XMLNAME-2027-Summer-Intern---Global-Manufacturing-Electrical---SDV_JR-202619352
workday:generalmotors:/job/Warren-Michigan-United-States-of-America/XMLNAME-2027-Summer-Intern---Manufacturing-Engineering--Global-Propulsion-Systems_JR-202619351,General Motors,2027 Summer Intern - Manufacturing Engineering— Global Propulsion Systems,Summer 2027,False,,Internship,,Aerospace & Defense,"Warren, Michigan, United States of America",unknown,928,,SolidWorks; CATIA; AutoCAD; GD&T; MATLAB; Python; Excel; Lean,2026-09-01T00:00:00Z,date_only,2026-09-14T15:11:13Z,https://generalmotors.wd5.myworkdayjobs.com/Careers_GM/job/Warren-Michigan-United-States-of-America/XMLNAME-2027-Summer-Intern---Manufacturing-Engineering--Global-Propulsion-Systems_JR-202619351
workday:generalmotors:/job/Warren-Michigan-United-States-of-America/XMLNAME-2027-Summer-Intern---Manufacturing-Engineering-General-Assembly_JR-202619346,General Motors,2027 Summer Intern – Manufacturing Engineering General Assembly,Summer 2027,False,,Internship,,Manufacturing & Process,"Warren, Michigan, United States of America",unknown,928,,,2026-09-01T00:00:00Z,date_only,2026-09-14T15:11:13Z,https://generalmotors.wd5.myworkdayjobs.com/Careers_GM/job/Warren-Michigan-United-States-of-America/XMLNAME-2027-Summer-Intern---Manufacturing-Engineering-General-Assembly_JR-202619346
workday:hcmportal:/job/US---JEFFERSON-HUB-ILJEF/XMLNAME-2027-Industrial-Engineering-Summer-Intern---Chicago-IL_R26030597,United Parcel Service (UPS),2027 Industrial Engineering Summer Intern - Chicago IL,Summer 2027,False,,Internship,,Manufacturing & Process,US - JEFFERSON HUB (ILJEF),citizens-only,,$16–$33.44/hr,,2026-09-01T00:00:00Z,date_only,2026-09-14T15:11:13Z,https://hcmportal.wd5.myworkdayjobs.com/Search/job/US---JEFFERSON-HUB-ILJEF/XMLNAME-2027-Industrial-Engineering-Summer-Intern---Chicago-IL_R26030597
workday:hitachi:/job/Raleigh-North-Carolina-United-States/XMLNAME-2027-Summer-Mechanical-Engineering-Intern---Raleigh_R0142887,Hitachi Energy,2027 Summer Mechanical Engineering Intern - Raleigh,Summer 2027,False,,Internship,,Design & CAD,"Raleigh, North Carolina, United States",unknown,,,,2026-09-01T00:00:00Z,date_only,2026-09-14T15:11:13Z,https://hitachi.wd1.myworkdayjobs.com/hitachi/job/Raleigh-North-Carolina-United-States/XMLNAME-2027-Summer-Mechanical-Engineering-Intern---Raleigh_R0142887
workday:mdlz:/job/Naperville-Illinois-United-States/Manufacturing--Process-Engineering-Co-Op-For-Naperville--IL-Local-Candidates-Only-_R-176632,Mondelez International,"Manufacturing- Process Engineering Co-Op(For Naperville, IL Local Candidates Only)",Summer 2027,False,,Co-op,,Manufacturing & Process,"Naperville, Illinois, United States",unknown,,,Six Sigma; Lean,2026-09-01T00:00:00Z,date_only,2026-09-14T15:11:13Z,https://wd3.myworkdaysite.com/recruiting/mdlz/External/job/Naperville-Illinois-United-States/Manufacturing--Process-Engineering-Co-Op-For-Naperville--IL-Local-Candidates-Only-_R-176632
workday:niagarawater:/job/Temple---Temple-TX/Manufacturing-Intern---Temple_R56074,Niagara Bottling,Manufacturing Intern - Temple,Not stated,True,,Internship,,Manufacturing & Process,"Temple - Temple, TX",unknown,104,,,2026-09-01T00:00:00Z,date_only,2026-09-14T15:11:13Z,https://niagarawater.wd5.myworkdayjobs.com/niagara/job/Temple---Temple-TX/Manufacturing-Intern---Temple_R56074
workday:sbdinc:/job/Towson-MD-United-States/Mechanical-Engineering-Intern-Summer-2027_REQ-1000052017,Stanley Black & Decker,Mechanical Engineering Intern Summer 2027,Summer 2027,False,,Internship,,Design & CAD,"Towson, MD, United States",unknown,124,$22–$27/hr,SolidWorks; AutoCAD,2026-09-01T00:00:00Z,date_only,2026-09-14T15:11:13Z,https://sbdinc.wd1.myworkdayjobs.com/Stanley_Black_Decker_Career_Site/job/Towson-MD-United-States/Mechanical-Engineering-Intern-Summer-2027_REQ-1000052017
workday:stryker:/job/Flower-Mound-Texas/Quality-Engineering-Intern_R572886,Stryker,Quality Engineering Intern,Not stated,True,,Internship,,Test & Quality,"Flower Mound, Texas",unknown,104,,LabVIEW; Excel,2026-09-01T00:00:00Z,date_only,2026-09-14T15:11:13Z,https://stryker.wd1.myworkdayjobs.com/StrykerCareers/job/Flower-Mound-Texas/Quality-Engineering-Intern_R572886
workday:stryker:/job/Redmond-Washington/Mechanical-Engineering-Intern_R572728,Stryker,Mechanical Engineering Intern,Not stated,True,,Internship,,Design & CAD,"Redmond, Washington",unknown,104,,FEA; Excel,2026-09-01T00:00:00Z,date_only,2026-09-14T15:11:13Z,https://stryker.wd1.myworkdayjobs.com/StrykerCareers/job/Redmond-Washington/Mechanical-Engineering-Intern_R572728
workday:valmont:/job/Bellville-TX/Civil-Structural-Engineering-Intern_R28720,Valmont,Civil/Structural Engineering Intern,Not stated,True,,Internship,,Structures & Materials,Bellville TX,unknown,,,Excel,2026-09-01T00:00:00Z,date_only,2026-09-14T15:11:13Z,https://valmont.wd1.myworkdayjobs.com/ValmontCareers/job/Bellville-TX/Civil-Structural-Engineering-Intern_R28720
greenhouse:katalyst:6176711004,Katalyst Space Technologies,Engineering Intern (Electrical / Mechanical / GNC / Software),Not stated,True,,Internship,,Design & CAD,"Broomfield, Colorado, United States",unknown,,,GD&T; MATLAB; Simulink; Python; C++,2026-08-31T19:15:59-04:00,exact,2026-09-14T15:11:13Z,https://job-boards.greenhouse.io/katalyst/jobs/6176711004
greenhouse:lexingtonmedical:5400185008,Lexington Medical,Mechanical Engineering Intern,Summer 2027,False,,Internship,,Design & CAD,"Bedford, MA",unknown,3,,SolidWorks; Creo; AutoCAD,2026-08-31T11:13:30-04:00,exact,2026-09-14T15:11:13Z,https://job-boards.greenhouse.io/lexingtonmedical/jobs/5400185008
greenhouse:lexingtonmedical:5404584008,Lexington Medical,Manufacturing Engineering Intern,Summer 2027,False,,Internship,,Manufacturing & Process,"Bedford, MA",unknown,3,,SolidWorks; Excel,2026-08-31T11:18:35-04:00,exact,2026-09-14T15:11:13Z,https://job-boards.greenhouse.io/lexingtonmedical/jobs/5404584008
greenhouse:olsson:5395590008,Olsson,Civil Drafting Internship - Water Resources,Not stated,True,,Internship,,Design & CAD,"Lincoln, NE",unknown,2,,AutoCAD; Excel; Hydraulics,2026-08-31T17:00:00-04:00,exact,2026-09-14T15:11:13Z,https://job-boards.greenhouse.io/olsson/jobs/5395590008
greenhouse:olsson:5396012008,Olsson,Mechanical Engineering Internship - Data Center Facilities,Summer 2027,False,,Internship,,Design & CAD,"Dallas, TX; Fort Worth, TX; North Kansas City, MO; Omaha, NE; Tulsa, OK",unknown,2,,Revit; Excel,2026-08-31T17:00:00-04:00,exact,2026-09-14T15:11:13Z,https://job-boards.greenhouse.io/olsson/jobs/5396012008
greenhouse:olsson:5396073008,Olsson,Structural Engineering Internship - Federal Infrastructure,Summer 2027,False,,Internship,,Structures & Materials,"Overland Park, KS",unknown,2,,Revit; Excel,2026-08-31T17:00:00-04:00,exact,2026-09-14T15:11:13Z,https://job-boards.greenhouse.io/olsson/jobs/5396073008
greenhouse:olsson:5396095008,Olsson,Mechanical Engineering Internship - Federal Infrastructure,Summer 2027,False,,Internship,,Design & CAD,"Overland Park, KS",unknown,2,,Revit; Excel,2026-08-31T17:00:00-04:00,exact,2026-09-14T15:11:13Z,https://job-boards.greenhouse.io/olsson/jobs/5396095008
greenhouse:olsson:5396260008,Olsson,Revit Drafting Internship - Mechanical,Not stated,True,,Internship,,Design & CAD,"North Kansas City, MO; Tulsa, OK",unknown,2,,Revit; Excel,2026-08-31T17:00:00-04:00,exact,2026-09-14T15:11:13Z,https://job-boards.greenhouse.io/olsson/jobs/5396260008
greenhouse:olsson:5399464008,Olsson,Civil Drafting Internship - Water/Wastewater,Not stated,True,,Internship,,Design & CAD,"North Kansas City, MO",unknown,2,,AutoCAD; Excel,2026-08-31T17:00:00-04:00,exact,2026-09-14T15:11:13Z,https://job-boards.greenhouse.io/olsson/jobs/5399464008
greenhouse:olsson:5405868008,Olsson,Structural Engineering Internship - Bridge,Not stated,True,,Internship,,Structures & Materials,"Overland Park, KS",unknown,2,,AutoCAD; Excel,2026-08-31T16:53:54-04:00,exact,2026-09-14T15:11:13Z,https://job-boards.greenhouse.io/olsson/jobs/5405868008
greenhouse:olsson:5405889008,Olsson,Structural Engineering Internship - Bridge,Not stated,True,,Internship,,Structures & Materials,"Oklahoma City, OK",unknown,2,,AutoCAD; Excel,2026-08-31T17:01:15-04:00,exact,2026-09-14T15:11:13Z,https://job-boards.greenhouse.io/olsson/jobs/5405889008
greenhouse:olsson:5405904008,Olsson,Structural Engineering Internship - Rail Bridge,Not stated,True,,Internship,,Structures & Materials,"Omaha, NE",unknown,2,,AutoCAD; Excel,2026-08-31T17:01:31-04:00,exact,2026-09-14T15:11:13Z,https://job-boards.greenhouse.io/olsson/jobs/5405904008
greenhouse:olsson:5406080008,Olsson,Engineering Internship - Transmission and Distribution,Summer 2027,False,,Internship,,Automotive & Mobility,"Fort Worth, TX; Lincoln, NE; Omaha, NE; Overland Park, KS; Phoenix, AZ",unknown,2,,AutoCAD; Excel,2026-08-31T17:12:48-04:00,exact,2026-09-14T15:11:13Z,https://job-boards.greenhouse.io/olsson/jobs/5406080008
greenhouse:olsson:5407109008,Olsson,Mechanical Engineering Internship - Industrial Facilities,Summer 2027,False,,Internship,,Design & CAD,"Des Moines, IA; Lincoln, NE; Omaha, NE",unknown,2,,AutoCAD; Revit; Excel; Hydraulics,2026-08-31T17:05:11-04:00,exact,2026-09-14T15:11:13Z,https://job-boards.greenhouse.io/olsson/jobs/5407109008
greenhouse:olsson:5408530008,Olsson,Structural Drafting Internship - Industrial Facilities,Summer 2027,False,,Internship,,Structures & Materials,"Des Moines, IA",unknown,2,,AutoCAD; Revit; Excel,2026-08-31T17:05:45-04:00,exact,2026-09-14T15:11:13Z,https://job-boards.greenhouse.io/olsson/jobs/5408530008
greenhouse:olsson:5411068008,Olsson,Engineering Internship - Substation and Power Generation,Summer 2027,False,,Internship,,Energy & Power,"Joplin, MO",unknown,2,,AutoCAD; Revit; Excel,2026-08-31T17:14:13-04:00,exact,2026-09-14T15:11:13Z,https://job-boards.greenhouse.io/olsson/jobs/5411068008
greenhouse:olsson:5411244008,Olsson,Mechanical Engineering Internship - Substation and Power Generation,Summer 2027,False,,Internship,,Energy & Power,"Fayetteville, AR",unknown,2,,AutoCAD; Revit; Excel,2026-08-31T17:15:08-04:00,exact,2026-09-14T15:11:13Z,https://job-boards.greenhouse.io/olsson/jobs/5411244008
lever:hermeus:1bc5c858-1b04-4093-80a0-2ba3491afc60,Hermeus,Mechanical Engineering Intern  - Spring/Summer 2027,Summer 2027,False,,Internship,,Design & CAD,"Los Angeles, CA",citizens-only,,25–33 USD/hr,FEA; Hydraulics,2026-08-31T15:21:07Z,exact,2026-09-14T15:11:13Z,https://jobs.lever.co/hermeus/1bc5c858-1b04-4093-80a0-2ba3491afc60
oracle:emit.fa.ca3.oraclecloud.com:94283,WSP,Civil/Structural Engineering (Substation) Intern - Summer 2027,Summer 2027,False,,Internship,,Structures & Materials,"Billings, MT, United States; Overland Park, KS, United States; Lakewood, CO, United States",unknown,,$23.03–$29.96/hr,,2026-08-31,date_only,2026-09-14T15:11:13Z,https://emit.fa.ca3.oraclecloud.com/hcmUI/CandidateExperience/en/sites/CX_2001/job/94283
oracle:emit.fa.ca3.oraclecloud.com:94305,WSP,Mechanical Engineering Intern - Summer 2027,Summer 2027,False,,Internship,,Design & CAD,"Richmond, VA, United States",unknown,,,AutoCAD; Revit,2026-08-31,date_only,2026-09-14T15:11:13Z,https://emit.fa.ca3.oraclecloud.com/hcmUI/CandidateExperience/en/sites/CX_2001/job/94305
workday:alcon:/job/Houston-Texas/Fall---Spring-2026-2027-Co-Op---Manufacturing-Science---Technology_R-2026-47959,Alcon,Spring + Summer 2027 Co-Op - Manufacturing Science & Technology,Summer 2027,False,,Co-op,,Manufacturing & Process,"Houston, Texas",unknown,,,Excel; FMEA,2026-08-31T00:00:00Z,date_only,2026-09-14T15:11:13Z,https://alcon.wd5.myworkdayjobs.com/careers_alcon/job/Houston-Texas/Fall---Spring-2026-2027-Co-Op---Manufacturing-Science---Technology_R-2026-47959
workday:bpinternational:/job/United-States-of-America---Indiana---Whiting/Fall-Co-Op---Mechanical-Engineering---Whiting--IN_RQ115330,BP,"Fall Co-Op - Mechanical Engineering - Whiting, IN",Summer 2027,False,,Co-op,,Design & CAD,United States of America - Indiana - Whiting,unknown,,,,2026-08-31T00:00:00Z,date_only,2026-09-14T15:11:13Z,https://bpinternational.wd3.myworkdayjobs.com/bpEarlyCareers/job/United-States-of-America---Indiana---Whiting/Fall-Co-Op---Mechanical-Engineering---Whiting--IN_RQ115330
workday:bpinternational:/job/United-States-of-America---Indiana---Whiting/Summer-Internship---Chemical---Process-Engineering---Whiting--IN_RQ115216,BP,"Summer Internship - Chemical & Process Engineering - Whiting, IN",Not stated,True,,Internship,,Manufacturing & Process,United States of America - Indiana - Whiting,unknown,,,Hydraulics,2026-08-31T00:00:00Z,date_only,2026-09-14T15:11:13Z,https://bpinternational.wd3.myworkdayjobs.com/bpEarlyCareers/job/United-States-of-America---Indiana---Whiting/Summer-Internship---Chemical---Process-Engineering---Whiting--IN_RQ115216
workday:bpinternational:/job/United-States-of-America---Indiana---Whiting/Summer-Internship---Mechanical-Engineering---Sophomore--Whiting--IN_RQ115214,BP,"Summer Internship - Mechanical Engineering - Sophomore -Whiting, IN",Summer 2027,False,,Internship,,Design & CAD,United States of America - Indiana - Whiting,unknown,,,,2026-08-31T00:00:00Z,date_only,2026-09-14T15:11:13Z,https://bpinternational.wd3.myworkdayjobs.com/bpEarlyCareers/job/United-States-of-America---Indiana---Whiting/Summer-Internship---Mechanical-Engineering---Sophomore--Whiting--IN_RQ115214
workday:bpinternational:/job/United-States-of-America---Indiana---Whiting/Summer-Internship---Mechanical-Engineering---Whiting--IN_RQ115213,BP,"Summer Internship - Mechanical Engineering - Whiting, IN",Not stated,True,,Internship,,Design & CAD,United States of America - Indiana - Whiting,unknown,,,,2026-08-31T00:00:00Z,date_only,2026-09-14T15:11:13Z,https://bpinternational.wd3.myworkdayjobs.com/bpEarlyCareers/job/United-States-of-America---Indiana---Whiting/Summer-Internship---Mechanical-Engineering---Whiting--IN_RQ115213
workday:bpinternational:/job/United-States-of-America---Washington---Blaine/Summer-Intern---Chemical-Process-Engineer---Sophomore---Blaine--WA_RQ115374,BP,"Summer Intern - Chemical Process Engineer - Sophomore – Blaine, WA",Not stated,True,,Internship,,Manufacturing & Process,United States of America - Washington - Blaine,unknown,,,,2026-08-31T00:00:00Z,date_only,2026-09-14T15:11:13Z,https://bpinternational.wd3.myworkdayjobs.com/bpEarlyCareers/job/United-States-of-America---Washington---Blaine/Summer-Intern---Chemical-Process-Engineer---Sophomore---Blaine--WA_RQ115374
workday:bpinternational:/job/United-States-of-America---Washington---Blaine/Summer-Internship---Mechanical-Engineering---Cherry-Point---Blaine--WA_RQ115377,BP,"Summer Internship – Mechanical Engineering – Cherry Point - Blaine, WA",Not stated,True,,Internship,,Design & CAD,United States of America - Washington - Blaine,unknown,,,,2026-08-31T00:00:00Z,date_only,2026-09-14T15:11:13Z,https://bpinternational.wd3.myworkdayjobs.com/bpEarlyCareers/job/United-States-of-America---Washington---Blaine/Summer-Internship---Mechanical-Engineering---Cherry-Point---Blaine--WA_RQ115377
workday:brunswick:/job/Edgewater-FL/BBG-Tech-Center---Mechanical-Engineering-Intern_JR-050976-1,Brunswick,BBG Tech Center - Mechanical Engineering Intern,Summer 2027,False,,Internship,,Design & CAD,"Edgewater, FL",no-sponsorship,54,$18–$27/hr,SolidWorks; CATIA; Siemens NX,2026-08-31T00:00:00Z,date_only,2026-09-16T04:05:56Z,https://brunswick.wd1.myworkdayjobs.com/search/job/Edgewater-FL/BBG-Tech-Center---Mechanical-Engineering-Intern_JR-050976-1
workday:imeg:/job/St-Louis-MO/Structural-Engineering-Intern---St-Louis--MO_R-16601,IMEG,"Structural Engineering Intern | St. Louis, MO",Summer 2027,False,,Internship,,Structures & Materials,"St. Louis, MO",no-sponsorship,10,,AutoCAD; Excel,2026-08-31T00:00:00Z,date_only,2026-09-14T15:11:13Z,https://wd1.myworkdaysite.com/recruiting/imeg/Imeg_Careers/job/St-Louis-MO/Structural-Engineering-Intern---St-Louis--MO_R-16601
workday:michelinhr:/job/EMPORIA-KS/XMLNAME-2027-Summer-Mechanical-Engineer--Emporia--KS-_R-2026030587,Michelin,"Summer 2027 Internship: Mechanical Engineer (Emporia, KS)",Summer 2027,False,,Internship,,Design & CAD,"EMPORIA, KS",unknown,,,Excel; Additive Manufacturing; Composites; FMEA,2026-08-31T00:00:00Z,date_only,2026-09-14T15:11:13Z,https://michelinhr.wd3.myworkdayjobs.com/Michelin/job/EMPORIA-KS/XMLNAME-2027-Summer-Mechanical-Engineer--Emporia--KS-_R-2026030587
workday:michelinhr:/job/FOUNTAIN-INN-SC/Summer-2027-Internship--Process-Engineering-Intern--Fountain-Inn--SC-_R-2026030120,Michelin,"Summer 2027 Internship: Process Engineering Intern (Fountain Inn, SC)",Summer 2027,False,,Internship,,Manufacturing & Process,"FOUNTAIN INN, SC",unknown,,,Excel; Additive Manufacturing; Composites,2026-08-31T00:00:00Z,date_only,2026-09-14T15:11:13Z,https://michelinhr.wd3.myworkdayjobs.com/Michelin/job/FOUNTAIN-INN-SC/Summer-2027-Internship--Process-Engineering-Intern--Fountain-Inn--SC-_R-2026030120
workday:oshkoshcorporation:/job/Dodge-Center-Minnesota-United-States/Engineer-Intern---Mechanical--Summer-2027-_R49782,Oshkosh,Engineer Intern - Mechanical (Summer 2027),Summer 2027,False,,Internship,,Design & CAD,"Dodge Center, Minnesota, United States",unknown,2,,CATIA; PLM/PDM,2026-08-31T00:00:00Z,date_only,2026-09-14T15:11:13Z,https://oshkoshcorporation.wd5.myworkdayjobs.com/Oshkosh/job/Dodge-Center-Minnesota-United-States/Engineer-Intern---Mechanical--Summer-2027-_R49782
workday:oshkoshcorporation:/job/Garner-Iowa-United-States/Engineer-Intern---Mechanical--Summer-2027-_R49815,Oshkosh,Engineer Intern - Mechanical (Summer 2027),Summer 2027,False,,Internship,,Design & CAD,"Garner, Iowa, United States",unknown,2,,CATIA; PLM/PDM,2026-08-31T00:00:00Z,date_only,2026-09-14T15:11:13Z,https://oshkoshcorporation.wd5.myworkdayjobs.com/Oshkosh/job/Garner-Iowa-United-States/Engineer-Intern---Mechanical--Summer-2027-_R49815
workday:oshkoshcorporation:/job/Kewaunee-Wisconsin-United-States/Engineer-Intern---Manufacturing--Summer-2027-_R49737,Oshkosh,Engineer Intern - Manufacturing (Summer 2027),Summer 2027,False,,Internship,,Manufacturing & Process,"Kewaunee, Wisconsin, United States",unknown,2,,Machining; Welding; Lean,2026-08-31T00:00:00Z,date_only,2026-09-14T15:11:13Z,https://oshkoshcorporation.wd5.myworkdayjobs.com/Oshkosh/job/Kewaunee-Wisconsin-United-States/Engineer-Intern---Manufacturing--Summer-2027-_R49737
workday:stryker:/job/Cary-Illinois/Summer-2027-Internship---Mechanical-Engineering---Illinois_R572602,Stryker,Summer 2027 Internship - Mechanical Engineering - Illinois,Summer 2027,False,,Internship,,Design & CAD,"Cary, Illinois",unknown,104,,FEA; Excel,2026-08-31T00:00:00Z,date_only,2026-09-14T15:11:13Z,https://stryker.wd1.myworkdayjobs.com/StrykerCareers/job/Cary-Illinois/Summer-2027-Internship---Mechanical-Engineering---Illinois_R572602
workday:stryker:/job/Mahwah-New-Jersey/Summer-2027-Internship---Mechanical-Engineering---New-Jersey_R572605-1,Stryker,Summer 2027 Internship - Mechanical Engineering - New Jersey,Summer 2027,False,,Internship,,Design & CAD,"Mahwah, New Jersey",unknown,104,,FEA; Excel,2026-08-31T00:00:00Z,date_only,2026-09-14T15:11:13Z,https://stryker.wd1.myworkdayjobs.com/StrykerCareers/job/Mahwah-New-Jersey/Summer-2027-Internship---Mechanical-Engineering---New-Jersey_R572605-1
workday:stryker:/job/Portage-Michigan/Summer-2027-Internship---Mechanical-Engineering---Michigan_R572603,Stryker,Summer 2027 Internship - Mechanical Engineering - Michigan,Summer 2027,False,,Internship,,Design & CAD,"Portage, Michigan",unknown,104,,FEA; Excel,2026-08-31T00:00:00Z,date_only,2026-09-14T15:11:13Z,https://stryker.wd1.myworkdayjobs.com/StrykerCareers/job/Portage-Michigan/Summer-2027-Internship---Mechanical-Engineering---Michigan_R572603
workday:stryker:/job/Portage-Michigan/Summer-2027-Internship---Quality-Engineering---Michigan_R572613,Stryker,Summer 2027 Internship - Quality Engineering - Michigan,Summer 2027,False,,Internship,,Test & Quality,"Portage, Michigan",unknown,104,,LabVIEW; Excel,2026-08-31T00:00:00Z,date_only,2026-09-14T15:11:13Z,https://stryker.wd1.myworkdayjobs.com/StrykerCareers/job/Portage-Michigan/Summer-2027-Internship---Quality-Engineering---Michigan_R572613
workday:stryker:/job/Tempe-Arizona/Summer-2027-Internship---Mechanical-Engineering---Arizona_R572599,Stryker,Summer 2027 Internship - Mechanical Engineering - Arizona,Summer 2027,False,,Internship,,Design & CAD,"Tempe, Arizona",unknown,104,,FEA; Excel,2026-08-31T00:00:00Z,date_only,2026-09-14T15:11:13Z,https://stryker.wd1.myworkdayjobs.com/StrykerCareers/job/Tempe-Arizona/Summer-2027-Internship---Mechanical-Engineering---Arizona_R572599
workday:vermeer:/job/Pella-Iowa-USA---Plant-3/Quality-Engineer-Intern---Summer-2027_REQ-22137,Vermeer,Quality Engineer Intern - Summer 2027,Summer 2027,False,,Internship,,Test & Quality,"Pella, Iowa, USA - Plant 3",unknown,,,GD&T; Six Sigma; Lean; FMEA; SPC,2026-08-31T00:00:00Z,date_only,2026-09-14T15:11:13Z,https://vermeer.wd5.myworkdayjobs.com/externalcareersite/job/Pella-Iowa-USA---Plant-3/Quality-Engineer-Intern---Summer-2027_REQ-22137
workday:vermeer:/job/Pella-Iowa-USA---Shop-48/Test-Engineering-Internship-Summer-2027_REQ-22120,Vermeer,Test Engineering Internship Summer 2027,Summer 2027,False,,Internship,,Test & Quality,"Pella, Iowa, USA - Shop 48",unknown,,,,2026-08-31T00:00:00Z,date_only,2026-09-14T15:11:13Z,https://vermeer.wd5.myworkdayjobs.com/externalcareersite/job/Pella-Iowa-USA---Shop-48/Test-Engineering-Internship-Summer-2027_REQ-22120
workday:vermeer:/job/Pella-Iowa-USA---The-Center/Advanced-Manufacturing-Intern---Summer-2027_REQ-22140,Vermeer,Advanced Manufacturing Intern - Summer 2027,Summer 2027,False,,Internship,,Manufacturing & Process,"Pella, Iowa, USA - The Center",unknown,,,Welding,2026-08-31T00:00:00Z,date_only,2026-09-14T15:11:13Z,https://vermeer.wd5.myworkdayjobs.com/externalcareersite/job/Pella-Iowa-USA---The-Center/Advanced-Manufacturing-Intern---Summer-2027_REQ-22140
workday:vermeer:/job/Pella-Iowa-USA---The-Center/Design-Engineer-Intern---Summer-2027_REQ-22139,Vermeer,Design Engineer Intern - Summer 2027,Summer 2027,False,,Internship,,Design & CAD,"Pella, Iowa, USA - The Center",unknown,,,SolidWorks; FEA; Machining; Hydraulics,2026-08-31T00:00:00Z,date_only,2026-09-14T15:11:13Z,https://vermeer.wd5.myworkdayjobs.com/externalcareersite/job/Pella-Iowa-USA---The-Center/Design-Engineer-Intern---Summer-2027_REQ-22139
workday:vermeer:/job/Pella-Iowa-USA---The-Center/Manufacturing-Engineer-Intern---Summer-2027_REQ-22141,Vermeer,Manufacturing Engineer Intern - Summer 2027,Summer 2027,False,,Internship,,Manufacturing & Process,"Pella, Iowa, USA - The Center",unknown,,,Machining; Welding; Hydraulics; Lean; Teamcenter; Windchill; PLM/PDM,2026-08-31T00:00:00Z,date_only,2026-09-14T15:11:13Z,https://vermeer.wd5.myworkdayjobs.com/externalcareersite/job/Pella-Iowa-USA---The-Center/Manufacturing-Engineer-Intern---Summer-2027_REQ-22141
ashby:northwoodspace:6081eebf-7021-4a3f-a34f-78c91c94fcd3,Northwood Space,Mechanical Engineering Intern (2027 Summer Internship),Summer 2027,False,,Internship,,Design & CAD,"Torrance, CA",citizens-only,,$36 per hour,SolidWorks; Siemens NX; ANSYS,2026-08-29T00:58:59.904+00:00,exact,2026-09-14T15:11:13Z,https://jobs.ashbyhq.com/northwoodspace/6081eebf-7021-4a3f-a34f-78c91c94fcd3
greenhouse:rebuildmanufacturing:4728423005,Re:Build Manufacturing,Process & Mechanical Engineer Co-op/Intern,Not stated,True,,Internship / Co-op,,Design & CAD,"Rochester, NY",unknown,,,SolidWorks; AutoCAD; Six Sigma,2026-08-28T08:17:30-04:00,exact,2026-09-14T15:11:13Z,https://job-boards.greenhouse.io/rebuildmanufacturing/jobs/4728423005
oracle:ejta.fa.us6.oraclecloud.com:10562,Fortive,Test Engineer Co-Op,Fall 2026,False,,Co-op,,Test & Quality,"Everett, WA, United States",unknown,2,,,2026-08-28,date_only,2026-09-14T15:11:13Z,https://ejta.fa.us6.oraclecloud.com/hcmUI/CandidateExperience/en/sites/CX_2001/job/10562
oracle:emit.fa.ca3.oraclecloud.com:94185,WSP,Overhead Transmission Line Design Engineering Intern  - Summer 2027,Summer 2027,False,,Internship,,Automotive & Mobility,"Phoenix, AZ, United States",unknown,,,SolidWorks; AutoCAD,2026-08-28,date_only,2026-09-14T15:11:13Z,https://emit.fa.ca3.oraclecloud.com/hcmUI/CandidateExperience/en/sites/CX_2001/job/94185
smartrecruiters:BoschGroup:744000146253614,Bosch,Vehicle Motion Intern,Not stated,True,,Internship,,Automotive & Mobility,"Plymouth, MI, United States",unknown,188,,,2026-08-28T19:46:58.462Z,exact,2026-09-14T15:11:13Z,https://jobs.smartrecruiters.com/BoschGroup/744000146253614
workday:hcmportal:/job/US---UPSCO-GLOBAL-OPERATIONS-CENTER-KYLOA/Summer-2027-Industrial-Engineering-Co-Op_R26030116-1,United Parcel Service (UPS),Summer 2027 Industrial Engineering Co-Op,Summer 2027,False,,Co-op,,Manufacturing & Process,US - UPSCO GLOBAL OPERATIONS CENTER (KYLOA),citizens-only,,,Excel,2026-08-28T00:00:00Z,date_only,2026-09-14T15:11:13Z,https://hcmportal.wd5.myworkdayjobs.com/Search/job/US---UPSCO-GLOBAL-OPERATIONS-CENTER-KYLOA/Summer-2027-Industrial-Engineering-Co-Op_R26030116-1
workday:hntb:/job/Kansas-City-MO/Returning-Structural-Engineer-I---Winter-Summer-2027---Central-States-Office--For-Current-Former-HNTB-Interns-Only-_R-31333-2,HNTB,Returning Structural Engineer I - Winter/Summer 2027 - Central States Office (For Current/Former HNTB Interns Only),Summer 2027,False,,Internship,,Structures & Materials,"Kansas City, MO",no-sponsorship,30,,Revit,2026-08-28T00:00:00Z,date_only,2026-09-14T15:11:13Z,https://hntb.wd5.myworkdayjobs.com/hntb_careers/job/Kansas-City-MO/Returning-Structural-Engineer-I---Winter-Summer-2027---Central-States-Office--For-Current-Former-HNTB-Interns-Only-_R-31333-2
workday:nidec:/job/North-AmericaUSAMissouriSt-Louis---WPE-MO/Quality-Engineer-Co-op_R0017397,Nidec,Quality Engineer Co-op,Not stated,True,,Co-op,,Test & Quality,"North America/USA/Missouri/St. Louis - WPE, MO",unknown,,,Six Sigma,2026-08-28T00:00:00Z,date_only,2026-09-14T15:11:13Z,https://nidec.wd1.myworkdayjobs.com/nidec/job/North-AmericaUSAMissouriSt-Louis---WPE-MO/Quality-Engineer-Co-op_R0017397
lever:shieldai:c41c41a2-83d8-41a0-8a3b-ff8b84dc1c8a,Shield AI,Summer 2027 - Advanced Manufacturing Engineering Intern,Summer 2027,False,,Internship,,Manufacturing & Process,"Dallas, Texas",unknown,2,34–54 USD/hr,Excel,2026-08-27T23:18:32Z,exact,2026-09-14T15:11:13Z,https://jobs.lever.co/shieldai/c41c41a2-83d8-41a0-8a3b-ff8b84dc1c8a
oracle:emit.fa.ca3.oraclecloud.com:94100,WSP,Transmission Engineering Intern - Summer 2027,Summer 2027,False,,Internship,,Automotive & Mobility,"Fort Mill, SC, United States",unknown,,,,2026-08-27,date_only,2026-09-14T15:11:13Z,https://emit.fa.ca3.oraclecloud.com/hcmUI/CandidateExperience/en/sites/CX_2001/job/94100
workday:abb:/job/USA-NJ-Hackettstown/Manufacturing-Engineering-Intern---Summer-2027_JR00044977,ABB,Manufacturing Engineering Intern - Summer 2027,Summer 2027,False,,Internship,,Manufacturing & Process,"USA, NJ, Hackettstown",no-sponsorship,69,$20–$34/hr,,2026-08-27T00:00:00Z,date_only,2026-09-14T15:11:13Z,https://abb.wd3.myworkdayjobs.com/external_career_page/job/USA-NJ-Hackettstown/Manufacturing-Engineering-Intern---Summer-2027_JR00044977
workday:airproducts:/job/Allentown-Pennsylvania/Summer-Intern-Co-op-Mechanical-Engineering--2027-_JR-2026-21956,Air Products,Summer Intern/Co-op-Mechanical Engineering (2027),Summer 2027,False,,Internship / Co-op,,Design & CAD,"Allentown, Pennsylvania",unknown,,,,2026-08-27T00:00:00Z,date_only,2026-09-14T15:11:13Z,https://airproducts.wd5.myworkdayjobs.com/AP0001/job/Allentown-Pennsylvania/Summer-Intern-Co-op-Mechanical-Engineering--2027-_JR-2026-21956
workday:brunswick:/job/Fond-du-Lac-WI/Mercury-Marine--Mechanical-Engineering-Intern_JR-051390,Brunswick,Mercury Marine: Mechanical Engineering Intern,Summer 2027,False,,Internship,,Design & CAD,"Fond du Lac, WI",unknown,54,$18–$27.5/hr,Creo; Excel,2026-08-27T00:00:00Z,date_only,2026-09-16T04:05:56Z,https://brunswick.wd1.myworkdayjobs.com/search/job/Fond-du-Lac-WI/Mercury-Marine--Mechanical-Engineering-Intern_JR-051390
workday:brunswick:/job/New-York-Mills-MN/Manufacturing-Engineering-Intern_JR-051341-1,Brunswick,Manufacturing Engineering Intern,Summer 2027,False,,Internship,,Manufacturing & Process,"New York Mills, MN",no-sponsorship,54,$18–$27/hr,SolidWorks; AutoCAD; Excel; Welding,2026-08-27T00:00:00Z,date_only,2026-09-16T04:05:56Z,https://brunswick.wd1.myworkdayjobs.com/search/job/New-York-Mills-MN/Manufacturing-Engineering-Intern_JR-051341-1
workday:daikinapplied:/job/Plymouth-MN-55441/HVAC-Test-Technician-Intern_R003120-1,Daikin Applied,HVAC Test Technician Intern,Not stated,True,,Internship,,Thermal & Fluids,"Plymouth, MN 55441",no-sponsorship,,,,2026-08-27T00:00:00Z,date_only,2026-09-14T15:30:29Z,https://daikinapplied.wd1.myworkdayjobs.com/Daikin-Careers/job/Plymouth-MN-55441/HVAC-Test-Technician-Intern_R003120-1
workday:globalfoundries:/job/USA---Vermont---Essex-Junction/Advanced-Manufacturing-Process-Engineering-Intern--Junior--Summer-2027-_JR-2604658,GlobalFoundries,"Advanced Manufacturing Process Engineering Intern, Junior (Summer 2027)",Summer 2027,False,,Internship,,Manufacturing & Process,USA - Vermont - Essex Junction,unknown,,$20–$40/hr,SPC; Design of Experiments,2026-08-27T00:00:00Z,date_only,2026-09-14T15:30:29Z,https://globalfoundries.wd1.myworkdayjobs.com/External/job/USA---Vermont---Essex-Junction/Advanced-Manufacturing-Process-Engineering-Intern--Junior--Summer-2027-_JR-2604658
workday:globalfoundries:/job/USA---Vermont---Essex-Junction/Advanced-Manufacturing-Process-Engineering-Intern--Junior--Summer-2027-_JR-2604661,GlobalFoundries,"Advanced Manufacturing Process Engineering Intern, Junior (Summer 2027)",Summer 2027,False,,Internship,,Manufacturing & Process,USA - Vermont - Essex Junction,unknown,,$20–$40/hr,SPC; Design of Experiments,2026-08-27T00:00:00Z,date_only,2026-09-14T15:30:29Z,https://globalfoundries.wd1.myworkdayjobs.com/External/job/USA---Vermont---Essex-Junction/Advanced-Manufacturing-Process-Engineering-Intern--Junior--Summer-2027-_JR-2604661
workday:globalfoundries:/job/USA---Vermont---Essex-Junction/Advanced-Manufacturing-Process-Engineering-Intern--Sophomore--Summer-2027-_JR-2604639,GlobalFoundries,"Advanced Manufacturing Process Engineering Intern, Sophomore (Summer 2027)",Summer 2027,False,,Internship,,Manufacturing & Process,USA - Vermont - Essex Junction,unknown,,$20–$40/hr,SPC; Design of Experiments,2026-08-27T00:00:00Z,date_only,2026-09-14T15:30:29Z,https://globalfoundries.wd1.myworkdayjobs.com/External/job/USA---Vermont---Essex-Junction/Advanced-Manufacturing-Process-Engineering-Intern--Sophomore--Summer-2027-_JR-2604639
workday:globalfoundries:/job/USA---Vermont---Essex-Junction/Advanced-Manufacturing-Process-Engineering-Intern--Sophomore--Summer-2027-_JR-2604665,GlobalFoundries,"Advanced Manufacturing Process Engineering Intern, Sophomore (Summer 2027)",Summer 2027,False,,Internship,,Manufacturing & Process,USA - Vermont - Essex Junction,unknown,,$20–$40/hr,SPC; Design of Experiments,2026-08-27T00:00:00Z,date_only,2026-09-14T15:30:29Z,https://globalfoundries.wd1.myworkdayjobs.com/External/job/USA---Vermont---Essex-Junction/Advanced-Manufacturing-Process-Engineering-Intern--Sophomore--Summer-2027-_JR-2604665
workday:globalfoundries:/job/USA---Vermont---Essex-Junction/US-Advanced-Manufacturing-Equipment-Engineering-Intern--Junior--Summer-2027-_JR-2604663,GlobalFoundries,"US Advanced Manufacturing Equipment Engineering Intern, Junior (Summer 2027)",Summer 2027,False,,Internship,,Manufacturing & Process,USA - Vermont - Essex Junction,unknown,,$20–$40/hr,SPC; Design of Experiments,2026-08-27T00:00:00Z,date_only,2026-09-14T15:30:29Z,https://globalfoundries.wd1.myworkdayjobs.com/External/job/USA---Vermont---Essex-Junction/US-Advanced-Manufacturing-Equipment-Engineering-Intern--Junior--Summer-2027-_JR-2604663
workday:globalfoundries:/job/USA---Vermont---Essex-Junction/US-Advanced-Manufacturing-Equipment-Engineering-Intern--Sophomore--Summer-2027-_JR-2604643,GlobalFoundries,"US Advanced Manufacturing Equipment Engineering Intern, Sophomore (Summer 2027)",Summer 2027,False,,Internship,,Manufacturing & Process,USA - Vermont - Essex Junction,unknown,,$20–$40/hr,SPC; Design of Experiments,2026-08-27T00:00:00Z,date_only,2026-09-14T15:30:29Z,https://globalfoundries.wd1.myworkdayjobs.com/External/job/USA---Vermont---Essex-Junction/US-Advanced-Manufacturing-Equipment-Engineering-Intern--Sophomore--Summer-2027-_JR-2604643
workday:globalfoundries:/job/USA---Vermont---Essex-Junction/US-Advanced-Manufacturing-Equipment-Engineering-Intern--Sophomore--Summer-2027-_JR-2604646,GlobalFoundries,"US Advanced Manufacturing Equipment Engineering Intern, Sophomore (Summer 2027)",Summer 2027,False,,Internship,,Manufacturing & Process,USA - Vermont - Essex Junction,unknown,,$20–$40/hr,SPC; Design of Experiments,2026-08-27T00:00:00Z,date_only,2026-09-14T15:30:29Z,https://globalfoundries.wd1.myworkdayjobs.com/External/job/USA---Vermont---Essex-Junction/US-Advanced-Manufacturing-Equipment-Engineering-Intern--Sophomore--Summer-2027-_JR-2604646
workday:globalfoundries:/job/USA---Vermont---Essex-Junction/US-Advanced-Manufacturing-Equipment-Engineering-Intern--Sophomore--Summer-2027-_JR-2604648,GlobalFoundries,"US Advanced Manufacturing Equipment Engineering Intern, Sophomore (Summer 2027)",Summer 2027,False,,Internship,,Manufacturing & Process,USA - Vermont - Essex Junction,unknown,,$20–$40/hr,SPC; Design of Experiments,2026-08-27T00:00:00Z,date_only,2026-09-14T15:30:29Z,https://globalfoundries.wd1.myworkdayjobs.com/External/job/USA---Vermont---Essex-Junction/US-Advanced-Manufacturing-Equipment-Engineering-Intern--Sophomore--Summer-2027-_JR-2604648
workday:hntb:/job/Oakland-CA/WED---2027-New-Grad-Mechanical---Fire-Protection-Engineer-I---For-Current---Recent-HNTB-Interns-Only-_R-31165-1,HNTB,WED - 2027 New Grad Mechanical & Fire Protection Engineer I  (For Current & Recent HNTB Interns Only),Summer 2027,False,,Internship,,Design & CAD,"Oakland, CA",no-sponsorship,30,,,2026-08-27T00:00:00Z,date_only,2026-09-14T15:11:13Z,https://hntb.wd5.myworkdayjobs.com/hntb_careers/job/Oakland-CA/WED---2027-New-Grad-Mechanical---Fire-Protection-Engineer-I---For-Current---Recent-HNTB-Interns-Only-_R-31165-1
workday:imeg:/job/Ann-Arbor-MI/Mechanical-Engineering-Intern---Ann-Arbor--MI_R-16674,IMEG,"Mechanical Engineering Intern | Ann Arbor, MI",Summer 2027,False,,Internship,,Design & CAD,"Ann Arbor, MI",no-sponsorship,10,,AutoCAD; Excel,2026-08-27T00:00:00Z,date_only,2026-09-14T15:11:13Z,https://wd1.myworkdaysite.com/recruiting/imeg/Imeg_Careers/job/Ann-Arbor-MI/Mechanical-Engineering-Intern---Ann-Arbor--MI_R-16674
workday:imeg:/job/Madison-WI/Structural-Engineering-Intern---Madison--WI_R-16599,IMEG,"Structural Engineering Intern | Madison, WI",Summer 2027,False,,Internship,,Structures & Materials,"Madison, WI",no-sponsorship,10,,AutoCAD; Excel,2026-08-27T00:00:00Z,date_only,2026-09-14T15:11:13Z,https://wd1.myworkdaysite.com/recruiting/imeg/Imeg_Careers/job/Madison-WI/Structural-Engineering-Intern---Madison--WI_R-16599
workday:imeg:/job/Pensacola-FL/Structural-Engineering-Intern---Pensacola--FL_R-16600,IMEG,"Structural Engineering Intern | Pensacola, FL",Summer 2027,False,,Internship,,Structures & Materials,"Pensacola, FL",no-sponsorship,10,,AutoCAD; Excel,2026-08-27T00:00:00Z,date_only,2026-09-14T15:11:13Z,https://wd1.myworkdaysite.com/recruiting/imeg/Imeg_Careers/job/Pensacola-FL/Structural-Engineering-Intern---Pensacola--FL_R-16600
workday:imeg:/job/Washington-DC/Structural-Intern---Fairfax--VA_R-16618,IMEG,"Structural Engineering Intern | Fairfax, VA",Summer 2027,False,,Internship,,Structures & Materials,"Washington, DC",no-sponsorship,10,$22.5–$24.5/hr,AutoCAD; Excel,2026-08-27T00:00:00Z,date_only,2026-09-14T15:11:13Z,https://wd1.myworkdaysite.com/recruiting/imeg/Imeg_Careers/job/Washington-DC/Structural-Intern---Fairfax--VA_R-16618
workday:scottsmiraclegro:/job/Marysville-OH/EHS-Manufacturing-Intern_R26379-1,Scotts Miracle-Gro,EHS Manufacturing Intern,Not stated,True,,Internship,,Manufacturing & Process,"Marysville, OH",unknown,,$19–$24/hr,,2026-08-27T00:00:00Z,date_only,2026-09-14T15:11:13Z,https://scottsmiraclegro.wd5.myworkdayjobs.com/smgexternal/job/Marysville-OH/EHS-Manufacturing-Intern_R26379-1
greenhouse:axon:7978840003,Axon,2027 US Mechanical Engineering Internship,Summer 2027,False,,Internship,,Design & CAD,"Arizona, USA",unknown,,,SolidWorks; Creo; Additive Manufacturing,2026-08-26T18:45:42-04:00,exact,2026-09-22T23:00:28Z,https://job-boards.greenhouse.io/axon/jobs/7978840003
oracle:emit.fa.ca3.oraclecloud.com:93910,WSP,Civil/Structural Engineering (OH T-Lines) Intern - Summer 2027,Summer 2027,False,,Internship,,Structures & Materials,"Fort Worth, TX, United States; Baton Rouge, LA, United States",unknown,,,,2026-08-26,date_only,2026-09-14T15:11:13Z,https://emit.fa.ca3.oraclecloud.com/hcmUI/CandidateExperience/en/sites/CX_2001/job/93910
smartrecruiters:AECOM2:744000145646439,AECOM,Structural Engineering Intern,Summer 2027,False,,Internship,,Structures & Materials,"Roanoke, VA, United States (Hybrid)",unknown,,,AutoCAD; Excel,2026-08-26T02:16:50.938Z,exact,2026-09-14T15:11:13Z,https://jobs.smartrecruiters.com/AECOM2/744000145646439
smartrecruiters:AECOM2:744000145837999,AECOM,Structural Engineering Intern - Bridge & Transportation Structures,Summer 2027,False,,Internship,,Structures & Materials,"Arlington, VA, United States (Hybrid)",unknown,,,AutoCAD; Excel,2026-08-26T21:14:22.665Z,exact,2026-09-14T15:11:13Z,https://jobs.smartrecruiters.com/AECOM2/744000145837999
workday:brunswick:/job/Fond-du-Lac-WI/Mercury-Marine---Foundry-Engineering-Co-op_JR-050979,Brunswick,Mercury Marine - Foundry Engineering Co-op,Not stated,True,,Co-op,,Manufacturing & Process,"Fond du Lac, WI",unknown,54,$18–$27.5/hr,Casting; SolidWorks; Creo; AutoCAD; Excel; Additive Manufacturing; Six Sigma; Lean,2026-08-26T00:00:00Z,date_only,2026-09-16T04:05:56Z,https://brunswick.wd1.myworkdayjobs.com/search/job/Fond-du-Lac-WI/Mercury-Marine---Foundry-Engineering-Co-op_JR-050979
workday:brunswick:/job/Fond-du-Lac-WI/Mercury-Marine--Materials-Engineering-Co-op_JR-051138,Brunswick,Mercury Marine: Materials Engineering Co-op,Not stated,True,,Co-op,,Structures & Materials,"Fond du Lac, WI",unknown,54,$18–$27.5/hr,Casting,2026-08-26T00:00:00Z,date_only,2026-09-16T04:05:56Z,https://brunswick.wd1.myworkdayjobs.com/search/job/Fond-du-Lac-WI/Mercury-Marine--Materials-Engineering-Co-op_JR-051138
workday:brunswick:/job/Menomonee-Falls-WI/Mechanical-Engineering-Intern_JR-051231,Brunswick,Mechanical Engineering Intern,Not stated,True,,Internship,,Design & CAD,"Menomonee Falls, WI",unknown,54,$18–$27/hr,SolidWorks; Creo; Machining,2026-08-26T00:00:00Z,date_only,2026-09-16T04:05:56Z,https://brunswick.wd1.myworkdayjobs.com/search/job/Menomonee-Falls-WI/Mechanical-Engineering-Intern_JR-051231
workday:chamberlain:/job/Malvern-AR/Manufacturing-Process-Documentation-Intern--Summer-2027-_JR31463,Chamberlain Group,Manufacturing Process Documentation Intern (Summer 2027),Summer 2027,False,,Internship,,Manufacturing & Process,"Malvern, AR",unknown,33,,Excel,2026-08-26T00:00:00Z,date_only,2026-09-14T15:11:13Z,https://chamberlain.wd1.myworkdayjobs.com/Chamberlain_Group/job/Malvern-AR/Manufacturing-Process-Documentation-Intern--Summer-2027-_JR31463
workday:imeg:/job/Columbus-OH/Mechanical-Engineering-Intern---Columbus--OH_R-16523,IMEG,"Mechanical Engineering Intern | Columbus, OH",Summer 2027,False,,Internship,,Design & CAD,"Columbus, OH",no-sponsorship,10,$22/hr,AutoCAD; Excel,2026-08-26T00:00:00Z,date_only,2026-09-14T15:11:13Z,https://wd1.myworkdaysite.com/recruiting/imeg/Imeg_Careers/job/Columbus-OH/Mechanical-Engineering-Intern---Columbus--OH_R-16523
workday:imeg:/job/St-Louis-MO/Mechanical-Engineering-Intern_R-16487,IMEG,"Mechanical Engineering Intern | St. Louis, MO",Summer 2027,False,,Internship,,Design & CAD,"St. Louis, MO",no-sponsorship,10,,AutoCAD; Excel,2026-08-26T00:00:00Z,date_only,2026-09-14T15:11:13Z,https://wd1.myworkdaysite.com/recruiting/imeg/Imeg_Careers/job/St-Louis-MO/Mechanical-Engineering-Intern_R-16487
greenhouse:metoxinternationalinc:5405775008,MetOx International,Mechanical Engineering Co-Op/Intern (Spring/Summer 2027),Summer 2027,False,,Internship / Co-op,,Design & CAD,"Houston, TX",unknown,,,SolidWorks; FEA; CFD,2026-08-25T14:58:09-04:00,exact,2026-09-21T18:02:29Z,https://job-boards.greenhouse.io/metoxinternationalinc/jobs/5405775008
oracle:ibqbjb.fa.ocs.oraclecloud.com:155541,Honeywell,Materials Engineering/Materials Science - Summer 2027 Intern,Summer 2027,False,,Internship,,Structures & Materials,United States,unknown,,$24/hr,,2026-08-25,date_only,2026-09-14T15:11:13Z,https://ibqbjb.fa.ocs.oraclecloud.com/hcmUI/CandidateExperience/en/sites/CX_1/job/155541
oracle:ibqbjb.fa.ocs.oraclecloud.com:155543,Honeywell,Materials Engineering/Materials Science - Summer 2027 Intern (US Person Required),Summer 2027,False,,Internship,,Structures & Materials,United States,citizens-only,,$24/hr,,2026-08-25,date_only,2026-09-14T15:11:13Z,https://ibqbjb.fa.ocs.oraclecloud.com/hcmUI/CandidateExperience/en/sites/CX_1/job/155543
oracle:ibqbjb.fa.ocs.oraclecloud.com:155574,Honeywell,Mechanical Engineering - Summer 2027 Intern (US Person Required),Summer 2027,False,,Internship,,Design & CAD,United States,citizens-only,,$24/hr,,2026-08-25,date_only,2026-09-14T15:11:13Z,https://ibqbjb.fa.ocs.oraclecloud.com/hcmUI/CandidateExperience/en/sites/CX_1/job/155574
oracle:ibqbjb.fa.ocs.oraclecloud.com:155576,Honeywell,Mechanical Engineering - Summer 2027 Intern,Summer 2027,False,,Internship,,Design & CAD,United States,unknown,,$24/hr,,2026-08-25,date_only,2026-09-14T15:11:13Z,https://ibqbjb.fa.ocs.oraclecloud.com/hcmUI/CandidateExperience/en/sites/CX_1/job/155576
oracle:ibqbjb.fa.ocs.oraclecloud.com:155583,Honeywell,Manufacturing & Industrial Engineering - Summer 2027 Intern (US Person Required),Summer 2027,False,,Internship,,Manufacturing & Process,United States,citizens-only,,$24/hr,Six Sigma; Lean,2026-08-25,date_only,2026-09-14T15:11:13Z,https://ibqbjb.fa.ocs.oraclecloud.com/hcmUI/CandidateExperience/en/sites/CX_1/job/155583
oracle:ibqbjb.fa.ocs.oraclecloud.com:155584,Honeywell,Manufacturing & Industrial Engineering - Summer 2027 Intern,Summer 2027,False,,Internship,,Manufacturing & Process,United States,unknown,,$24/hr,Six Sigma; Lean,2026-08-25,date_only,2026-09-14T15:11:13Z,https://ibqbjb.fa.ocs.oraclecloud.com/hcmUI/CandidateExperience/en/sites/CX_1/job/155584
workday:brunswick:/job/Fond-du-Lac-WI/Mercury-Marine--Advanced-Manufacturing-Operations-Analytics-Engineering-Co-op_JR-051238,Brunswick,Mercury Marine: Advanced Manufacturing/Operations Analytics Engineering Co-op,Summer 2027,False,,Co-op,,Manufacturing & Process,"Fond du Lac, WI",unknown,54,$18–$27.5/hr,PLC; Additive Manufacturing; Six Sigma; Lean,2026-08-25T00:00:00Z,date_only,2026-09-16T04:05:56Z,https://brunswick.wd1.myworkdayjobs.com/search/job/Fond-du-Lac-WI/Mercury-Marine--Advanced-Manufacturing-Operations-Analytics-Engineering-Co-op_JR-051238
workday:brunswick:/job/Oshkosh-WI/Mercury-Marine--Drives---Propulsion-Systems-Engineering-Intern_JR-051237,Brunswick,Mercury Marine: Drives & Propulsion Systems Engineering Intern,Summer 2027,False,,Internship,,Aerospace & Defense,"Oshkosh, WI",no-sponsorship,54,$18–$27.5/hr,FEA; CFD; MATLAB; Python,2026-08-25T00:00:00Z,date_only,2026-09-16T04:05:56Z,https://brunswick.wd1.myworkdayjobs.com/search/job/Oshkosh-WI/Mercury-Marine--Drives---Propulsion-Systems-Engineering-Intern_JR-051237
workday:imeg:/job/New-York-NY/Mechanical-Engineering-Intern---New-York--NY_R-16661,IMEG,"Mechanical Engineering Intern | New York, NY",Summer 2027,False,,Internship,,Design & CAD,"New York, NY",no-sponsorship,10,$22–$24/hr,AutoCAD; Excel,2026-08-25T00:00:00Z,date_only,2026-09-14T15:11:13Z,https://wd1.myworkdaysite.com/recruiting/imeg/Imeg_Careers/job/New-York-NY/Mechanical-Engineering-Intern---New-York--NY_R-16661
greenhouse:morsecorpcoop:7968311003,Meridian Partners,Mechanical Engineer Co-op,Not stated,True,,Co-op,,Design & CAD,"Cambridge, MA",citizens-only,,,SolidWorks; CNC; Machining; Additive Manufacturing,2026-08-24T22:29:42-04:00,exact,2026-09-14T15:11:13Z,https://job-boards.greenhouse.io/morsecorpcoop/jobs/7968311003
greenhouse:morsecorpcoop:7968522003,Meridian Partners,Aerospace Algorithms Engineer Graduate Co-op,Not stated,True,,Co-op,,Aerospace & Defense,"Cambridge, MA, Arlington, VA, Seattle, WA",citizens-only,,,Python,2026-08-24T23:01:16-04:00,exact,2026-09-14T15:11:13Z,https://job-boards.greenhouse.io/morsecorpcoop/jobs/7968522003
workday:imeg:/job/King-of-Prussia-PA/Structural-Engineering-Intern---King-of-Prussia--PA_R-16663,IMEG,"Structural Engineering Intern | King of Prussia, PA",Summer 2027,False,,Internship,,Structures & Materials,"King of Prussia, PA",no-sponsorship,10,,AutoCAD; Excel,2026-08-24T00:00:00Z,date_only,2026-09-14T15:11:13Z,https://wd1.myworkdaysite.com/recruiting/imeg/Imeg_Careers/job/King-of-Prussia-PA/Structural-Engineering-Intern---King-of-Prussia--PA_R-16663
workday:wattswater:/job/St-Pauls-NC/Manufacturing-Engineer-Intern-Summer-2027_10017388,Watts Water,Manufacturing Engineer Intern Summer 2027,Summer 2027,False,,Internship,,Manufacturing & Process,"St Pauls, NC",unknown,,,Lean,2026-08-24T00:00:00Z,date_only,2026-09-14T15:11:13Z,https://wattswater.wd5.myworkdayjobs.com/Intern-External/job/St-Pauls-NC/Manufacturing-Engineer-Intern-Summer-2027_10017388
greenhouse:cssmerge:8695490002,Atoms,Mechanical Design Engineering Intern‬,Not stated,True,,Internship,,Design & CAD,"Pittsburgh, PA",unknown,,$25–$35/hr,,2026-08-21T17:41:33-04:00,exact,2026-09-14T15:11:13Z,https://job-boards.greenhouse.io/cssmerge/jobs/8695490002
oracle:emit.fa.ca3.oraclecloud.com:93367,WSP,Overhead Transmission Line Design Engineering Intern - Spring/Summer 2027,Summer 2027,False,,Internship,,Automotive & Mobility,"Saint Louis, MO, United States",unknown,,,SolidWorks; AutoCAD,2026-08-21,date_only,2026-09-14T15:11:13Z,https://emit.fa.ca3.oraclecloud.com/hcmUI/CandidateExperience/en/sites/CX_2001/job/93367
oracle:emit.fa.ca3.oraclecloud.com:93368,WSP,Overhead Transmission Line Design Engineering Intern - Summer/Fall 2027,Summer 2027,False,,Internship,,Automotive & Mobility,"Saint Louis, MO, United States",unknown,,,SolidWorks; AutoCAD,2026-08-21,date_only,2026-09-14T15:11:13Z,https://emit.fa.ca3.oraclecloud.com/hcmUI/CandidateExperience/en/sites/CX_2001/job/93368
workday:elanco:/job/Clinton-IN/Manufacturing-Scientist-Quality-Control-Chemist-Intern---Clinton--Indiana--Summer-2027-_R0026870,Elanco,"Manufacturing Scientist/Quality Control Chemist Intern – Clinton, Indiana (Summer 2027)",Summer 2027,False,,Internship,,Manufacturing & Process,"Clinton, IN",unknown,,$20–$40/hr,,2026-08-21T00:00:00Z,date_only,2026-09-14T15:11:13Z,https://elanco.wd5.myworkdayjobs.com/External_Career/job/Clinton-IN/Manufacturing-Scientist-Quality-Control-Chemist-Intern---Clinton--Indiana--Summer-2027-_R0026870
workday:elanco:/job/Indianapolis-IN/Manufacturing-Scientist-Technical-Services-Intern---Elanco-Technology-Center--Summer-2027-_R0026897,Elanco,Manufacturing Scientist/Technical Services Intern – Elanco Technology Center (Summer 2027),Summer 2027,False,,Internship,,Manufacturing & Process,"Indianapolis, IN",unknown,,$20–$40/hr,,2026-08-21T00:00:00Z,date_only,2026-09-14T15:11:13Z,https://elanco.wd5.myworkdayjobs.com/External_Career/job/Indianapolis-IN/Manufacturing-Scientist-Technical-Services-Intern---Elanco-Technology-Center--Summer-2027-_R0026897
greenhouse:generalmatter:5376060008,General Matter,Summer 2027 Internship - Manufacturing Engineering,Summer 2027,False,,Internship,,Manufacturing & Process,"Los Angeles, CA",unknown,,$30–$40/hr,GD&T,2026-08-20T21:06:46-04:00,exact,2026-09-14T15:11:13Z,https://job-boards.greenhouse.io/generalmatter/jobs/5376060008
oracle:emit.fa.ca3.oraclecloud.com:93468,WSP,Mechanical Engineering (Substation) Intern - Summer 2027,Summer 2027,False,,Internship,,Design & CAD,"Billings, MT, United States",unknown,,,SolidWorks; AutoCAD; Excel,2026-08-20,date_only,2026-09-14T15:11:13Z,https://emit.fa.ca3.oraclecloud.com/hcmUI/CandidateExperience/en/sites/CX_2001/job/93468
workday:elanco:/job/Elwood-KS/Manufacturing-Associate-Intern---Elwood--Kansas--Summer-2027-_R0026899,Elanco,"Manufacturing Associate Intern – Elwood, Kansas (Summer 2027)",Summer 2027,False,,Internship,,Manufacturing & Process,"Elwood, KS",unknown,,$20–$40/hr,,2026-08-20T00:00:00Z,date_only,2026-09-14T15:11:13Z,https://elanco.wd5.myworkdayjobs.com/External_Career/job/Elwood-KS/Manufacturing-Associate-Intern---Elwood--Kansas--Summer-2027-_R0026899
workday:imeg:/job/Denver-Metro-CO/Mechanical-Engineering-Intern---Greenwood-Village--CO_R-16570-1,IMEG,"Mechanical Engineering Intern | Greenwood Village, CO",Summer 2027,False,,Internship,,Design & CAD,"Denver Metro, CO",no-sponsorship,10,$22–$24/hr,AutoCAD; Excel,2026-08-20T00:00:00Z,date_only,2026-09-14T15:11:13Z,https://wd1.myworkdaysite.com/recruiting/imeg/Imeg_Careers/job/Denver-Metro-CO/Mechanical-Engineering-Intern---Greenwood-Village--CO_R-16570-1
breezy:north-wind-group:206627bdd565,North Wind Group,Structural Engineering Intern 04206 LBYD,Not stated,True,,Internship,,Structures & Materials,"HUNTSVILLE, AL",unknown,,,,2026-08-19T19:43:51.263Z,exact,2026-09-14T15:11:13Z,https://north-wind-group.breezy.hr/p/206627bdd565-structural-engineering-intern-04206-lbyd
greenhouse:freeformfuturecorp:7895700003,Freeform,Manufacturing Engineering Intern (Summer 2027),Summer 2027,False,,Internship,,Manufacturing & Process,"Los Angeles, CA (On-site)",unknown,,$30/hr,CNC; Machining; Additive Manufacturing; DFM,2026-08-19T18:59:11-04:00,exact,2026-09-14T15:11:13Z,https://job-boards.greenhouse.io/freeformfuturecorp/jobs/7895700003
greenhouse:freeformfuturecorp:7895787003,Freeform,Process Engineering Intern (Summer 2027),Summer 2027,False,,Internship,,Manufacturing & Process,"Los Angeles, CA (On-site)",unknown,,$30/hr,MATLAB; Python; Additive Manufacturing; Metrology,2026-08-19T18:59:03-04:00,exact,2026-09-14T15:11:13Z,https://job-boards.greenhouse.io/freeformfuturecorp/jobs/7895787003
greenhouse:freeformfuturecorp:7907965003,Freeform,Materials Engineering Intern (Summer 2027),Summer 2027,False,,Internship,,Structures & Materials,"Los Angeles, CA (On-site)",unknown,,$30/hr,Additive Manufacturing; Instron,2026-08-19T18:53:47-04:00,exact,2026-09-14T15:11:13Z,https://job-boards.greenhouse.io/freeformfuturecorp/jobs/7907965003
workday:elanco:/job/Clinton-IN/Manufacturing-Scientist-Technical-Services-Intern---Clinton--Indiana--Summer-2027-_R0026869-1,Elanco,"Manufacturing Scientist/Technical Services Intern – Clinton, Indiana (Summer 2027)",Summer 2027,False,,Internship,,Manufacturing & Process,"Clinton, IN",unknown,,$20–$40/hr,,2026-08-19T00:00:00Z,date_only,2026-09-14T15:11:13Z,https://elanco.wd5.myworkdayjobs.com/External_Career/job/Clinton-IN/Manufacturing-Scientist-Technical-Services-Intern---Clinton--Indiana--Summer-2027-_R0026869-1
workday:imeg:/job/Idaho-Falls-ID/Mechanical-Engineering-Intern---Idaho-Falls--ID_R-16541,IMEG,"Mechanical Engineering Intern | Idaho Falls, ID",Summer 2027,False,,Internship,,Design & CAD,"Idaho Falls, ID",no-sponsorship,10,,AutoCAD; Excel,2026-08-19T00:00:00Z,date_only,2026-09-14T15:11:13Z,https://wd1.myworkdaysite.com/recruiting/imeg/Imeg_Careers/job/Idaho-Falls-ID/Mechanical-Engineering-Intern---Idaho-Falls--ID_R-16541
workday:imeg:/job/Idaho-Falls-ID/Structural-Engineering-Intern---Idaho-Falls--ID_R-16544,IMEG,"Structural Engineering Intern | Idaho Falls, ID",Summer 2027,False,,Internship,,Structures & Materials,"Idaho Falls, ID",no-sponsorship,10,,AutoCAD; Revit; Excel,2026-08-19T00:00:00Z,date_only,2026-09-14T15:11:13Z,https://wd1.myworkdaysite.com/recruiting/imeg/Imeg_Careers/job/Idaho-Falls-ID/Structural-Engineering-Intern---Idaho-Falls--ID_R-16544
workday:imeg:/job/Naperville-IL/Mechanical-Engineering-Intern---Naperville--IL_R-16471,IMEG,"Mechanical Engineering Intern | Naperville, IL",Summer 2027,False,,Internship,,Design & CAD,"Naperville, IL",no-sponsorship,10,$22–$24/hr,AutoCAD; Excel,2026-08-19T00:00:00Z,date_only,2026-09-14T15:11:13Z,https://wd1.myworkdaysite.com/recruiting/imeg/Imeg_Careers/job/Naperville-IL/Mechanical-Engineering-Intern---Naperville--IL_R-16471
ashby:h3x-technologies:6af49576-a61d-480c-b155-3e034e2ed5be,H3X Technologies,Advanced Manufacturing Engineering Intern (Spring),Summer 2027,False,,Internship,,Manufacturing & Process,"Louisville, Colorado",unknown,,$23–$37/hr,SolidWorks; GD&T; Machining; Composites; Lean; Metrology,2026-08-18T17:11:32.170+00:00,exact,2026-09-14T15:11:13Z,https://jobs.ashbyhq.com/h3x-technologies/6af49576-a61d-480c-b155-3e034e2ed5be
ashby:h3x-technologies:7add5fe2-8e3e-4817-b88a-34d803ba86f9,H3X Technologies,Mechanical Design Engineer Intern (Spring),Not stated,True,,Internship,,Design & CAD,"Louisville, Colorado",unknown,,$23–$37/hr,SolidWorks; GD&T; FEA; CFD; Machining; Composites,2026-08-18T17:02:55.814+00:00,exact,2026-09-14T15:11:13Z,https://jobs.ashbyhq.com/h3x-technologies/7add5fe2-8e3e-4817-b88a-34d803ba86f9
ashby:h3x-technologies:be8855c5-f8c7-4f09-bd3f-04ecbcf4b42d,H3X Technologies,Test Engineering Intern (Spring),Summer 2027,False,,Internship,,Test & Quality,"Louisville, Colorado",unknown,,$23–$37/hr,SolidWorks,2026-08-18T18:51:36.580+00:00,exact,2026-09-14T15:11:13Z,https://jobs.ashbyhq.com/h3x-technologies/be8855c5-f8c7-4f09-bd3f-04ecbcf4b42d
greenhouse:freeformfuturecorp:7894117003,Freeform,Mechanical Engineering Intern (Summer 2027),Summer 2027,False,,Internship,,Design & CAD,"Los Angeles, CA (On-site)",unknown,,$30/hr,Tolerance Analysis; Additive Manufacturing,2026-08-18T13:58:31-04:00,exact,2026-09-14T15:11:13Z,https://job-boards.greenhouse.io/freeformfuturecorp/jobs/7894117003
smartrecruiters:Wabtec:3743990014653896,Wabtec,Summer 2027 Manufacturing Operations/Supply Chain Internship,Summer 2027,False,,Internship,,Manufacturing & Process,"Erie, PA, United States",unknown,,$16–$27/hr,,2026-08-18T17:30:30.712Z,exact,2026-09-14T15:11:13Z,https://jobs.smartrecruiters.com/Wabtec/3743990014653896
workday:imeg:/job/Minneapolis-MN/Structural-Engineering-Intern---Minneapolis--MN_R-16483,IMEG,"Structural Engineering Intern | Minneapolis, MN",Summer 2027,False,,Internship,,Structures & Materials,"Minneapolis, MN",no-sponsorship,10,$22–$24/hr,AutoCAD; Excel,2026-08-18T00:00:00Z,date_only,2026-09-14T15:11:13Z,https://wd1.myworkdaysite.com/recruiting/imeg/Imeg_Careers/job/Minneapolis-MN/Structural-Engineering-Intern---Minneapolis--MN_R-16483
workday:imeg:/job/Rock-Island-IL/Mechanical-Engineering-Intern---Rock-Island--IL_R-16366,IMEG,"Mechanical Engineering Intern | Rock Island, IL",Summer 2027,False,,Internship,,Design & CAD,"Rock Island, IL",no-sponsorship,10,$22–$24/hr,AutoCAD; Excel,2026-08-18T00:00:00Z,date_only,2026-09-14T15:11:13Z,https://wd1.myworkdaysite.com/recruiting/imeg/Imeg_Careers/job/Rock-Island-IL/Mechanical-Engineering-Intern---Rock-Island--IL_R-16366
workday:imeg:/job/Rock-Island-IL/Mechanical-Engineering-Intern---Rock-Island--IL_R-16375,IMEG,"Mechanical Engineering Intern | Rock Island, IL",Summer 2027,False,,Internship,,Design & CAD,"Rock Island, IL",no-sponsorship,10,$22–$24/hr,AutoCAD; Excel,2026-08-18T00:00:00Z,date_only,2026-09-14T15:11:13Z,https://wd1.myworkdaysite.com/recruiting/imeg/Imeg_Careers/job/Rock-Island-IL/Mechanical-Engineering-Intern---Rock-Island--IL_R-16375
lever:tri:186808f9-464c-4f22-9d7d-4372ef272ff0,Toyota Research Institute,Robotics Research Intern - Post-Training,Not stated,True,,Internship,,Robotics & Controls,"Los Altos, CA",unknown,10,$65/hr,Python,2026-08-17T15:31:45Z,exact,2026-09-14T15:11:13Z,https://jobs.lever.co/tri/186808f9-464c-4f22-9d7d-4372ef272ff0
oracle:emit.fa.ca3.oraclecloud.com:93152,WSP,Power Distribution Design Engineering Intern - Summer 2027,Summer 2027,False,,Internship,,Design & CAD,"The Woodlands, TX, United States; Spring, TX, United States",unknown,,,AutoCAD; Excel,2026-08-17,date_only,2026-09-14T15:11:13Z,https://emit.fa.ca3.oraclecloud.com/hcmUI/CandidateExperience/en/sites/CX_2001/job/93152
workday:imeg:/job/Dallas-TX/Structural-Engineering-Intern---Dallas--TX_R-16424,IMEG,"Structural Engineering Intern | Dallas, TX",Summer 2027,False,,Internship,,Structures & Materials,"Dallas, TX",no-sponsorship,10,,AutoCAD; Excel,2026-08-17T00:00:00Z,date_only,2026-09-14T15:11:13Z,https://wd1.myworkdaysite.com/recruiting/imeg/Imeg_Careers/job/Dallas-TX/Structural-Engineering-Intern---Dallas--TX_R-16424
workday:imeg:/job/Fort-Worth-TX/Structural-Engineering-Intern---Fort-Worth--TX_R-16423,IMEG,"Structural Engineering Intern | Fort Worth, TX",Summer 2027,False,,Internship,,Structures & Materials,"Fort Worth, TX",no-sponsorship,10,,AutoCAD; Excel,2026-08-17T00:00:00Z,date_only,2026-09-14T15:11:13Z,https://wd1.myworkdaysite.com/recruiting/imeg/Imeg_Careers/job/Fort-Worth-TX/Structural-Engineering-Intern---Fort-Worth--TX_R-16423
workday:imeg:/job/Houston-TX/Structural-Engineering-Intern---Houston--TX_R-15014,IMEG,"Structural Engineering Intern | Houston, TX",Summer 2027,False,,Internship,,Structures & Materials,"Houston, TX",no-sponsorship,10,,AutoCAD; Excel,2026-08-17T00:00:00Z,date_only,2026-09-14T15:11:13Z,https://wd1.myworkdaysite.com/recruiting/imeg/Imeg_Careers/job/Houston-TX/Structural-Engineering-Intern---Houston--TX_R-15014
workday:imeg:/job/Madison-WI/Mechanical-Engineering-Intern---Madison--WI_R-16461,IMEG,"Mechanical Engineering Intern | Madison, WI",Summer 2027,False,,Internship,,Design & CAD,"Madison, WI",no-sponsorship,10,$22–$24/hr,AutoCAD; Excel,2026-08-17T00:00:00Z,date_only,2026-09-14T15:11:13Z,https://wd1.myworkdaysite.com/recruiting/imeg/Imeg_Careers/job/Madison-WI/Mechanical-Engineering-Intern---Madison--WI_R-16461
workday:imeg:/job/Minneapolis-MN/Mechanical-Engineering-Intern---Minneapolis--MN_R-16463,IMEG,"Mechanical Engineering Intern | Minneapolis, MN",Summer 2027,False,,Internship,,Design & CAD,"Minneapolis, MN",no-sponsorship,10,$22–$24/hr,AutoCAD; Excel,2026-08-17T00:00:00Z,date_only,2026-09-14T15:11:13Z,https://wd1.myworkdaysite.com/recruiting/imeg/Imeg_Careers/job/Minneapolis-MN/Mechanical-Engineering-Intern---Minneapolis--MN_R-16463
workday:imeg:/job/Rogers-AR/Mechanical-Engineering-Intern---Rogers--AR_R-16495,IMEG,"Mechanical Engineering Intern | Rogers, AR",Summer 2027,False,,Internship,,Design & CAD,"Rogers, AR",no-sponsorship,10,,AutoCAD; Excel,2026-08-17T00:00:00Z,date_only,2026-09-14T15:11:13Z,https://wd1.myworkdaysite.com/recruiting/imeg/Imeg_Careers/job/Rogers-AR/Mechanical-Engineering-Intern---Rogers--AR_R-16495
smartrecruiters:BoschGroup:744000143527019,Bosch,Manufacturing Engineering/Operations Co-op - Fall 2026,Fall 2026,False,,Co-op,,Manufacturing & Process,"Pineville, NC, United States",unknown,188,,Excel; CNC; Machining,2026-08-14T14:04:54.250Z,exact,2026-09-14T15:11:13Z,https://jobs.smartrecruiters.com/BoschGroup/744000143527019
workday:globalfoundries:/job/USA---Vermont---Essex-Junction/US-Advanced-Manufacturing-Equipment-Engineering-Intern--Junior--Summer-2027-_JR-2604666,GlobalFoundries,"US Advanced Manufacturing Equipment Engineering Intern, Junior (Summer 2027)",Summer 2027,False,,Internship,,Manufacturing & Process,USA - Vermont - Essex Junction,unknown,,,SPC; Design of Experiments,2026-08-14T00:00:00Z,date_only,2026-09-14T15:30:29Z,https://globalfoundries.wd1.myworkdayjobs.com/External/job/USA---Vermont---Essex-Junction/US-Advanced-Manufacturing-Equipment-Engineering-Intern--Junior--Summer-2027-_JR-2604666
oracle:egug.fa.us2.oraclecloud.com:26012319,American Express,"Campus Undergraduate Summer Internship Program - 2027 Industrial Engineering, Global Servicing- Phoenix, AZ",Summer 2027,False,,Internship,,Manufacturing & Process,"Phoenix, AZ, United States",unknown,133,,Excel; Six Sigma; SPC; Design of Experiments,2026-08-13,date_only,2026-09-14T15:11:13Z,https://egug.fa.us2.oraclecloud.com/hcmUI/CandidateExperience/en/sites/CX_1/job/26012319
oracle:egug.fa.us2.oraclecloud.com:26012325,American Express,"Campus Undergraduate Summer Internship Program - 2027 Industrial Engineering, Global Servicing- Sunrise, FL",Summer 2027,False,,Internship,,Manufacturing & Process,"Sunrise, FL, United States",unknown,133,,Excel; Six Sigma; SPC; Design of Experiments,2026-08-13,date_only,2026-09-14T15:11:13Z,https://egug.fa.us2.oraclecloud.com/hcmUI/CandidateExperience/en/sites/CX_1/job/26012325
lever:nexuse-group:803bdf77-0351-44ac-a61c-febd0c15f44b,Nexus Engineering Group,Chemical Process Engineering Internship or Co-Op (Summer 2027),Summer 2027,False,,Internship / Co-op,,Manufacturing & Process,"Cleveland, OH",unknown,2,,Excel; Hydraulics,2026-08-12T19:36:22Z,exact,2026-09-14T15:11:13Z,https://jobs.lever.co/nexuse-group/803bdf77-0351-44ac-a61c-febd0c15f44b
lever:nexuse-group:9732456a-5672-4cf2-bcdb-721159c0d8a6,Nexus Engineering Group,Instrumentation & Controls Engineer Intern or Co-Op (Summer 2027),Summer 2027,False,,Internship / Co-op,,Robotics & Controls,"Cleveland, OH",unknown,2,,AutoCAD; Excel,2026-08-12T19:35:16Z,exact,2026-09-14T15:11:13Z,https://jobs.lever.co/nexuse-group/9732456a-5672-4cf2-bcdb-721159c0d8a6
ashby:odys-aviation:8f5e460a-98a4-4fd8-b880-d22071faa29f,Odys Aviation,Mechanical Engineering Intern/Co-Op [Propulsion],Not stated,True,,Internship / Co-op,,Aerospace & Defense,Long Beach CA,unknown,,,SolidWorks; Machining; Additive Manufacturing,2026-08-11T20:40:33.146+00:00,exact,2026-09-14T15:11:13Z,https://jobs.ashbyhq.com/odys-aviation/8f5e460a-98a4-4fd8-b880-d22071faa29f
workday:globalfoundries:/job/USA---Texas---Richardson/XMLNAME-1H-University-Intern---PVD-Equipment_JR-2502699,GlobalFoundries,IP & Design Engineering Intern (Fall 2026),Fall 2026,False,,Internship,,Design & CAD,USA - Texas - Richardson,unknown,,,Casting,2026-08-06T00:00:00Z,date_only,2026-09-14T15:30:29Z,https://globalfoundries.wd1.myworkdayjobs.com/External/job/USA---Texas---Richardson/XMLNAME-1H-University-Intern---PVD-Equipment_JR-2502699
lever:nexuse-group:1c99ce4b-dfc4-423d-af93-ef73557baf4d,Nexus Engineering Group,Piping Internship or Co-Op (Summer 2027),Summer 2027,False,,Internship / Co-op,,Thermal & Fluids,"Maumee, OH",unknown,2,,Inventor; AutoCAD; Excel,2026-08-05T15:05:18Z,exact,2026-09-14T15:11:13Z,https://jobs.lever.co/nexuse-group/1c99ce4b-dfc4-423d-af93-ef73557baf4d
lever:nexuse-group:a284c926-1072-4dff-9e62-c07365503224,Nexus Engineering Group,Civil/Structural Engineer Internship or Co-Op (Summer 2027),Summer 2027,False,,Internship / Co-op,,Structures & Materials,"Maumee, OH",unknown,2,,AutoCAD; Revit; FEA; Excel,2026-08-05T14:45:34Z,exact,2026-09-14T15:11:13Z,https://jobs.lever.co/nexuse-group/a284c926-1072-4dff-9e62-c07365503224
greenhouse:phoenixcontact:7817228003,Phoenix Contact,Manufacturing Co-Op - High School Students,Fall 2026,False,,Co-op,,Manufacturing & Process,"Middletown, Pennsylvania",unknown,,,,2026-08-04T13:39:08-04:00,exact,2026-09-14T15:11:13Z,https://job-boards.greenhouse.io/phoenixcontact/jobs/7817228003
workday:heinz:/job/Garland-TX/XMLNAME-2027-US-Manufacturing-Internship-Program---Manufacturing-Facility-Garland--Texas_R-105352,Kraft Heinz,"2027 US Manufacturing Internship Program – Manufacturing Facility Garland, Texas",Summer 2027,False,,Internship,,Manufacturing & Process,"Garland, TX",unknown,,,,2026-08-03T00:00:00Z,date_only,2026-09-14T15:11:13Z,https://heinz.wd1.myworkdayjobs.com/KraftHeinz_Careers_UR/job/Garland-TX/XMLNAME-2027-US-Manufacturing-Internship-Program---Manufacturing-Facility-Garland--Texas_R-105352
workday:heinz:/job/Fremont-OH/XMLNAME-2027-US-Manufacturing-Internship-Program---Manufacturing-Facility-Fremont--Ohio_R-105282,Kraft Heinz,"2027 US Manufacturing Internship Program – Manufacturing Facility Fremont, Ohio",Summer 2027,False,,Internship,,Manufacturing & Process,"Fremont, OH",unknown,,,,2026-07-31T00:00:00Z,date_only,2026-09-14T15:11:13Z,https://heinz.wd1.myworkdayjobs.com/KraftHeinz_Careers_UR/job/Fremont-OH/XMLNAME-2027-US-Manufacturing-Internship-Program---Manufacturing-Facility-Fremont--Ohio_R-105282
workday:heinz:/job/Kirksville-MO/XMLNAME-2027-US-Manufacturing-Internship-Program---Manufacturing-Facility-Kirksville--Missouri_R-105273,Kraft Heinz,"2027 US Manufacturing Internship Program – Manufacturing Facility Kirksville, Missouri",Summer 2027,False,,Internship,,Manufacturing & Process,"Kirksville, MO",unknown,,,,2026-07-31T00:00:00Z,date_only,2026-09-14T15:11:13Z,https://heinz.wd1.myworkdayjobs.com/KraftHeinz_Careers_UR/job/Kirksville-MO/XMLNAME-2027-US-Manufacturing-Internship-Program---Manufacturing-Facility-Kirksville--Missouri_R-105273
workday:heinz:/job/Winchester-VA/XMLNAME-2027-US-Manufacturing-Internship-Program---Manufacturing-Facility-Winchester--Virginia_R-105276,Kraft Heinz,"2027 US Manufacturing Internship Program – Manufacturing Facility Winchester, Virginia",Summer 2027,False,,Internship,,Manufacturing & Process,"Winchester, VA",unknown,,,,2026-07-31T00:00:00Z,date_only,2026-09-14T15:11:13Z,https://heinz.wd1.myworkdayjobs.com/KraftHeinz_Careers_UR/job/Winchester-VA/XMLNAME-2027-US-Manufacturing-Internship-Program---Manufacturing-Facility-Winchester--Virginia_R-105276
lever:nexuse-group:fd0f60a1-bee2-4ff2-8d90-ef42d1fc033f,Nexus Engineering Group,Civil/Structural Engineer Internship or Co-Op (Summer 2027),Summer 2027,False,,Internship / Co-op,,Structures & Materials,"Cleveland, OH",unknown,2,,AutoCAD; Revit; FEA; Excel,2026-07-27T18:32:20Z,exact,2026-09-14T15:11:13Z,https://jobs.lever.co/nexuse-group/fd0f60a1-bee2-4ff2-8d90-ef42d1fc033f
greenhouse:kairospower:6123676004,Kairos Power,Mechanical and Manufacturing Engineering Internship - Summer 2027,Summer 2027,False,,Internship,,Manufacturing & Process,"Alameda, CA, Albuquerque, NM, or Oak Ridge, TN",unknown,3,,SolidWorks; AutoCAD; GD&T; ANSYS; MATLAB; Excel,2026-07-23T16:03:32-04:00,exact,2026-09-14T15:11:13Z,https://job-boards.greenhouse.io/kairospower/jobs/6123676004
greenhouse:kairospower:6123830004,Kairos Power,Nuclear Engineering Internship - Summer 2027,Summer 2027,False,,Internship,,Energy & Power,"Alameda, CA, Albuquerque, NM, Oak Ridge, TN",unknown,3,,CFD; MATLAB; Python; C++; Excel; Hydraulics,2026-07-23T18:04:30-04:00,exact,2026-09-14T15:11:13Z,https://job-boards.greenhouse.io/kairospower/jobs/6123830004
lever:hermeus:943f51e4-5b26-432c-ae85-de5f43cadb86,Hermeus,Propulsion Engineering Intern - Spring/Summer/Fall 2027,Summer 2027,False,,Internship,,Aerospace & Defense,"Los Angeles, CA",citizens-only,,25–33 USD/hr,,2026-07-23T23:21:38Z,exact,2026-09-14T15:11:13Z,https://jobs.lever.co/hermeus/943f51e4-5b26-432c-ae85-de5f43cadb86
workday:cat:/job/San-Diego-California/XMLNAME-2027--Gas-Turbine-Product-Engineering-Internship_R0000382293,Solar Turbines,2027  Gas Turbine Product Engineering Internship,Summer 2027,False,,Internship,,Thermal & Fluids,"San Diego, California",no-sponsorship,17,,,2026-07-23T00:00:00Z,date_only,2026-09-14T15:11:13Z,https://cat.wd5.myworkdayjobs.com/solarturbines/job/San-Diego-California/XMLNAME-2027--Gas-Turbine-Product-Engineering-Internship_R0000382293
workday:cat:/job/San-Diego-California/XMLNAME-2027-Internship-Turbomachinery-Operations_R0000382942,Solar Turbines,2027 Internship Turbomachinery Operations,Summer 2027,False,,Internship,,Aerospace & Defense,"San Diego, California",no-sponsorship,17,,Creo; CNC; Machining; PLM/PDM,2026-07-23T00:00:00Z,date_only,2026-09-14T15:11:13Z,https://cat.wd5.myworkdayjobs.com/solarturbines/job/San-Diego-California/XMLNAME-2027-Internship-Turbomachinery-Operations_R0000382942
greenhouse:kairospower:6122803004,Kairos Power,Chemical and Materials Engineering Internship - Summer 2027,Summer 2027,False,,Internship,,Structures & Materials,"Alameda, CA, Albuquerque, NM or Oak Ridge, TN",unknown,3,,AutoCAD; MATLAB; Python; Excel,2026-07-22T15:11:37-04:00,exact,2026-09-14T15:11:13Z,https://job-boards.greenhouse.io/kairospower/jobs/6122803004
workday:mosaic:/job/US---Tampa-FL-Lithia-area/Structural-Engineer-Co-Op-Intern---Summer-2027_64448,Mosaic,Structural Engineer Co-Op/Intern - Summer 2027,Summer 2027,False,,Internship / Co-op,,Structures & Materials,"US - Tampa, FL (Lithia area)",unknown,9,,,2026-07-22T00:00:00Z,date_only,2026-09-14T15:11:13Z,https://mosaic.wd5.myworkdayjobs.com/mosaic/job/US---Tampa-FL-Lithia-area/Structural-Engineer-Co-Op-Intern---Summer-2027_64448
ashby:alloyenterprises:946e7ae1-d2ac-4889-a72a-268b0aeda9bd,Alloy Enterprises,"Co-Op, Thermal Test Engineer, Fall 2026 (July-December)",Fall 2026,False,,Co-op,,Thermal & Fluids,"Burlington, MA",no-sponsorship,,$23–$28/hr,SolidWorks; Onshape; MATLAB; Python; Casting,2026-03-25T21:04:53.149+00:00,exact,2026-09-14T15:11:13Z,https://jobs.ashbyhq.com/alloyenterprises/946e7ae1-d2ac-4889-a72a-268b0aeda9bd
greenhouse:mill:4674154005,Mill,"Product Design Engineering Intern, Fall/Winter 2026",Fall 2026,False,,Internship,,Design & CAD,"San Bruno, California",no-sponsorship,2,,FEA; DFM,2026-03-17T14:28:31-04:00,exact,2026-09-16T16:38:32Z,https://job-boards.greenhouse.io/mill/jobs/4674154005
amazon:amazon:3145033,Amazon,"Robotics - Hardware Development Engineer Intern/Co-op - 2026 (Robotics, Mechanical, Electrical, Hardware Test, Reliability, Failure Analysis, Operations, and more)",Fall 2026,False,,Internship / Co-op,,Robotics & Controls,"Westboro, Massachusetts, USA",unknown,23139,,,2025-12-17T00:00:00Z,date_only,2026-09-14T15:11:13Z,https://www.amazon.jobs/en/jobs/3145033/robotics-hardware-development-engineer-intern-co-op-2026-robotics-mechanical-electrical-hardware-test-reliability-failure-analysis-operations-and-more
rippling:collieraerospace:c1fcbdc3-fe19-4209-b080-15a5db8c75e1,Collier Aerospace,NCSG Aerospace Methods & Automations Intern (Summer 2027),Summer 2027,False,,Internship,,Aerospace & Defense,"Raleigh, NC",unknown,,,,,,2026-09-14T15:11:13Z,https://ats.rippling.com/collieraerospace/jobs/c1fcbdc3-fe19-4209-b080-15a5db8c75e1
rippling:collieraerospace:e132478d-3a1c-4bb6-9f57-002df2853f0c,Collier Aerospace,NCSG Aerospace Structural Engineering Intern (Summer 2027),Summer 2027,False,,Internship,,Aerospace & Defense,"Raleigh, NC",unknown,,,,,,2026-09-14T15:11:13Z,https://ats.rippling.com/collieraerospace/jobs/e132478d-3a1c-4bb6-9f57-002df2853f0c
rippling:rev-robotics:6f40fd69-7d97-4142-a5fa-3c535a0b3e6e,REV Robotics,Mechanical Engineering INTERN 2027,Summer 2027,False,,Internship,,Design & CAD,"Carrollton, TX",unknown,,,,,,2026-09-18T09:38:51Z,https://ats.rippling.com/rev-robotics/jobs/6f40fd69-7d97-4142-a5fa-3c535a0b3e6e
rippling:usare:affd3b55-48c3-4d5d-88f4-859441845337,American Rare Earths,Manufacturing Intern (Summer 2027),Summer 2027,False,,Internship,,Manufacturing & Process,"Stillwater, OK",unknown,,,,,,2026-09-14T20:01:07Z,https://ats.rippling.com/usare/jobs/affd3b55-48c3-4d5d-88f4-859441845337
rippling:usare:b6210346-8f69-4d89-9900-d450a0a62c44,American Rare Earths,R&D Process Engineering Intern (Summer 2027),Summer 2027,False,,Internship,,Manufacturing & Process,"Wheat Ridge, CO",unknown,,,,,,2026-09-14T15:11:13Z,https://ats.rippling.com/usare/jobs/b6210346-8f69-4d89-9900-d450a0a62c44
